o CompleteWovenLattice
v -0.9015147186257614 -0.4815147186257616 -0.012363734711837004
v -0.9039999999999999 -0.4840000000000002 -0.003878453337598434
v -0.9099999999999999 -0.4900000000000002 -0.0003637347118370035
v -0.9159999999999999 -0.4960000000000002 -0.0038784533375984323
v -0.9184852813742385 -0.4984852813742388 -0.012363734711837002
v -0.9159999999999999 -0.4960000000000002 -0.020849016086075575
v -0.9099999999999999 -0.4900000000000002 -0.024363734711837004
v -0.9039999999999999 -0.4840000000000002 -0.020849016086075575
v -0.8731813852924282 -0.5098480519590949 -0.010902717383290511
v -0.8756666666666667 -0.5123333333333334 -0.0024174360090519417
v -0.8816666666666667 -0.5183333333333334 0.0010972826167094888
v -0.8876666666666667 -0.5243333333333334 -0.00241743600905194
v -0.8901519480409052 -0.526818614707572 -0.01090271738329051
v -0.8876666666666667 -0.5243333333333334 -0.01938799875752908
v -0.8816666666666667 -0.5183333333333334 -0.022902717383290513
v -0.8756666666666667 -0.5123333333333334 -0.019387998757529085
v -0.8448480519590948 -0.5381813852924282 -0.001358870022479523
v -0.8473333333333334 -0.5406666666666667 0.007126411351759046
v -0.8533333333333334 -0.5466666666666667 0.010641129977520477
v -0.8593333333333334 -0.5526666666666668 0.007126411351759048
v -0.8618186147075719 -0.5551519480409053 -0.0013588700224795216
v -0.8593333333333334 -0.5526666666666668 -0.009844151396718093
v -0.8533333333333334 -0.5466666666666667 -0.013358870022479524
v -0.8473333333333334 -0.5406666666666667 -0.009844151396718097
v -0.8165147186257616 -0.5665147186257614 0.009192388155425078
v -0.8190000000000002 -0.569 0.017677669529663646
v -0.8250000000000002 -0.575 0.02119238815542508
v -0.8310000000000002 -0.581 0.01767766952966365
v -0.8334852813742387 -0.5834852813742385 0.00919238815542508
v -0.8310000000000002 -0.581 0.0007071067811865086
v -0.8250000000000002 -0.575 -0.002807611844574922
v -0.8190000000000002 -0.569 0.0007071067811865051
v -0.9015147186257614 -0.28151471862576166 0.012363734711837004
v -0.9039999999999999 -0.28400000000000025 0.020849016086075575
v -0.9099999999999999 -0.29000000000000026 0.024363734711837004
v -0.9159999999999999 -0.29600000000000026 0.020849016086075575
v -0.9184852813742385 -0.29848528137423885 0.012363734711837005
v -0.9159999999999999 -0.29600000000000026 0.003878453337598434
v -0.9099999999999999 -0.29000000000000026 0.0003637347118370035
v -0.9039999999999999 -0.28400000000000025 0.0038784533375984306
v -0.8698480519590948 -0.3131813852924283 0.010102897498940586
v -0.8723333333333333 -0.3156666666666669 0.018588178873179158
v -0.8783333333333333 -0.3216666666666669 0.022102897498940587
v -0.8843333333333333 -0.3276666666666669 0.018588178873179158
v -0.8868186147075718 -0.3301519480409055 0.010102897498940588
v -0.8843333333333333 -0.3276666666666669 0.0016176161247020166
v -0.8783333333333333 -0.3216666666666669 -0.001897102501059414
v -0.8723333333333333 -0.3156666666666669 0.0016176161247020131
v -0.8381813852924281 -0.3448480519590949 -0.0013588700224794836
v -0.8406666666666667 -0.3473333333333335 0.007126411351759086
v -0.8466666666666667 -0.3533333333333335 0.010641129977520517
v -0.8526666666666667 -0.3593333333333335 0.007126411351759088
v -0.8551519480409052 -0.3618186147075721 -0.0013588700224794821
v -0.8526666666666667 -0.3593333333333335 -0.009844151396718053
v -0.8466666666666667 -0.3533333333333335 -0.013358870022479484
v -0.8406666666666667 -0.3473333333333335 -0.009844151396718057
v -0.8065147186257615 -0.3765147186257615 -0.011583084814448788
v -0.809 -0.3790000000000001 -0.0030978034402102186
v -0.8150000000000001 -0.3850000000000001 0.0004169151855512119
v -0.8210000000000001 -0.3910000000000001 -0.003097803440210217
v -0.8234852813742386 -0.3934852813742387 -0.011583084814448787
v -0.8210000000000001 -0.3910000000000001 -0.020068366188687358
v -0.8150000000000001 -0.3850000000000001 -0.02358308481444879
v -0.809 -0.3790000000000001 -0.02006836618868736
v -0.7748480519590949 -0.4081813852924282 -0.011258330249197705
v -0.7773333333333334 -0.4106666666666668 -0.002773048874959135
v -0.7833333333333334 -0.4166666666666668 0.0007416697508022957
v -0.7893333333333334 -0.4226666666666668 -0.002773048874959133
v -0.791818614707572 -0.4251519480409054 -0.011258330249197703
v -0.7893333333333334 -0.4226666666666668 -0.019743611623436276
v -0.7833333333333334 -0.4166666666666668 -0.023258330249197705
v -0.7773333333333334 -0.4106666666666668 -0.019743611623436276
v -0.7431813852924282 -0.4398480519590948 -0.0006803674311582482
v -0.7456666666666667 -0.4423333333333334 0.007804913943080321
v -0.7516666666666667 -0.4483333333333334 0.011319632568841753
v -0.7576666666666667 -0.4543333333333334 0.007804913943080323
v -0.7601519480409052 -0.456818614707572 -0.0006803674311582467
v -0.7576666666666667 -0.4543333333333334 -0.009165648805396817
v -0.7516666666666667 -0.4483333333333334 -0.012680367431158248
v -0.7456666666666667 -0.4423333333333334 -0.00916564880539682
v -0.7115147186257617 -0.47151471862576144 0.01051722092687429
v -0.7140000000000002 -0.47400000000000003 0.01900250230111286
v -0.7200000000000002 -0.48000000000000004 0.02251722092687429
v -0.7260000000000002 -0.48600000000000004 0.01900250230111286
v -0.7284852813742387 -0.48848528137423863 0.010517220926874292
v -0.7260000000000002 -0.48600000000000004 0.00203193955263572
v -0.7200000000000002 -0.48000000000000004 -0.0014827790731257104
v -0.7140000000000002 -0.47400000000000003 0.0020319395526357167
v -0.6798480519590949 -0.5031813852924282 0.012136545544463645
v -0.6823333333333335 -0.5056666666666667 0.020621826918702214
v -0.6883333333333335 -0.5116666666666667 0.024136545544463643
v -0.6943333333333335 -0.5176666666666667 0.020621826918702214
v -0.696818614707572 -0.5201519480409053 0.012136545544463646
v -0.6943333333333335 -0.5176666666666667 0.003651264170225075
v -0.6883333333333335 -0.5116666666666667 0.00013654554446364438
v -0.6823333333333335 -0.5056666666666667 0.0036512641702250714
v -0.6481813852924283 -0.5348480519590948 0.002702851980630908
v -0.6506666666666668 -0.5373333333333333 0.011188133354869477
v -0.6566666666666668 -0.5433333333333333 0.01470285198063091
v -0.6626666666666668 -0.5493333333333333 0.01118813335486948
v -0.6651519480409054 -0.5518186147075719 0.0027028519806309094
v -0.6626666666666668 -0.5493333333333333 -0.005782429393607662
v -0.6566666666666668 -0.5433333333333333 -0.009297148019369091
v -0.6506666666666668 -0.5373333333333333 -0.005782429393607665
v -0.6165147186257617 -0.5665147186257614 -0.009192388155425077
v -0.6190000000000002 -0.569 -0.0007071067811865069
v -0.6250000000000002 -0.575 0.0028076118445749237
v -0.6310000000000002 -0.581 -0.0007071067811865051
v -0.6334852813742388 -0.5834852813742385 -0.009192388155425075
v -0.6310000000000002 -0.581 -0.017677669529663646
v -0.6250000000000002 -0.575 -0.021192388155425075
v -0.6190000000000002 -0.569 -0.01767766952966365
v -0.9015147186257614 -0.08151471862576151 -0.012363734711837005
v -0.9039999999999999 -0.08400000000000007 -0.0038784533375984358
v -0.9099999999999999 -0.09000000000000008 -0.00036373471183700525
v -0.9159999999999999 -0.09600000000000009 -0.003878453337598434
v -0.9184852813742385 -0.09848528137423865 -0.012363734711837004
v -0.9159999999999999 -0.09600000000000009 -0.020849016086075575
v -0.9099999999999999 -0.09000000000000008 -0.024363734711837004
v -0.9039999999999999 -0.08400000000000007 -0.02084901608607558
v -0.8712022186257614 -0.1118272186257615 -0.010441697909248355
v -0.8736875 -0.11431250000000007 -0.0019564165350097855
v -0.8796875 -0.12031250000000007 0.001558302090751645
v -0.8856875 -0.12631250000000008 -0.0019564165350097838
v -0.8881727813742385 -0.12879778137423864 -0.010441697909248353
v -0.8856875 -0.12631250000000008 -0.018926979283486925
v -0.8796875 -0.12031250000000007 -0.022441697909248354
v -0.8736875 -0.11431250000000007 -0.01892697928348693
v -0.8408897186257615 -0.1421397186257615 0.0002552380019881865
v -0.843375 -0.14462500000000006 0.008740519376226757
v -0.849375 -0.15062500000000006 0.012255238001988187
v -0.855375 -0.15662500000000007 0.008740519376226758
v -0.8578602813742385 -0.15911028137423863 0.00025523800198818796
v -0.855375 -0.15662500000000007 -0.008230043372250383
v -0.849375 -0.15062500000000006 -0.011744761998011813
v -0.843375 -0.14462500000000006 -0.008230043372250386
v -0.8105772186257614 -0.1724522186257615 0.010737679322823372
v -0.8130624999999999 -0.17493750000000005 0.01922296069706194
v -0.8190624999999999 -0.18093750000000006 0.022737679322823372
v -0.8250624999999999 -0.18693750000000006 0.019222960697061944
v -0.8275477813742385 -0.18942278137423862 0.010737679322823374
v -0.8250624999999999 -0.18693750000000006 0.0022523979485848025
v -0.8190624999999999 -0.18093750000000006 -0.001262320677176628
v -0.8130624999999999 -0.17493750000000005 0.002252397948584799
v -0.7802647186257614 -0.20276471862576148 0.012196487366992291
v -0.78275 -0.20525000000000004 0.02068176874123086
v -0.78875 -0.21125000000000005 0.024196487366992293
v -0.79475 -0.21725000000000005 0.020681768741230865
v -0.7972352813742385 -0.21973528137423862 0.012196487366992293
v -0.79475 -0.21725000000000005 0.0037112059927537216
v -0.78875 -0.21125000000000005 0.00019648736699229112
v -0.78275 -0.20525000000000004 0.003711205992753718
v -0.7499522186257614 -0.23307721862576147 0.0034057223000233633
v -0.7524375 -0.23556250000000004 0.011891003674261933
v -0.7584375 -0.24156250000000004 0.015405722300023364
v -0.7644375 -0.24756250000000005 0.011891003674261935
v -0.7669227813742385 -0.2500477813742386 0.0034057223000233646
v -0.7644375 -0.24756250000000005 -0.005079559074215206
v -0.7584375 -0.24156250000000004 -0.008594277699976637
v -0.7524375 -0.23556250000000004 -0.0050795590742152095
v -0.7196397186257614 -0.26338971862576144 -0.00824711269412746
v -0.7221249999999999 -0.26587500000000003 0.0002381686801111102
v -0.7281249999999999 -0.27187500000000003 0.0037528873058725407
v -0.7341249999999999 -0.27787500000000004 0.00023816868011111193
v -0.7366102813742385 -0.28036028137423863 -0.008247112694127458
v -0.7341249999999999 -0.27787500000000004 -0.01673239406836603
v -0.7281249999999999 -0.27187500000000003 -0.02024711269412746
v -0.7221249999999999 -0.26587500000000003 -0.016732394068366033
v -0.6893272186257614 -0.29370221862576146 -0.0129693141402112
v -0.6918124999999999 -0.29618750000000005 -0.00448403276597263
v -0.6978125 -0.30218750000000005 -0.0009693141402111992
v -0.7038125 -0.30818750000000006 -0.004484032765972628
v -0.7062977813742385 -0.31067278137423865 -0.012969314140211198
v -0.7038125 -0.30818750000000006 -0.021454595514449767
v -0.6978125 -0.30218750000000005 -0.0249693141402112
v -0.6918124999999999 -0.29618750000000005 -0.021454595514449774
v -0.6590147186257614 -0.3240147186257614 -0.006792481341307347
v -0.6615 -0.3265 0.0016928000329312224
v -0.6675 -0.3325 0.005207518658692653
v -0.6735 -0.3385 0.001692800032931224
v -0.6759852813742385 -0.3409852813742386 -0.006792481341307346
v -0.6735 -0.3385 -0.015277762715545918
v -0.6675 -0.3325 -0.018792481341307347
v -0.6615 -0.3265 -0.015277762715545921
v -0.6287022186257615 -0.3543272186257614 0.00509255514107543
v -0.6311875 -0.3568125 0.013577836515314
v -0.6371875 -0.3628125 0.01709255514107543
v -0.6431875 -0.3688125 0.013577836515314003
v -0.6456727813742386 -0.3712977813742386 0.005092555141075432
v -0.6431875 -0.3688125 -0.0033927262331631394
v -0.6371875 -0.3628125 -0.00690744485892457
v -0.6311875 -0.3568125 -0.003392726233163143
v -0.5983897186257615 -0.3846397186257614 0.012697956457171335
v -0.600875 -0.387125 0.021183237831409907
v -0.606875 -0.393125 0.024697956457171336
v -0.6128750000000001 -0.399125 0.021183237831409907
v -0.6153602813742386 -0.4016102813742386 0.012697956457171337
v -0.6128750000000001 -0.399125 0.004212675082932766
v -0.606875 -0.393125 0.0006979564571713351
v -0.600875 -0.387125 0.004212675082932762
v -0.5680772186257614 -0.4149522186257614 0.009632364629614474
v -0.5705625 -0.4174375 0.018117646003853044
v -0.5765625 -0.4234375 0.021632364629614473
v -0.5825625 -0.4294375 0.018117646003853044
v -0.5850477813742385 -0.4319227813742386 0.009632364629614476
v -0.5825625 -0.4294375 0.0011470832553759046
v -0.5765625 -0.4234375 -0.002367635370385526
v -0.5705625 -0.4174375 0.0011470832553759011
v -0.5377647186257615 -0.4452647186257614 -0.0015279861669518988
v -0.54025 -0.44775 0.006957295207286671
v -0.54625 -0.45375 0.010472013833048101
v -0.55225 -0.45975 0.006957295207286673
v -0.5547352813742386 -0.4622352813742386 -0.0015279861669518972
v -0.55225 -0.45975 -0.010013267541190468
v -0.54625 -0.45375 -0.013527986166951899
v -0.54025 -0.44775 -0.010013267541190472
v -0.5074522186257615 -0.47557721862576136 -0.011404261847484005
v -0.5099375 -0.47806249999999995 -0.0029189804732454357
v -0.5159375 -0.48406249999999995 0.0005957381525159948
v -0.5219375 -0.49006249999999996 -0.002918980473245434
v -0.5244227813742386 -0.49254778137423855 -0.011404261847484004
v -0.5219375 -0.49006249999999996 -0.019889543221722573
v -0.5159375 -0.48406249999999995 -0.023404261847484006
v -0.5099375 -0.47806249999999995 -0.01988954322172258
v -0.47713971862576143 -0.5058897186257615 -0.011696727692678878
v -0.479625 -0.508375 -0.0032114463184403086
v -0.48562500000000003 -0.514375 0.00030327230732112194
v -0.49162500000000003 -0.520375 -0.003211446318440307
v -0.4941102813742386 -0.5228602813742386 -0.011696727692678877
v -0.49162500000000003 -0.520375 -0.020182009066917448
v -0.48562500000000003 -0.514375 -0.02369672769267888
v -0.479625 -0.508375 -0.02018200906691745
v -0.4468272186257614 -0.5362022186257615 -0.0021596039158949354
v -0.4493125 -0.5386875 0.006325677458343634
v -0.4553125 -0.5446875 0.009840396084105064
v -0.4613125 -0.5506875 0.006325677458343636
v -0.4637977813742386 -0.5531727813742385 -0.002159603915894934
v -0.4613125 -0.5506875 -0.010644885290133506
v -0.4553125 -0.5446875 -0.014159603915894936
v -0.4493125 -0.5386875 -0.010644885290133509
v -0.41651471862576145 -0.5665147186257614 0.009192388155425108
v -0.41900000000000004 -0.569 0.017677669529663678
v -0.42500000000000004 -0.575 0.02119238815542511
v -0.43100000000000005 -0.581 0.01767766952966368
v -0.43348528137423864 -0.5834852813742385 0.00919238815542511
v -0.43100000000000005 -0.581 0.0007071067811865381
v -0.42500000000000004 -0.575 -0.0028076118445748924
v -0.41900000000000004 -0.569 0.0007071067811865346
v -0.9015147186257614 0.11848528137423844 0.012363734711837005
v -0.9039999999999999 0.11599999999999988 0.020849016086075575
v -0.9099999999999999 0.10999999999999988 0.024363734711837004
v -0.9159999999999999 0.10399999999999987 0.020849016086075575
v -0.9184852813742385 0.10151471862576131 0.012363734711837007
v -0.9159999999999999 0.10399999999999987 0.0038784533375984358
v -0.9099999999999999 0.10999999999999988 0.00036373471183700525
v -0.9039999999999999 0.11599999999999988 0.0038784533375984323
v -0.8703783549893978 0.08734891773787481 0.010237787066684045
v -0.8728636363636363 0.08486363636363625 0.018723068440922613
v -0.8788636363636363 0.07886363636363625 0.022237787066684046
v -0.8848636363636363 0.07286363636363624 0.018723068440922617
v -0.8873489177378748 0.07037835498939768 0.010237787066684047
v -0.8848636363636363 0.07286363636363624 0.0017525056924454756
v -0.8788636363636363 0.07886363636363625 -0.0017622129333159549
v -0.8728636363636363 0.08486363636363625 0.0017525056924454722
v -0.8392419913530341 0.056212554101511186 -0.0009274093815900557
v -0.8417272727272727 0.05372727272727262 0.0075578719926485145
v -0.8477272727272727 0.04772727272727262 0.011072590618409945
v -0.8537272727272727 0.04172727272727262 0.007557871992648516
v -0.8562125541015112 0.03924199135303405 -0.0009274093815900542
v -0.8537272727272727 0.04172727272727261 -0.009412690755828625
v -0.8477272727272727 0.04772727272727262 -0.012927409381590056
v -0.8417272727272727 0.05372727272727262 -0.009412690755828628
v -0.8081056277166705 0.025076190465147558 -0.011273768312738843
v -0.810590909090909 0.022590909090908988 -0.0027884869385002738
v -0.816590909090909 0.01659090909090899 0.0007262316872611568
v -0.822590909090909 0.010590909090908991 -0.002788486938500272
v -0.8250761904651476 0.00810562771667042 -0.011273768312738842
v -0.822590909090909 0.010590909090908988 -0.019759049686977413
v -0.816590909090909 0.01659090909090899 -0.023273768312738842
v -0.810590909090909 0.022590909090908988 -0.019759049686977417
v -0.7769692640803069 -0.006060173171216069 -0.01166617957298762
v -0.7794545454545454 -0.008545454545454639 -0.00318089819874905
v -0.7854545454545454 -0.014545454545454639 0.0003338204270123806
v -0.7914545454545454 -0.020545454545454638 -0.003180898198749048
v -0.793939826828784 -0.023030735919693207 -0.011666179572987618
v -0.7914545454545454 -0.02054545454545464 -0.02015146094722619
v -0.7854545454545454 -0.01454545454545464 -0.023666179572987618
v -0.7794545454545454 -0.00854545454545464 -0.020151460947226193
v -0.7458329004439432 -0.0371965368075797 -0.001758171508703532
v -0.7483181818181818 -0.03968181818181827 0.006727109865535038
v -0.7543181818181818 -0.04568181818181827 0.010241828491296468
v -0.7603181818181818 -0.051681818181818266 0.00672710986553504
v -0.7628034631924203 -0.054167099556056836 -0.0017581715087035305
v -0.7603181818181818 -0.05168181818181827 -0.010243452882942101
v -0.7543181818181818 -0.04568181818181827 -0.013758171508703532
v -0.7483181818181818 -0.03968181818181827 -0.010243452882942105
v -0.7146965368075796 -0.06833290044394333 0.00970217883445524
v -0.7171818181818181 -0.07081818181818189 0.018187460208693808
v -0.7231818181818181 -0.0768181818181819 0.02170217883445524
v -0.7291818181818182 -0.0828181818181819 0.01818746020869381
v -0.7316670995560567 -0.08530346319242046 0.009702178834455242
v -0.7291818181818182 -0.0828181818181819 0.00121689746021667
v -0.7231818181818181 -0.0768181818181819 -0.0022978211655447604
v -0.7171818181818181 -0.07081818181818189 0.0012168974602166666
v -0.683560173171216 -0.09946926408030696 0.01259618492315959
v -0.6860454545454545 -0.10195454545454552 0.021081466297398162
v -0.6920454545454545 -0.10795454545454553 0.02459618492315959
v -0.6980454545454545 -0.11395454545454553 0.021081466297398162
v -0.7005307359196931 -0.1164398268287841 0.012596184923159592
v -0.6980454545454545 -0.11395454545454553 0.004110903548921021
v -0.6920454545454545 -0.10795454545454553 0.00059618492315959
v -0.6860454545454545 -0.10195454545454552 0.004110903548921017
v -0.6524238095348524 -0.13060562771667059 0.004368642111800546
v -0.6549090909090909 -0.13309090909090915 0.012853923486039115
v -0.6609090909090909 -0.13909090909090915 0.016368642111800547
v -0.6669090909090909 -0.14509090909090916 0.012853923486039118
v -0.6693943722833294 -0.14757619046514772 0.004368642111800548
v -0.6669090909090909 -0.14509090909090916 -0.004116639262438024
v -0.6609090909090909 -0.13909090909090915 -0.007631357888199454
v -0.6549090909090909 -0.13309090909090915 -0.004116639262438027
v -0.6212874458984887 -0.16174199135303421 -0.0077161056524593045
v -0.6237727272727273 -0.16422727272727278 0.0007691757217792652
v -0.6297727272727273 -0.17022727272727278 0.004283894347540696
v -0.6357727272727273 -0.1762272727272728 0.000769175721779267
v -0.6382580086469658 -0.17871255410151135 -0.007716105652459303
v -0.6357727272727273 -0.1762272727272728 -0.016201387026697874
v -0.6297727272727273 -0.17022727272727278 -0.019716105652459306
v -0.6237727272727273 -0.16422727272727278 -0.016201387026697878
v -0.5901510822621251 -0.19287835498939784 -0.012988072653704143
v -0.5926363636363636 -0.1953636363636364 -0.004502791279465573
v -0.5986363636363636 -0.2013636363636364 -0.0009880726537041425
v -0.6046363636363636 -0.20736363636363642 -0.004502791279465571
v -0.6071216450106022 -0.20984891773787498 -0.012988072653704141
v -0.6046363636363636 -0.20736363636363642 -0.02147335402794271
v -0.5986363636363636 -0.2013636363636364 -0.024988072653704143
v -0.5926363636363636 -0.1953636363636364 -0.021473354027942718
v -0.5590147186257615 -0.22401471862576147 -0.006792481341307308
v -0.5615 -0.22650000000000003 0.0016928000329312614
v -0.5675 -0.23250000000000004 0.005207518658692692
v -0.5735 -0.23850000000000005 0.0016928000329312631
v -0.5759852813742385 -0.2409852813742386 -0.006792481341307307
v -0.5735 -0.23850000000000005 -0.015277762715545878
v -0.5675 -0.23250000000000004 -0.01879248134130731
v -0.5615 -0.22650000000000003 -0.015277762715545882
v -0.5278783549893978 -0.2551510822621251 0.005400395169024533
v -0.5303636363636364 -0.25763636363636366 0.013885676543263102
v -0.5363636363636364 -0.26363636363636367 0.017400395169024533
v -0.5423636363636364 -0.2696363636363637 0.013885676543263104
v -0.5448489177378749 -0.27212164501060226 0.0054003951690245345
v -0.5423636363636364 -0.2696363636363637 -0.003084886205214037
v -0.5363636363636364 -0.26363636363636367 -0.0065996048309754675
v -0.5303636363636364 -0.25763636363636366 -0.0030848862052140404
v -0.49674199135303415 -0.2862874458984887 0.012825101053221528
v -0.49922727272727274 -0.2887727272727273 0.021310382427460098
v -0.5052272727272727 -0.2947727272727273 0.024825101053221527
v -0.5112272727272728 -0.3007727272727273 0.021310382427460098
v -0.5137125541015113 -0.3032580086469659 0.01282510105322153
v -0.5112272727272728 -0.3007727272727273 0.004339819678982958
v -0.5052272727272727 -0.2947727272727273 0.0008251010532215278
v -0.49922727272727274 -0.2887727272727273 0.004339819678982955
v -0.4656056277166705 -0.31742380953485233 0.00892614113052758
v -0.4680909090909091 -0.3199090909090909 0.01741142250476615
v -0.4740909090909091 -0.3259090909090909 0.02092614113052758
v -0.4800909090909091 -0.33190909090909093 0.017411422504766152
v -0.4825761904651477 -0.3343943722833295 0.008926141130527582
v -0.4800909090909091 -0.33190909090909093 0.0004408597562890106
v -0.4740909090909091 -0.3259090909090909 -0.00307385886947242
v -0.4680909090909091 -0.3199090909090909 0.00044085975628900716
v -0.43446926408030695 -0.3485601731712159 -0.0028539761169929607
v -0.43695454545454554 -0.3510454545454545 0.005631305257245609
v -0.44295454545454555 -0.3570454545454545 0.009146023883007039
v -0.44895454545454555 -0.3630454545454545 0.005631305257245611
v -0.45143982682878414 -0.3655307359196931 -0.0028539761169929594
v -0.44895454545454555 -0.3630454545454545 -0.01133925749123153
v -0.44295454545454555 -0.3570454545454545 -0.014853976116992962
v -0.43695454545454554 -0.3510454545454545 -0.011339257491231533
v -0.40333290044394327 -0.3796965368075796 -0.012114232379748877
v -0.40581818181818186 -0.3821818181818182 -0.0036289510055103075
v -0.41181818181818186 -0.3881818181818182 -0.00011423237974887701
v -0.41781818181818187 -0.3941818181818182 -0.003628951005510306
v -0.42030346319242046 -0.3966670995560568 -0.012114232379748876
v -0.41781818181818187 -0.3941818181818182 -0.02059951375398745
v -0.41181818181818186 -0.3881818181818182 -0.024114232379748878
v -0.40581818181818186 -0.3821818181818182 -0.02059951375398745
v -0.37219653680757964 -0.4108329004439432 -0.010678470076566391
v -0.3746818181818182 -0.4133181818181818 -0.0021931887023278213
v -0.38068181818181823 -0.4193181818181818 0.0013215299234336092
v -0.38668181818181824 -0.4253181818181818 -0.0021931887023278196
v -0.38916709955605683 -0.4278034631924204 -0.01067847007656639
v -0.38668181818181824 -0.4253181818181818 -0.019163751450804963
v -0.38068181818181823 -0.4193181818181818 -0.02267847007656639
v -0.3746818181818182 -0.4133181818181818 -0.019163751450804963
v -0.341060173171216 -0.44196926408030685 0.00018563325676721187
v -0.3435454545454546 -0.44445454545454544 0.008670914631005782
v -0.3495454545454546 -0.45045454545454544 0.012185633256767213
v -0.3555454545454546 -0.45645454545454545 0.008670914631005784
v -0.3580307359196932 -0.45893982682878404 0.00018563325676721333
v -0.3555454545454546 -0.45645454545454545 -0.008299648117471357
v -0.3495454545454546 -0.45045454545454544 -0.011814366743232788
v -0.3435454545454546 -0.44445454545454544 -0.00829964811747136
v -0.3099238095348524 -0.4731056277166705 0.010885835428343612
v -0.31240909090909097 -0.47559090909090906 0.019371116802582182
v -0.318409090909091 -0.48159090909090907 0.02288583542834361
v -0.324409090909091 -0.4875909090909091 0.019371116802582182
v -0.32689437228332957 -0.49007619046514767 0.010885835428343614
v -0.324409090909091 -0.4875909090909091 0.0024005540541050426
v -0.318409090909091 -0.48159090909090907 -0.001114164571656388
v -0.31240909090909097 -0.47559090909090906 0.002400554054105039
v -0.27878744589848875 -0.5042419913530342 0.011974607490493058
v -0.28127272727272734 -0.5067272727272727 0.02045988886473163
v -0.28727272727272735 -0.5127272727272727 0.023974607490493058
v -0.29327272727272735 -0.5187272727272727 0.02045988886473163
v -0.29575800864696594 -0.5212125541015112 0.01197460749049306
v -0.29327272727272735 -0.5187272727272727 0.003489326116254488
v -0.28727272727272735 -0.5127272727272727 -0.000025392509506942662
v -0.28127272727272734 -0.5067272727272727 0.0034893261162544844
v -0.24765108226212515 -0.5353783549893978 0.0024906399829237977
v -0.2501363636363637 -0.5378636363636363 0.010975921357162367
v -0.2561363636363637 -0.5438636363636363 0.014490639982923798
v -0.2621363636363637 -0.5498636363636363 0.010975921357162369
v -0.2646216450106023 -0.5523489177378749 0.002490639982923799
v -0.2621363636363637 -0.5498636363636363 -0.0059946413913147725
v -0.2561363636363637 -0.5438636363636363 -0.009509360017076203
v -0.2501363636363637 -0.5378636363636363 -0.005994641391314776
v -0.21651471862576152 -0.5665147186257614 -0.00919238815542509
v -0.21900000000000008 -0.569 -0.0007071067811865207
v -0.2250000000000001 -0.575 0.00280761184457491
v -0.2310000000000001 -0.581 -0.000707106781186519
v -0.23348528137423866 -0.5834852813742385 -0.009192388155425089
v -0.2310000000000001 -0.581 -0.01767766952966366
v -0.2250000000000001 -0.575 -0.02119238815542509
v -0.21900000000000008 -0.569 -0.017677669529663664
v -0.9015147186257614 0.3184852813742384 -0.012363734711837005
v -0.9039999999999999 0.31599999999999984 -0.0038784533375984358
v -0.9099999999999999 0.30999999999999983 -0.00036373471183700525
v -0.9159999999999999 0.3039999999999998 -0.003878453337598434
v -0.9184852813742385 0.30151471862576124 -0.012363734711837004
v -0.9159999999999999 0.3039999999999998 -0.020849016086075575
v -0.9099999999999999 0.30999999999999983 -0.024363734711837004
v -0.9039999999999999 0.31599999999999984 -0.02084901608607558
v -0.8699075757686185 0.2868781385170956 -0.01011817856863222
v -0.8723928571428571 0.284392857142857 -0.00163289719439365
v -0.8783928571428571 0.278392857142857 0.0018818214313677806
v -0.8843928571428571 0.272392857142857 -0.0016328971943936482
v -0.8868781385170956 0.2699075757686184 -0.010118178568632218
v -0.8843928571428571 0.272392857142857 -0.01860345994287079
v -0.8783928571428571 0.278392857142857 -0.02211817856863222
v -0.8723928571428571 0.284392857142857 -0.01860345994287079
v -0.8383004329114757 0.2552709956599527 0.0013105070901130841
v -0.8407857142857142 0.2527857142857141 0.009795788464351654
v -0.8467857142857143 0.24678571428571414 0.013310507090113085
v -0.8527857142857143 0.24078571428571413 0.009795788464351656
v -0.8552709956599528 0.23830043291147557 0.0013105070901130856
v -0.8527857142857143 0.24078571428571413 -0.007174774284125485
v -0.8467857142857143 0.24678571428571414 -0.010689492909886916
v -0.8407857142857142 0.2527857142857141 -0.007174774284125489
v -0.8066932900543329 0.22366385280280984 0.01154979326772535
v -0.8091785714285714 0.22117857142857128 0.02003507464196392
v -0.8151785714285714 0.21517857142857127 0.023549793267725348
v -0.8211785714285714 0.20917857142857127 0.02003507464196392
v -0.82366385280281 0.2066932900543327 0.011549793267725351
v -0.8211785714285714 0.20917857142857127 0.00306451189348678
v -0.8151785714285714 0.21517857142857127 -0.0004502067322746505
v -0.8091785714285714 0.22117857142857128 0.0030645118934867766
v -0.77508614719719 0.192056709945667 0.01130663473102403
v -0.7775714285714286 0.18957142857142845 0.0197919161052626
v -0.7835714285714286 0.18357142857142844 0.023306634731024033
v -0.7895714285714286 0.17757142857142844 0.019791916105262604
v -0.7920567099456671 0.17508614719718987 0.011306634731024032
v -0.7895714285714286 0.17757142857142844 0.002821353356785461
v -0.7835714285714286 0.18357142857142844 -0.0006933652689759696
v -0.7775714285714286 0.18957142857142845 0.0028213533567854575
v -0.7434790043400471 0.16044956708852415 0.0008017190593191021
v -0.7459642857142856 0.15796428571428558 0.009287000433557673
v -0.7519642857142856 0.15196428571428558 0.012801719059319103
v -0.7579642857142856 0.14596428571428557 0.009287000433557674
v -0.7604495670885242 0.143479004340047 0.0008017190593191037
v -0.7579642857142856 0.14596428571428557 -0.007683562314919468
v -0.7519642857142856 0.15196428571428558 -0.011198280940680897
v -0.7459642857142856 0.15796428571428558 -0.007683562314919471
v -0.7118718614829043 0.12884242423138131 -0.010430826581244921
v -0.7143571428571428 0.12635714285714275 -0.0019455452070063512
v -0.7203571428571428 0.12035714285714275 0.0015691734187550793
v -0.7263571428571428 0.11435714285714274 -0.0019455452070063495
v -0.7288424242313813 0.11187186148290418 -0.01043082658124492
v -0.7263571428571428 0.11435714285714274 -0.018916107955483492
v -0.7203571428571428 0.12035714285714275 -0.02243082658124492
v -0.7143571428571428 0.12635714285714275 -0.018916107955483492
v -0.6802647186257614 0.09723528137423845 -0.012196487366992291
v -0.68275 0.09474999999999989 -0.0037112059927537216
v -0.68875 0.08874999999999988 -0.00019648736699229112
v -0.69475 0.08274999999999988 -0.00371120599275372
v -0.6972352813742385 0.08026471862576132 -0.01219648736699229
v -0.69475 0.08274999999999988 -0.02068176874123086
v -0.68875 0.08874999999999988 -0.024196487366992293
v -0.68275 0.09474999999999989 -0.020681768741230865
v -0.6486575757686186 0.06562813851709562 -0.0028927721414320814
v -0.6511428571428571 0.06314285714285706 0.005592509232806488
v -0.6571428571428571 0.05714285714285705 0.009107227858567919
v -0.6631428571428571 0.05114285714285705 0.00559250923280649
v -0.6656281385170957 0.04865757576861848 -0.00289277214143208
v -0.6631428571428571 0.051142857142857046 -0.011378053515670651
v -0.6571428571428571 0.05714285714285705 -0.014892772141432082
v -0.6511428571428571 0.06314285714285706 -0.011378053515670655
v -0.6170504329114758 0.03402099565995273 0.009036386097762283
v -0.6195357142857143 0.03153571428571416 0.017521667472000853
v -0.6255357142857143 0.02553571428571416 0.02103638609776228
v -0.6315357142857143 0.019535714285714163 0.017521667472000853
v -0.6340209956599528 0.017050432911475594 0.009036386097762285
v -0.6315357142857143 0.01953571428571416 0.0005511047235237133
v -0.6255357142857143 0.02553571428571416 -0.002963613902237717
v -0.6195357142857143 0.03153571428571416 0.0005511047235237099
v -0.5854432900543328 0.0024138528028098977 0.01276423583806953
v -0.5879285714285714 -0.00007142857142867186 0.021249517212308097
v -0.5939285714285714 -0.006071428571428671 0.02476423583806953
v -0.5999285714285714 -0.01207142857142867 0.0212495172123081
v -0.6024138528028099 -0.014556709945667242 0.012764235838069531
v -0.5999285714285714 -0.012071428571428674 0.0042789544638309595
v -0.5939285714285714 -0.006071428571428674 0.000764235838069529
v -0.5879285714285714 -0.00007142857142867359 0.004278954463830956
v -0.5538361471971901 -0.029193290054332938 0.004907428312959342
v -0.5563214285714286 -0.03167857142857151 0.013392709687197912
v -0.5623214285714286 -0.037678571428571506 0.01690742831295934
v -0.5683214285714286 -0.043678571428571504 0.013392709687197912
v -0.5708067099456672 -0.046163852802810074 0.0049074283129593435
v -0.5683214285714286 -0.04367857142857151 -0.003577853061279228
v -0.5623214285714286 -0.037678571428571506 -0.0070925716870406585
v -0.5563214285714286 -0.03167857142857151 -0.0035778530612792315
v -0.5222290043400472 -0.06080043291147577 -0.007403298411189907
v -0.5247142857142857 -0.06328571428571433 0.001081982963048663
v -0.5307142857142857 -0.06928571428571434 0.0045967015888100935
v -0.5367142857142857 -0.07528571428571434 0.0010819829630486647
v -0.5391995670885242 -0.07777099565995291 -0.007403298411189905
v -0.5367142857142857 -0.07528571428571434 -0.015888579785428476
v -0.5307142857142857 -0.06928571428571434 -0.019403298411189908
v -0.5247142857142857 -0.06328571428571433 -0.01588857978542848
v -0.49062186148290426 -0.09240757576861866 -0.012994886142979686
v -0.49310714285714285 -0.09489285714285722 -0.004509604768741116
v -0.49910714285714286 -0.10089285714285723 -0.0009948861429796858
v -0.5051071428571429 -0.10689285714285723 -0.0045096047687411146
v -0.5075924242313814 -0.1093781385170958 -0.012994886142979684
v -0.5051071428571429 -0.10689285714285723 -0.021480167517218256
v -0.49910714285714286 -0.10089285714285723 -0.024994886142979685
v -0.49310714285714285 -0.09489285714285722 -0.02148016751721826
v -0.45901471862576143 -0.1240147186257615 -0.006792481341307347
v -0.4615 -0.12650000000000006 0.0016928000329312224
v -0.4675 -0.13250000000000006 0.005207518658692653
v -0.47350000000000003 -0.13850000000000007 0.001692800032931224
v -0.4759852813742386 -0.14098528137423863 -0.006792481341307346
v -0.47350000000000003 -0.13850000000000007 -0.015277762715545918
v -0.4675 -0.13250000000000006 -0.018792481341307347
v -0.4615 -0.12650000000000006 -0.015277762715545921
v -0.4274075757686186 -0.15562186148290433 0.0055746926889386865
v -0.4298928571428572 -0.1581071428571429 0.014059974063177256
v -0.4358928571428572 -0.1641071428571429 0.017574692688938687
v -0.4418928571428572 -0.1701071428571429 0.014059974063177258
v -0.4443781385170958 -0.17259242423138146 0.005574692688938688
v -0.4418928571428572 -0.1701071428571429 -0.0029105886852998832
v -0.4358928571428572 -0.1641071428571429 -0.006425307311061314
v -0.4298928571428572 -0.1581071428571429 -0.0029105886852998867
v -0.39580043291147576 -0.18722900434004716 0.01288234690298315
v -0.39828571428571435 -0.18971428571428572 0.021367628277221717
v -0.40428571428571436 -0.19571428571428573 0.02488234690298315
v -0.41028571428571436 -0.20171428571428573 0.02136762827722172
v -0.41277099565995296 -0.2041995670885243 0.012882346902983151
v -0.41028571428571436 -0.20171428571428573 0.00439706552874458
v -0.40428571428571436 -0.19571428571428573 0.0008823469029831492
v -0.39828571428571435 -0.18971428571428572 0.004397065528744576
v -0.36419329005433293 -0.21883614719719 0.008498147759056246
v -0.3666785714285715 -0.22132142857142856 0.016983429133294814
v -0.3726785714285715 -0.22732142857142856 0.020498147759056246
v -0.37867857142857153 -0.23332142857142857 0.016983429133294817
v -0.3811638528028101 -0.23580670994566713 0.008498147759056248
v -0.37867857142857153 -0.23332142857142857 0.000012866384817676255
v -0.3726785714285715 -0.22732142857142856 -0.0035018522409437543
v -0.3666785714285715 -0.22132142857142856 0.000012866384817672785
v -0.33258614719719 -0.2504432900543329 -0.0035988616485230587
v -0.3350714285714286 -0.2529285714285715 0.0048864197257155115
v -0.3410714285714286 -0.2589285714285715 0.008401138351476942
v -0.3470714285714286 -0.2649285714285715 0.004886419725715513
v -0.3495567099456672 -0.2674138528028101 -0.0035988616485230574
v -0.3470714285714286 -0.2649285714285715 -0.012084143022761628
v -0.3410714285714286 -0.2589285714285715 -0.015598861648523058
v -0.3350714285714286 -0.2529285714285715 -0.012084143022761631
v -0.30097900434004715 -0.28205043291147575 -0.012429590232658973
v -0.30346428571428574 -0.28453571428571434 -0.003944308858420403
v -0.30946428571428575 -0.29053571428571434 -0.0004295902326589725
v -0.31546428571428575 -0.29653571428571435 -0.003944308858420401
v -0.31794956708852434 -0.29902099565995294 -0.012429590232658971
v -0.31546428571428575 -0.29653571428571435 -0.02091487160689754
v -0.30946428571428575 -0.29053571428571434 -0.024429590232658973
v -0.30346428571428574 -0.28453571428571434 -0.020914871606897548
v -0.2693718614829043 -0.3136575757686186 -0.009979381624654152
v -0.2718571428571429 -0.31614285714285717 -0.0014941002504155823
v -0.2778571428571429 -0.3221428571428572 0.0020206183753458482
v -0.2838571428571429 -0.3281428571428572 -0.0014941002504155806
v -0.2863424242313815 -0.33062813851709577 -0.00997938162465415
v -0.2838571428571429 -0.3281428571428572 -0.018464662998892722
v -0.2778571428571429 -0.3221428571428572 -0.021979381624654154
v -0.2718571428571429 -0.31614285714285717 -0.018464662998892725
v -0.2377647186257615 -0.3452647186257614 0.0015279861669518513
v -0.24025000000000007 -0.34775 0.010013267541190422
v -0.24625000000000008 -0.35375 0.013527986166951852
v -0.2522500000000001 -0.35975 0.010013267541190423
v -0.2547352813742387 -0.3622352813742386 0.0015279861669518528
v -0.2522500000000001 -0.35975 -0.006957295207286719
v -0.24625000000000008 -0.35375 -0.010472013833048148
v -0.24025000000000007 -0.34775 -0.006957295207286722
v -0.20615757576861868 -0.37687186148290425 0.011648573247593408
v -0.20864285714285724 -0.37935714285714284 0.020133854621831978
v -0.21464285714285725 -0.38535714285714284 0.02364857324759341
v -0.22064285714285725 -0.39135714285714285 0.02013385462183198
v -0.22312813851709581 -0.39384242423138144 0.01164857324759341
v -0.22064285714285725 -0.39135714285714285 0.0031632918733548385
v -0.21464285714285725 -0.38535714285714284 -0.00035142675240659206
v -0.20864285714285724 -0.37935714285714284 0.003163291873354835
v -0.17455043291147584 -0.4084790043400471 0.011197064167021344
v -0.1770357142857144 -0.41096428571428567 0.019682345541259916
v -0.1830357142857144 -0.4169642857142857 0.023197064167021345
v -0.18903571428571442 -0.4229642857142857 0.019682345541259916
v -0.19152099565995298 -0.42544956708852427 0.011197064167021346
v -0.18903571428571442 -0.4229642857142857 0.0027117827927827746
v -0.1830357142857144 -0.4169642857142857 -0.000802935832978656
v -0.1770357142857144 -0.41096428571428567 0.002711782792782771
v -0.142943290054333 -0.4400861471971899 0.000583242794556754
v -0.14542857142857157 -0.4425714285714285 0.009068524168795323
v -0.15142857142857158 -0.4485714285714285 0.012583242794556755
v -0.15742857142857158 -0.4545714285714285 0.009068524168795326
v -0.15991385280281015 -0.4570567099456671 0.0005832427945567556
v -0.15742857142857158 -0.4545714285714285 -0.007902038579681817
v -0.15142857142857158 -0.4485714285714285 -0.011416757205443245
v -0.14542857142857157 -0.4425714285714285 -0.00790203857968182
v -0.11133614719719007 -0.47169329005433286 -0.010559922281924388
v -0.11382142857142863 -0.47417857142857145 -0.002074640907685818
v -0.11982142857142863 -0.48017857142857145 0.0014400777180756125
v -0.12582142857142864 -0.48617857142857146 -0.0020746409076858163
v -0.1283067099456672 -0.48866385280281005 -0.010559922281924386
v -0.12582142857142864 -0.48617857142857146 -0.019045203656162957
v -0.11982142857142863 -0.48017857142857145 -0.02255992228192439
v -0.11382142857142863 -0.47417857142857145 -0.01904520365616296
v -0.07972900434004723 -0.5033004329114757 -0.012119036896044197
v -0.0822142857142858 -0.5057857142857143 -0.003633755521805627
v -0.0882142857142858 -0.5117857142857143 -0.00011903689604419662
v -0.0942142857142858 -0.5177857142857143 -0.0036337555218056254
v -0.09669956708852437 -0.5202709956599528 -0.012119036896044195
v -0.0942142857142858 -0.5177857142857143 -0.020604318270282765
v -0.0882142857142858 -0.5117857142857143 -0.024119036896044197
v -0.0822142857142858 -0.5057857142857143 -0.020604318270282772
v -0.0481218614829044 -0.5349075757686186 -0.0026790685561425484
v -0.05060714285714297 -0.5373928571428571 0.005806212818096021
v -0.05660714285714297 -0.5433928571428571 0.009320931443857452
v -0.06260714285714297 -0.5493928571428571 0.005806212818096023
v -0.06509242423138153 -0.5518781385170957 -0.002679068556142547
v -0.06260714285714297 -0.5493928571428571 -0.011164349930381118
v -0.05660714285714297 -0.5433928571428571 -0.014679068556142549
v -0.05060714285714297 -0.5373928571428571 -0.011164349930381122
v -0.016514718625761565 -0.5665147186257614 0.009192388155425073
v -0.019000000000000135 -0.569 0.017677669529663643
v -0.025000000000000133 -0.575 0.021192388155425075
v -0.03100000000000013 -0.581 0.017677669529663646
v -0.0334852813742387 -0.5834852813742385 0.009192388155425075
v -0.031000000000000135 -0.581 0.0007071067811865034
v -0.025000000000000133 -0.575 -0.002807611844574927
v -0.019000000000000135 -0.569 0.0007071067811864999
v -0.9015147186257614 0.5184852813742384 0.012363734711837007
v -0.9039999999999999 0.5159999999999999 0.020849016086075575
v -0.9099999999999999 0.5099999999999999 0.024363734711837007
v -0.9159999999999999 0.5039999999999999 0.02084901608607558
v -0.9184852813742385 0.5015147186257614 0.012363734711837009
v -0.9159999999999999 0.5039999999999999 0.0038784533375984375
v -0.9099999999999999 0.5099999999999999 0.000363734711837007
v -0.9039999999999999 0.5159999999999999 0.003878453337598434
v -0.8705147186257614 0.4874852813742385 0.010272015160883927
v -0.8729999999999999 0.48499999999999993 0.018757296535122495
v -0.8789999999999999 0.4789999999999999 0.022272015160883927
v -0.8849999999999999 0.4729999999999999 0.018757296535122498
v -0.8874852813742384 0.47051471862576133 0.010272015160883928
v -0.8849999999999999 0.4729999999999999 0.001786733786645357
v -0.8789999999999999 0.4789999999999999 -0.0017279848391160736
v -0.8729999999999999 0.48499999999999993 0.0017867337866453534
v -0.8395147186257614 0.4564852813742385 -0.0008162767538811025
v -0.842 0.4539999999999999 0.007669004620357467
v -0.848 0.4479999999999999 0.011183723246118897
v -0.854 0.4419999999999999 0.007669004620357469
v -0.8564852813742385 0.4395147186257613 -0.000816276753881101
v -0.854 0.4419999999999999 -0.009301558128119673
v -0.848 0.4479999999999999 -0.012816276753881103
v -0.842 0.4539999999999999 -0.009301558128119676
v -0.8085147186257614 0.4254852813742385 -0.011189646351051304
v -0.8109999999999999 0.42299999999999993 -0.002704364976812734
v -0.817 0.4169999999999999 0.0008103536489486966
v -0.823 0.4109999999999999 -0.002704364976812732
v -0.8254852813742385 0.40851471862576133 -0.011189646351051302
v -0.823 0.4109999999999999 -0.01967492772528987
v -0.817 0.4169999999999999 -0.023189646351051304
v -0.8109999999999999 0.42299999999999993 -0.01967492772528988
v -0.7775147186257614 0.3944852813742385 -0.011762751682058224
v -0.7799999999999999 0.3919999999999999 -0.0032774703078196545
v -0.7859999999999999 0.3859999999999999 0.000237248317941776
v -0.7919999999999999 0.3799999999999999 -0.003277470307819653
v -0.7944852813742385 0.3775147186257613 -0.011762751682058223
v -0.7919999999999999 0.3799999999999999 -0.020248033056296792
v -0.7859999999999999 0.3859999999999999 -0.023762751682058224
v -0.7799999999999999 0.3919999999999999 -0.0202480330562968
v -0.7465147186257614 0.36348528137423847 -0.0020336480455228896
v -0.7489999999999999 0.3609999999999999 0.00645163332871568
v -0.7549999999999999 0.35499999999999987 0.00996635195447711
v -0.7609999999999999 0.34899999999999987 0.006451633328715681
v -0.7634852813742384 0.3465147186257613 -0.0020336480455228883
v -0.7609999999999999 0.34899999999999987 -0.01051892941976146
v -0.7549999999999999 0.35499999999999987 -0.01403364804552289
v -0.7489999999999999 0.3609999999999999 -0.010518929419761463
v -0.7155147186257614 0.3324852813742385 0.009476592156478393
v -0.718 0.3299999999999999 0.017961873530716963
v -0.724 0.3239999999999999 0.021476592156478395
v -0.73 0.3179999999999999 0.017961873530716967
v -0.7324852813742385 0.3155147186257613 0.009476592156478395
v -0.73 0.3179999999999999 0.0009913107822398237
v -0.724 0.3239999999999999 -0.002523407843521607
v -0.718 0.3299999999999999 0.0009913107822398202
v -0.6845147186257614 0.3014852813742385 0.012686917905203711
v -0.6869999999999999 0.29899999999999993 0.02117219927944228
v -0.693 0.2929999999999999 0.024686917905203713
v -0.699 0.2869999999999999 0.021172199279442284
v -0.7014852813742385 0.28451471862576133 0.012686917905203713
v -0.699 0.2869999999999999 0.0042016365309651416
v -0.693 0.2929999999999999 0.000686917905203711
v -0.6869999999999999 0.29899999999999993 0.004201636530965138
v -0.6535147186257614 0.2704852813742385 0.004785619184900759
v -0.6559999999999999 0.2679999999999999 0.013270900559139329
v -0.6619999999999999 0.2619999999999999 0.01678561918490076
v -0.6679999999999999 0.2559999999999999 0.01327090055913933
v -0.6704852813742385 0.2535147186257613 0.004785619184900761
v -0.6679999999999999 0.2559999999999999 -0.0036996621893378105
v -0.6619999999999999 0.2619999999999999 -0.007214380815099241
v -0.6559999999999999 0.2679999999999999 -0.003699662189337814
v -0.6225147186257615 0.2394852813742385 -0.007307083912077705
v -0.625 0.23699999999999993 0.0011781974621608649
v -0.631 0.23099999999999993 0.004692916087922295
v -0.637 0.22499999999999992 0.0011781974621608666
v -0.6394852813742385 0.22251471862576136 -0.007307083912077703
v -0.637 0.22499999999999992 -0.015792365286316275
v -0.631 0.23099999999999993 -0.019307083912077704
v -0.625 0.23699999999999993 -0.01579236528631628
v -0.5915147186257613 0.20848528137423847 -0.013
v -0.5939999999999999 0.2059999999999999 -0.00451471862576143
v -0.5999999999999999 0.1999999999999999 -0.0009999999999999992
v -0.6059999999999999 0.1939999999999999 -0.004514718625761428
v -0.6084852813742384 0.19151471862576133 -0.012999999999999998
v -0.6059999999999999 0.1939999999999999 -0.02148528137423857
v -0.5999999999999999 0.1999999999999999 -0.025
v -0.5939999999999999 0.2059999999999999 -0.021485281374238573
v -0.5605147186257614 0.1774852813742385 -0.007307083912077657
v -0.563 0.17499999999999993 0.0011781974621609126
v -0.569 0.16899999999999993 0.004692916087922343
v -0.575 0.16299999999999992 0.0011781974621609143
v -0.5774852813742385 0.16051471862576136 -0.007307083912077655
v -0.575 0.16299999999999992 -0.015792365286316227
v -0.569 0.16899999999999993 -0.01930708391207766
v -0.563 0.17499999999999993 -0.01579236528631623
v -0.5295147186257614 0.14648528137423847 0.004785619184900856
v -0.5319999999999999 0.1439999999999999 0.013270900559139426
v -0.5379999999999999 0.1379999999999999 0.016785619184900857
v -0.5439999999999999 0.1319999999999999 0.013270900559139428
v -0.5464852813742385 0.12951471862576133 0.004785619184900858
v -0.5439999999999999 0.1319999999999999 -0.0036996621893377133
v -0.5379999999999999 0.1379999999999999 -0.007214380815099144
v -0.5319999999999999 0.1439999999999999 -0.0036996621893377168
v -0.4985147186257613 0.11548528137423844 0.012686917905203725
v -0.5009999999999999 0.11299999999999988 0.021172199279442295
v -0.5069999999999999 0.10699999999999987 0.024686917905203727
v -0.5129999999999999 0.10099999999999987 0.0211721992794423
v -0.5154852813742384 0.0985147186257613 0.012686917905203727
v -0.5129999999999999 0.10099999999999987 0.0042016365309651554
v -0.5069999999999999 0.10699999999999987 0.0006869179052037249
v -0.5009999999999999 0.11299999999999988 0.004201636530965152
v -0.4675147186257613 0.08448528137423847 0.00947659215647832
v -0.4699999999999999 0.0819999999999999 0.01796187353071689
v -0.4759999999999999 0.0759999999999999 0.02147659215647832
v -0.48199999999999993 0.0699999999999999 0.01796187353071689
v -0.4844852813742385 0.06751471862576133 0.009476592156478322
v -0.48199999999999993 0.0699999999999999 0.0009913107822397509
v -0.4759999999999999 0.0759999999999999 -0.0025234078435216797
v -0.4699999999999999 0.0819999999999999 0.0009913107822397474
v -0.43651471862576136 0.0534852813742385 -0.002033648045523039
v -0.43899999999999995 0.050999999999999934 0.0064516333287155305
v -0.44499999999999995 0.04499999999999993 0.009966351954476961
v -0.45099999999999996 0.03899999999999993 0.006451633328715532
v -0.45348528137423855 0.03651471862576136 -0.002033648045523038
v -0.45099999999999996 0.038999999999999924 -0.010518929419761609
v -0.44499999999999995 0.04499999999999993 -0.01403364804552304
v -0.43899999999999995 0.05099999999999993 -0.010518929419761612
v -0.4055147186257614 0.02248528137423853 -0.011762751682058259
v -0.408 0.01999999999999996 -0.0032774703078196892
v -0.414 0.013999999999999957 0.0002372483179417413
v -0.42 0.007999999999999957 -0.0032774703078196875
v -0.4224852813742386 0.0055147186257613855 -0.011762751682058257
v -0.42 0.007999999999999955 -0.020248033056296827
v -0.414 0.013999999999999955 -0.02376275168205826
v -0.408 0.019999999999999955 -0.020248033056296834
v -0.3745147186257613 -0.008514718625761555 -0.01118964635105125
v -0.3769999999999999 -0.011000000000000124 -0.00270436497681268
v -0.3829999999999999 -0.017000000000000126 0.0008103536489487504
v -0.3889999999999999 -0.023000000000000125 -0.0027043649768126784
v -0.3914852813742385 -0.025485281374238698 -0.011189646351051248
v -0.3889999999999999 -0.023000000000000128 -0.01967492772528982
v -0.3829999999999999 -0.017000000000000126 -0.023189646351051252
v -0.3769999999999999 -0.011000000000000128 -0.019674927725289823
v -0.3435147186257614 -0.039514718625761475 -0.0008162767538810437
v -0.346 -0.04200000000000004 0.007669004620357526
v -0.352 -0.04800000000000004 0.011183723246118956
v -0.358 -0.05400000000000004 0.007669004620357528
v -0.3604852813742386 -0.05648528137423861 -0.0008162767538810422
v -0.358 -0.05400000000000005 -0.009301558128119614
v -0.352 -0.04800000000000004 -0.012816276753881044
v -0.346 -0.042000000000000044 -0.009301558128119617
v -0.31251471862576136 -0.0705147186257615 0.01027201516088399
v -0.31499999999999995 -0.07300000000000006 0.01875729653512256
v -0.32099999999999995 -0.07900000000000007 0.022272015160883993
v -0.32699999999999996 -0.08500000000000008 0.018757296535122564
v -0.32948528137423855 -0.08748528137423864 0.010272015160883993
v -0.32699999999999996 -0.08500000000000008 0.001786733786645421
v -0.32099999999999995 -0.07900000000000007 -0.0017279848391160094
v -0.31499999999999995 -0.07300000000000006 0.0017867337866454176
v -0.28151471862576133 -0.10151471862576153 0.012363734711836981
v -0.2839999999999999 -0.10400000000000009 0.02084901608607555
v -0.2899999999999999 -0.1100000000000001 0.024363734711836983
v -0.29599999999999993 -0.1160000000000001 0.020849016086075554
v -0.2984852813742385 -0.11848528137423867 0.012363734711836983
v -0.29599999999999993 -0.1160000000000001 0.0038784533375984115
v -0.2899999999999999 -0.1100000000000001 0.00036373471183698096
v -0.2839999999999999 -0.10400000000000009 0.003878453337598408
v -0.2505147186257614 -0.13251471862576145 0.003626884378509981
v -0.253 -0.135 0.01211216575274855
v -0.259 -0.14100000000000001 0.01562688437850998
v -0.265 -0.14700000000000002 0.012112165752748552
v -0.2674852813742386 -0.14948528137423858 0.0036268843785099824
v -0.265 -0.14700000000000002 -0.004858396995728589
v -0.259 -0.14100000000000001 -0.00837311562149002
v -0.253 -0.135 -0.0048583969957285925
v -0.2195147186257614 -0.16351471862576147 -0.008286511866732972
v -0.22199999999999998 -0.16600000000000004 0.000198769507505598
v -0.22799999999999998 -0.17200000000000004 0.0037134881332670285
v -0.23399999999999999 -0.17800000000000005 0.00019876950750559973
v -0.23648528137423855 -0.1804852813742386 -0.00828651186673297
v -0.23399999999999999 -0.17800000000000005 -0.01677179324097154
v -0.22799999999999998 -0.17200000000000004 -0.02028651186673297
v -0.22199999999999998 -0.16600000000000004 -0.016771793240971545
v -0.18851471862576138 -0.1945147186257615 -0.012942305539840037
v -0.19099999999999995 -0.19700000000000006 -0.004457024165601467
v -0.19699999999999995 -0.20300000000000007 -0.0009423055398400364
v -0.20299999999999996 -0.20900000000000007 -0.004457024165601465
v -0.20548528137423852 -0.21148528137423864 -0.012942305539840035
v -0.20299999999999996 -0.20900000000000007 -0.021427586914078606
v -0.19699999999999995 -0.20300000000000007 -0.02494230553984004
v -0.19099999999999995 -0.19700000000000006 -0.02142758691407861
v -0.15751471862576136 -0.22551471862576153 -0.006262797763322266
v -0.15999999999999992 -0.2280000000000001 0.0022224836109163036
v -0.16599999999999993 -0.2340000000000001 0.005737202236677734
v -0.17199999999999993 -0.2400000000000001 0.0022224836109163053
v -0.1744852813742385 -0.24248528137423866 -0.006262797763322264
v -0.17199999999999993 -0.2400000000000001 -0.014748079137560835
v -0.16599999999999993 -0.2340000000000001 -0.018262797763322267
v -0.15999999999999992 -0.2280000000000001 -0.014748079137560838
v -0.12651471862576133 -0.25651471862576153 0.005901876496614149
v -0.1289999999999999 -0.2590000000000001 0.014387157870852717
v -0.1349999999999999 -0.2650000000000001 0.01790187649661415
v -0.1409999999999999 -0.27100000000000013 0.014387157870852721
v -0.14348528137423847 -0.2734852813742387 0.00590187649661415
v -0.1409999999999999 -0.27100000000000013 -0.002583404877624421
v -0.1349999999999999 -0.2650000000000001 -0.006098123503385852
v -0.1289999999999999 -0.2590000000000001 -0.0025834048776244246
v -0.0955147186257613 -0.28751471862576156 0.012897491117088218
v -0.09799999999999986 -0.29000000000000015 0.021382772491326786
v -0.10399999999999987 -0.29600000000000015 0.02489749111708822
v -0.10999999999999988 -0.30200000000000016 0.02138277249132679
v -0.11248528137423844 -0.30448528137423875 0.01289749111708822
v -0.10999999999999988 -0.30200000000000016 0.004412209742849648
v -0.10399999999999987 -0.29600000000000015 0.0008974911170882179
v -0.09799999999999986 -0.29000000000000015 0.004412209742849645
v -0.06451471862576139 -0.3185147186257615 0.008597054249207462
v -0.06699999999999995 -0.32100000000000006 0.01708233562344603
v -0.07299999999999995 -0.32700000000000007 0.020597054249207464
v -0.07899999999999996 -0.3330000000000001 0.017082335623446035
v -0.08148528137423852 -0.33548528137423866 0.008597054249207463
v -0.07899999999999996 -0.3330000000000001 0.00011177287496889204
v -0.07299999999999995 -0.32700000000000007 -0.0034029457507925385
v -0.06699999999999995 -0.32100000000000006 0.00011177287496888857
v -0.03351471862576136 -0.3495147186257615 -0.0032329685331431365
v -0.03599999999999992 -0.3520000000000001 0.005252312841095433
v -0.041999999999999926 -0.3580000000000001 0.008767031466856864
v -0.047999999999999925 -0.3640000000000001 0.005252312841095435
v -0.050485281374238494 -0.3664852813742387 -0.0032329685331431352
v -0.04799999999999993 -0.3640000000000001 -0.011718249907381706
v -0.041999999999999926 -0.3580000000000001 -0.015232968533143137
v -0.03599999999999993 -0.3520000000000001 -0.01171824990738171
v -0.0025147186257613273 -0.3805147186257615 -0.012231449996404941
v -0.004999999999999897 -0.3830000000000001 -0.0037461686221663716
v -0.010999999999999899 -0.3890000000000001 -0.00023144999640494109
v -0.016999999999999897 -0.39500000000000013 -0.00374616862216637
v -0.01948528137423847 -0.3974852813742387 -0.01223144999640494
v -0.0169999999999999 -0.39500000000000013 -0.02071673137064351
v -0.0109999999999999 -0.3890000000000001 -0.02423144999640494
v -0.0049999999999999 -0.3830000000000001 -0.020716731370643515
v 0.02848528137423859 -0.41151471862576144 -0.01051722092687431
v 0.02600000000000002 -0.41400000000000003 -0.002031939552635741
v 0.020000000000000018 -0.42000000000000004 0.0014827790731256896
v 0.014000000000000018 -0.42600000000000005 -0.0020319395526357392
v 0.011514718625761446 -0.42848528137423864 -0.010517220926874309
v 0.014000000000000016 -0.42600000000000005 -0.019002502301112882
v 0.020000000000000018 -0.42000000000000004 -0.02251722092687431
v 0.026000000000000016 -0.41400000000000003 -0.019002502301112882
v 0.05948528137423861 -0.44251471862576147 0.0004083398680156846
v 0.05700000000000005 -0.44500000000000006 0.008893621242254254
v 0.051000000000000045 -0.45100000000000007 0.012408339868015685
v 0.04500000000000005 -0.4570000000000001 0.008893621242254256
v 0.04251471862576148 -0.45948528137423866 0.00040833986801568604
v 0.04500000000000004 -0.4570000000000001 -0.008076941506222885
v 0.051000000000000045 -0.45100000000000007 -0.011591660131984316
v 0.057000000000000044 -0.44500000000000006 -0.008076941506222889
v 0.09048528137423853 -0.4735147186257614 0.010976263031526177
v 0.08799999999999997 -0.476 0.019461544405764745
v 0.08199999999999996 -0.482 0.022976263031526178
v 0.07599999999999996 -0.488 0.01946154440576475
v 0.0735147186257614 -0.4904852813742386 0.01097626303152618
v 0.07599999999999996 -0.488 0.0024909816572876078
v 0.08199999999999996 -0.482 -0.0010237369684738228
v 0.08799999999999997 -0.476 0.0024909816572876043
v 0.12148528137423856 -0.5045147186257615 0.011930810133891759
v 0.119 -0.507 0.020416091508130327
v 0.11299999999999999 -0.513 0.02393081013389176
v 0.10699999999999998 -0.519 0.02041609150813033
v 0.10451471862576142 -0.5214852813742386 0.01193081013389176
v 0.10699999999999998 -0.519 0.003445528759653189
v 0.11299999999999999 -0.513 -0.00006918986610824143
v 0.119 -0.507 0.0034455287596531856
v 0.1524852813742387 -0.5355147186257616 0.002435957089614389
v 0.15000000000000013 -0.5380000000000001 0.01092123846385296
v 0.14400000000000013 -0.5440000000000002 0.01443595708961439
v 0.13800000000000012 -0.5500000000000002 0.010921238463852961
v 0.13551471862576156 -0.5524852813742387 0.0024359570896143904
v 0.13800000000000012 -0.5500000000000002 -0.00604932428462418
v 0.14400000000000013 -0.5440000000000002 -0.00956404291038561
v 0.15000000000000013 -0.5380000000000001 -0.006049324284624184
v 0.1834852813742386 -0.5665147186257615 -0.009192388155425122
v 0.18100000000000005 -0.5690000000000001 -0.000707106781186552
v 0.17500000000000004 -0.5750000000000001 0.0028076118445748786
v 0.16900000000000004 -0.5810000000000001 -0.0007071067811865502
v 0.16651471862576148 -0.5834852813742386 -0.00919238815542512
v 0.16900000000000004 -0.5810000000000001 -0.01767766952966369
v 0.17500000000000004 -0.5750000000000001 -0.021192388155425124
v 0.18100000000000005 -0.5690000000000001 -0.017677669529663695
v 0.36651471862576135 -0.5834852813742385 0.009192388155425087
v 0.36899999999999994 -0.581 0.017677669529663657
v 0.37499999999999994 -0.575 0.02119238815542509
v 0.38099999999999995 -0.569 0.01767766952966366
v 0.38348528137423854 -0.5665147186257614 0.009192388155425089
v 0.38099999999999995 -0.569 0.0007071067811865173
v 0.37499999999999994 -0.575 -0.0028076118445749133
v 0.36899999999999994 -0.581 0.0007071067811865138
v 0.33543363754468025 -0.5524042002931574 -0.0024684766949365916
v 0.33791891891891884 -0.5499189189189189 0.006016804679301978
v 0.34391891891891885 -0.5439189189189189 0.009531523305063409
v 0.34991891891891885 -0.5379189189189189 0.00601680467930198
v 0.35240420029315744 -0.5354336375446803 -0.0024684766949365903
v 0.34991891891891885 -0.5379189189189189 -0.010953758069175161
v 0.34391891891891885 -0.5439189189189189 -0.014468476694936592
v 0.33791891891891884 -0.5499189189189189 -0.010953758069175165
v 0.3043525564635992 -0.5213231192120763 -0.011956957574090614
v 0.3068378378378378 -0.5188378378378378 -0.0034716761998520446
v 0.3128378378378378 -0.5128378378378378 0.000043042425909385965
v 0.3188378378378378 -0.5068378378378378 -0.003471676199852043
v 0.3213231192120764 -0.5043525564635992 -0.011956957574090613
v 0.3188378378378378 -0.5068378378378378 -0.020442238948329184
v 0.3128378378378378 -0.5128378378378378 -0.023956957574090616
v 0.3068378378378378 -0.5188378378378378 -0.020442238948329187
v 0.2732714753825181 -0.4902420381309953 -0.010922712825878788
v 0.2757567567567567 -0.4877567567567567 -0.0024374314516402186
v 0.2817567567567567 -0.4817567567567567 0.001077287174121212
v 0.2877567567567567 -0.4757567567567567 -0.002437431451640217
v 0.2902420381309953 -0.4732714753825181 -0.010922712825878787
v 0.2877567567567567 -0.4757567567567567 -0.019407994200117358
v 0.2817567567567567 -0.4817567567567567 -0.022922712825878787
v 0.2757567567567567 -0.4877567567567567 -0.01940799420011736
v 0.24219039430143705 -0.4591609570499142 -0.0002759299833370664
v 0.2446756756756756 -0.45667567567567563 0.008209351390901504
v 0.2506756756756756 -0.4506756756756756 0.011724070016662935
v 0.2566756756756756 -0.4446756756756756 0.008209351390901506
v 0.2591609570499142 -0.44219039430143703 -0.00027592998333706494
v 0.2566756756756756 -0.4446756756756756 -0.008761211357575635
v 0.2506756756756756 -0.4506756756756756 -0.012275929983337066
v 0.2446756756756756 -0.45667567567567563 -0.008761211357575639
v 0.21110931322035598 -0.4280798759688332 0.010613685159062526
v 0.21359459459459454 -0.4255945945945946 0.019098966533301096
v 0.21959459459459454 -0.4195945945945946 0.02261368515906253
v 0.22559459459459455 -0.4135945945945946 0.0190989665333011
v 0.2280798759688331 -0.411109313220356 0.010613685159062528
v 0.22559459459459455 -0.4135945945945946 0.0021284037848239568
v 0.21959459459459454 -0.4195945945945946 -0.0013863148409374738
v 0.21359459459459454 -0.4255945945945946 0.0021284037848239533
v 0.1800282321392749 -0.3969987948877521 0.012162722137492699
v 0.18251351351351347 -0.3945135135135135 0.020648003511731267
v 0.18851351351351348 -0.3885135135135135 0.0241627221374927
v 0.19451351351351348 -0.3825135135135135 0.02064800351173127
v 0.19699879488775204 -0.3800282321392749 0.0121627221374927
v 0.19451351351351348 -0.3825135135135135 0.003677440763254129
v 0.18851351351351348 -0.3885135135135135 0.00016272213749269834
v 0.18251351351351347 -0.3945135135135135 0.0036774407632541254
v 0.1489471510581938 -0.365917713806671 0.003007950296524408
v 0.15143243243243237 -0.3634324324324324 0.011493231670762978
v 0.15743243243243238 -0.3574324324324324 0.015007950296524408
v 0.16343243243243238 -0.3514324324324324 0.01149323167076298
v 0.16591771380667095 -0.3489471510581938 0.0030079502965244093
v 0.16343243243243238 -0.3514324324324324 -0.005477331077714162
v 0.15743243243243238 -0.3574324324324324 -0.008992049703475592
v 0.15143243243243237 -0.3634324324324324 -0.005477331077714165
v 0.11786606997711274 -0.3348366327255899 -0.00879396948947514
v 0.1203513513513513 -0.3323513513513513 -0.00030868811523656996
v 0.1263513513513513 -0.3263513513513513 0.0032060305105248606
v 0.13235135135135132 -0.3203513513513513 -0.0003086881152365682
v 0.13483663272558988 -0.3178660699771127 -0.008793969489475138
v 0.13235135135135132 -0.3203513513513513 -0.017279250863713708
v 0.1263513513513513 -0.3263513513513513 -0.02079396948947514
v 0.1203513513513513 -0.3323513513513513 -0.017279250863713715
v 0.08678498889603167 -0.30375555164450885 -0.012856752664863186
v 0.08927027027027024 -0.30127027027027026 -0.004371471290624616
v 0.09527027027027024 -0.29527027027027025 -0.0008567526648631859
v 0.10127027027027025 -0.28927027027027025 -0.004371471290624615
v 0.10375555164450881 -0.28678498889603166 -0.012856752664863184
v 0.10127027027027025 -0.28927027027027025 -0.021342034039101756
v 0.09527027027027024 -0.29527027027027025 -0.024856752664863188
v 0.08927027027027024 -0.30127027027027026 -0.02134203403910176
v 0.055703907814950576 -0.27267447056342775 -0.0056049451583862955
v 0.058189189189189146 -0.27018918918918916 0.0028803362158522743
v 0.06418918918918914 -0.26418918918918916 0.006395054841613705
v 0.07018918918918915 -0.25818918918918915 0.002880336215852276
v 0.07267447056342771 -0.25570390781495056 -0.005604945158386294
v 0.07018918918918915 -0.25818918918918915 -0.014090226532624865
v 0.06418918918918914 -0.26418918918918916 -0.017604945158386294
v 0.058189189189189146 -0.27018918918918916 -0.014090226532624869
v 0.02462282673386948 -0.24159338948234663 0.006579496732102556
v 0.02710810810810805 -0.23910810810810806 0.015064778106341126
v 0.03310810810810805 -0.23310810810810806 0.018579496732102557
v 0.039108108108108046 -0.22710810810810805 0.015064778106341128
v 0.041593389482346615 -0.2246228267338695 0.006579496732102558
v 0.03910810810810805 -0.22710810810810805 -0.0019057846421360134
v 0.03310810810810805 -0.23310810810810806 -0.005420503267897444
v 0.02710810810810805 -0.23910810810810806 -0.0019057846421360169
v -0.006458254347211563 -0.21051230840126559 0.012973649709290562
v -0.003972972972972994 -0.20802702702702702 0.021458931083529132
v 0.002027027027027006 -0.20202702702702702 0.024973649709290564
v 0.008027027027027005 -0.196027027027027 0.021458931083529136
v 0.010512308401265576 -0.19354174565278845 0.012973649709290564
v 0.008027027027027008 -0.196027027027027 0.004488368335051993
v 0.002027027027027008 -0.20202702702702702 0.0009736497092905621
v -0.003972972972972992 -0.20802702702702702 0.004488368335051989
v -0.03753933542829266 -0.1794312273201845 0.007950336710665574
v -0.03505405405405409 -0.17694594594594593 0.016435618084904145
v -0.02905405405405409 -0.17094594594594592 0.019950336710665574
v -0.023054054054054092 -0.16494594594594592 0.016435618084904145
v -0.020568772679815522 -0.16246066457170735 0.007950336710665576
v -0.02305405405405409 -0.16494594594594592 -0.0005349446635729959
v -0.02905405405405409 -0.17094594594594592 -0.004049663289334426
v -0.03505405405405409 -0.17694594594594593 -0.0005349446635729994
v -0.06862041650937376 -0.1483501462391034 -0.004069673510736908
v -0.06613513513513519 -0.14586486486486483 0.004415607863501662
v -0.06013513513513519 -0.13986486486486482 0.007930326489263093
v -0.05413513513513519 -0.13386486486486482 0.004415607863501664
v -0.05164985376089662 -0.13137958349062626 -0.004069673510736906
v -0.05413513513513518 -0.13386486486486482 -0.012554954884975478
v -0.06013513513513519 -0.13986486486486482 -0.016069673510736907
v -0.06613513513513519 -0.14586486486486483 -0.012554954884975482
v -0.09970149759045485 -0.1172690651580223 -0.012508165818315048
v -0.09721621621621629 -0.11478378378378373 -0.004022884444076478
v -0.09121621621621628 -0.10878378378378373 -0.0005081658183150473
v -0.08521621621621628 -0.10278378378378372 -0.004022884444076476
v -0.08273093484197772 -0.10029850240954516 -0.012508165818315046
v -0.08521621621621628 -0.10278378378378372 -0.020993447192553617
v -0.09121621621621628 -0.10878378378378373 -0.024508165818315046
v -0.09721621621621629 -0.11478378378378373 -0.02099344719255362
v -0.1307825786715359 -0.08618798407694125 -0.009938841447432192
v -0.12829729729729733 -0.08370270270270269 -0.0014535600731936226
v -0.12229729729729732 -0.07770270270270269 0.002061158552567808
v -0.11629729729729732 -0.07170270270270268 -0.0014535600731936209
v -0.11381201592305876 -0.06921742132846412 -0.00993884144743219
v -0.11629729729729732 -0.07170270270270268 -0.01842412282167076
v -0.12229729729729732 -0.07770270270270269 -0.021938841447432193
v -0.12829729729729733 -0.08370270270270269 -0.018424122821670767
v -0.16186365975261705 -0.0551069029958601 0.0013771645903524448
v -0.15937837837837848 -0.05262162162162153 0.009862445964591014
v -0.15337837837837848 -0.046621621621621534 0.013377164590352444
v -0.14737837837837847 -0.040621621621621536 0.009862445964591016
v -0.1448930970041399 -0.038136340247382966 0.0013771645903524463
v -0.14737837837837847 -0.04062162162162153 -0.007108116783886125
v -0.15337837837837848 -0.046621621621621534 -0.010622835409647556
v -0.15937837837837848 -0.05262162162162153 -0.007108116783886128
v -0.19294474083369803 -0.024025821914779116 0.011481196341349918
v -0.19045945945945947 -0.021540540540540547 0.019966477715588488
v -0.18445945945945946 -0.015540540540540548 0.023481196341349916
v -0.17845945945945946 -0.00954054054054055 0.019966477715588488
v -0.1759741780852209 -0.007055259166301979 0.01148119634134992
v -0.17845945945945946 -0.009540540540540546 0.002995914967111348
v -0.18445945945945946 -0.015540540540540547 -0.0005188036586500824
v -0.19045945945945947 -0.021540540540540547 0.0029959149671113447
v -0.22402582191477913 0.007055259166301979 0.011481196341349921
v -0.22154054054054056 0.009540540540540548 0.01996647771558849
v -0.21554054054054056 0.015540540540540548 0.023481196341349923
v -0.20954054054054055 0.021540540540540547 0.019966477715588495
v -0.207055259166302 0.024025821914779116 0.011481196341349923
v -0.20954054054054055 0.02154054054054055 0.0029959149671113516
v -0.21554054054054056 0.01554054054054055 -0.0005188036586500789
v -0.22154054054054056 0.00954054054054055 0.002995914967111348
v -0.25510690299586025 0.03813634024738308 0.0013771645903524021
v -0.25262162162162166 0.04062162162162165 0.009862445964590972
v -0.24662162162162166 0.046621621621621645 0.013377164590352403
v -0.24062162162162165 0.05262162162162164 0.009862445964590974
v -0.2381363402473831 0.05510690299586021 0.0013771645903524036
v -0.24062162162162165 0.05262162162162165 -0.007108116783886167
v -0.24662162162162166 0.046621621621621645 -0.010622835409647598
v -0.25262162162162166 0.04062162162162165 -0.007108116783886171
v -0.28618798407694124 0.06921742132846406 -0.00993884144743218
v -0.28370270270270265 0.07170270270270263 -0.0014535600731936105
v -0.27770270270270264 0.07770270270270263 0.00206115855256782
v -0.27170270270270264 0.08370270270270264 -0.0014535600731936087
v -0.26921742132846405 0.0861879840769412 -0.009938841447432178
v -0.27170270270270264 0.08370270270270264 -0.01842412282167075
v -0.27770270270270264 0.07770270270270263 -0.021938841447432182
v -0.28370270270270265 0.07170270270270263 -0.018424122821670753
v -0.31726906515802245 0.10029850240954527 -0.012508165818315037
v -0.31478378378378385 0.10278378378378383 -0.0040228844440764674
v -0.30878378378378385 0.10878378378378384 -0.0005081658183150369
v -0.30278378378378384 0.11478378378378384 -0.004022884444076466
v -0.30029850240954525 0.1172690651580224 -0.012508165818315035
v -0.30278378378378384 0.11478378378378384 -0.020993447192553607
v -0.30878378378378385 0.10878378378378384 -0.02450816581831504
v -0.31478378378378385 0.10278378378378383 -0.02099344719255361
v -0.34835014623910343 0.13137958349062626 -0.004069673510736913
v -0.34586486486486484 0.13386486486486482 0.004415607863501657
v -0.33986486486486484 0.13986486486486482 0.007930326489263086
v -0.33386486486486483 0.14586486486486483 0.004415607863501658
v -0.33137958349062624 0.1483501462391034 -0.004069673510736911
v -0.33386486486486483 0.14586486486486483 -0.012554954884975482
v -0.33986486486486484 0.13986486486486482 -0.016069673510736914
v -0.34586486486486484 0.13386486486486482 -0.012554954884975485
v -0.3794312273201845 0.16246066457170735 0.00795033671066559
v -0.37694594594594594 0.16494594594594592 0.01643561808490416
v -0.37094594594594593 0.17094594594594592 0.019950336710665588
v -0.3649459459459459 0.17694594594594593 0.01643561808490416
v -0.36246066457170734 0.1794312273201845 0.007950336710665591
v -0.3649459459459459 0.17694594594594593 -0.0005349446635729803
v -0.37094594594594593 0.17094594594594592 -0.004049663289334411
v -0.37694594594594594 0.16494594594594592 -0.0005349446635729838
v -0.4105123084012656 0.19354174565278845 0.012973649709290562
v -0.40802702702702703 0.196027027027027 0.021458931083529132
v -0.40202702702702703 0.20202702702702702 0.024973649709290564
v -0.396027027027027 0.20802702702702702 0.021458931083529136
v -0.39354174565278843 0.21051230840126559 0.012973649709290564
v -0.396027027027027 0.20802702702702702 0.004488368335051993
v -0.40202702702702703 0.20202702702702702 0.0009736497092905621
v -0.40802702702702703 0.196027027027027 0.004488368335051989
v -0.4415933894823467 0.22462282673386955 0.006579496732102539
v -0.43910810810810813 0.2271081081081081 0.015064778106341109
v -0.4331081081081081 0.23310810810810811 0.01857949673210254
v -0.4271081081081081 0.23910810810810812 0.01506477810634111
v -0.42462282673386953 0.24159338948234668 0.006579496732102541
v -0.4271081081081081 0.23910810810810812 -0.0019057846421360308
v -0.4331081081081081 0.23310810810810811 -0.005420503267897461
v -0.43910810810810813 0.2271081081081081 -0.0019057846421360342
v -0.4726744705634277 0.2557039078149505 -0.005604945158386272
v -0.4701891891891891 0.2581891891891891 0.0028803362158522977
v -0.4641891891891891 0.2641891891891891 0.006395054841613728
v -0.4581891891891891 0.2701891891891891 0.0028803362158522994
v -0.4557039078149505 0.2726744705634277 -0.00560494515838627
v -0.4581891891891891 0.2701891891891891 -0.014090226532624841
v -0.4641891891891891 0.2641891891891891 -0.017604945158386273
v -0.4701891891891891 0.2581891891891891 -0.014090226532624844
v -0.5037555516445089 0.2867849888960317 -0.01285675266486319
v -0.5012702702702703 0.2892702702702703 -0.00437147129062462
v -0.4952702702702703 0.2952702702702703 -0.0008567526648631894
v -0.4892702702702703 0.3012702702702703 -0.004371471290624618
v -0.4867849888960317 0.3037555516445089 -0.012856752664863188
v -0.4892702702702703 0.3012702702702703 -0.02134203403910176
v -0.4952702702702703 0.2952702702702703 -0.024856752664863188
v -0.5012702702702703 0.2892702702702703 -0.021342034039101763
v -0.5348366327255899 0.3178660699771127 -0.008793969489475141
v -0.5323513513513514 0.3203513513513513 -0.0003086881152365717
v -0.5263513513513514 0.3263513513513513 0.003206030510524859
v -0.5203513513513514 0.3323513513513513 -0.00030868811523656996
v -0.5178660699771128 0.3348366327255899 -0.00879396948947514
v -0.5203513513513514 0.3323513513513513 -0.01727925086371371
v -0.5263513513513514 0.3263513513513513 -0.020793969489475143
v -0.5323513513513514 0.3203513513513513 -0.017279250863713715
v -0.565917713806671 0.3489471510581939 0.0030079502965244275
v -0.5634324324324325 0.3514324324324325 0.011493231670762997
v -0.5574324324324325 0.3574324324324325 0.015007950296524427
v -0.5514324324324325 0.3634324324324325 0.011493231670762999
v -0.5489471510581939 0.3659177138066711 0.003007950296524429
v -0.5514324324324325 0.3634324324324325 -0.005477331077714143
v -0.5574324324324325 0.3574324324324325 -0.008992049703475573
v -0.5634324324324325 0.3514324324324325 -0.005477331077714146
v -0.5969987948877521 0.3800282321392749 0.012162722137492706
v -0.5945135135135136 0.3825135135135135 0.020648003511731274
v -0.5885135135135136 0.3885135135135135 0.024162722137492706
v -0.5825135135135135 0.3945135135135135 0.020648003511731277
v -0.580028232139275 0.3969987948877521 0.012162722137492707
v -0.5825135135135135 0.3945135135135135 0.003677440763254136
v -0.5885135135135136 0.3885135135135135 0.00016272213749270528
v -0.5945135135135136 0.3825135135135135 0.0036774407632541323
v -0.6280798759688332 0.411109313220356 0.010613685159062514
v -0.6255945945945947 0.4135945945945946 0.019098966533301086
v -0.6195945945945946 0.4195945945945946 0.022613685159062515
v -0.6135945945945946 0.4255945945945946 0.019098966533301086
v -0.6111093132203561 0.4280798759688332 0.010613685159062516
v -0.6135945945945946 0.4255945945945946 0.0021284037848239446
v -0.6195945945945946 0.4195945945945946 -0.001386314840937486
v -0.6255945945945947 0.4135945945945946 0.002128403784823941
v -0.6591609570499141 0.442190394301437 -0.000275929983337017
v -0.6566756756756755 0.44467567567567556 0.008209351390901553
v -0.6506756756756755 0.45067567567567557 0.011724070016662983
v -0.6446756756756755 0.4566756756756756 0.008209351390901554
v -0.642190394301437 0.45916095704991416 -0.00027592998333701555
v -0.6446756756756755 0.4566756756756756 -0.008761211357575587
v -0.6506756756756755 0.45067567567567557 -0.012275929983337017
v -0.6566756756756755 0.44467567567567556 -0.00876121135757559
v -0.6902420381309954 0.4732714753825183 -0.010922712825878835
v -0.6877567567567568 0.4757567567567569 -0.0024374314516402654
v -0.6817567567567568 0.4817567567567569 0.001077287174121165
v -0.6757567567567568 0.4877567567567569 -0.0024374314516402637
v -0.6732714753825183 0.4902420381309955 -0.010922712825878833
v -0.6757567567567568 0.4877567567567569 -0.019407994200117407
v -0.6817567567567568 0.4817567567567569 -0.022922712825878835
v -0.6877567567567568 0.4757567567567569 -0.019407994200117407
v -0.7213231192120763 0.5043525564635992 -0.011956957574090633
v -0.7188378378378377 0.5068378378378378 -0.0034716761998520636
v -0.7128378378378377 0.5128378378378378 0.00004304242590936688
v -0.7068378378378377 0.5188378378378378 -0.003471676199852062
v -0.7043525564635992 0.5213231192120763 -0.011956957574090632
v -0.7068378378378377 0.5188378378378378 -0.0204422389483292
v -0.7128378378378377 0.5128378378378378 -0.023956957574090634
v -0.7188378378378377 0.5068378378378378 -0.02044223894832921
v -0.7524042002931574 0.5354336375446803 -0.0024684766949365946
v -0.7499189189189188 0.5379189189189189 0.006016804679301975
v -0.7439189189189188 0.5439189189189189 0.009531523305063405
v -0.7379189189189188 0.5499189189189189 0.006016804679301976
v -0.7354336375446803 0.5524042002931574 -0.0024684766949365933
v -0.7379189189189188 0.5499189189189189 -0.010953758069175165
v -0.7439189189189188 0.5439189189189189 -0.014468476694936595
v -0.7499189189189188 0.5379189189189189 -0.010953758069175168
v -0.7834852813742385 0.5665147186257614 0.00919238815542507
v -0.7809999999999999 0.569 0.01767766952966364
v -0.7749999999999999 0.575 0.021192388155425068
v -0.7689999999999999 0.581 0.01767766952966364
v -0.7665147186257614 0.5834852813742385 0.009192388155425071
v -0.7689999999999999 0.581 0.0007071067811864999
v -0.7749999999999999 0.575 -0.0028076118445749306
v -0.7809999999999999 0.569 0.0007071067811864964
v 0.5665147186257614 -0.5834852813742385 -0.00919238815542507
v 0.569 -0.581 -0.0007071067811864999
v 0.575 -0.575 0.0028076118445749306
v 0.581 -0.569 -0.0007071067811864982
v 0.5834852813742385 -0.5665147186257614 -0.009192388155425068
v 0.581 -0.569 -0.01767766952966364
v 0.575 -0.575 -0.021192388155425068
v 0.569 -0.581 -0.017677669529663643
v 0.5354336375446803 -0.5524042002931574 0.0024684766949365933
v 0.5379189189189189 -0.5499189189189189 0.010953758069175163
v 0.5439189189189189 -0.5439189189189189 0.014468476694936594
v 0.5499189189189189 -0.5379189189189189 0.010953758069175165
v 0.5524042002931574 -0.5354336375446803 0.0024684766949365946
v 0.5499189189189189 -0.5379189189189189 -0.006016804679301976
v 0.5439189189189189 -0.5439189189189189 -0.009531523305063407
v 0.5379189189189189 -0.5499189189189189 -0.00601680467930198
v 0.5043525564635992 -0.5213231192120763 0.011956957574090633
v 0.5068378378378378 -0.5188378378378378 0.0204422389483292
v 0.5128378378378378 -0.5128378378378378 0.023956957574090634
v 0.5188378378378378 -0.5068378378378378 0.020442238948329205
v 0.5213231192120763 -0.5043525564635992 0.011956957574090635
v 0.5188378378378378 -0.5068378378378378 0.0034716761998520636
v 0.5128378378378378 -0.5128378378378378 -0.00004304242590936688
v 0.5068378378378378 -0.5188378378378378 0.00347167619985206
v 0.4732714753825181 -0.4902420381309953 0.010922712825878787
v 0.4757567567567567 -0.4877567567567567 0.019407994200117358
v 0.4817567567567567 -0.4817567567567567 0.022922712825878787
v 0.4877567567567567 -0.4757567567567567 0.019407994200117358
v 0.4902420381309953 -0.4732714753825181 0.010922712825878788
v 0.4877567567567567 -0.4757567567567567 0.002437431451640217
v 0.4817567567567567 -0.4817567567567567 -0.0010772871741212137
v 0.4757567567567567 -0.4877567567567567 0.0024374314516402134
v 0.44219039430143703 -0.4591609570499142 0.00027592998333708787
v 0.4446756756756756 -0.45667567567567563 0.008761211357575658
v 0.4506756756756756 -0.4506756756756756 0.012275929983337088
v 0.45667567567567563 -0.4446756756756756 0.00876121135757566
v 0.4591609570499142 -0.44219039430143703 0.00027592998333708933
v 0.45667567567567563 -0.4446756756756756 -0.008209351390901481
v 0.4506756756756756 -0.4506756756756756 -0.011724070016662912
v 0.4446756756756756 -0.45667567567567563 -0.008209351390901485
v 0.411109313220356 -0.4280798759688332 -0.010613685159062526
v 0.4135945945945946 -0.4255945945945946 -0.0021284037848239568
v 0.4195945945945946 -0.4195945945945946 0.0013863148409374738
v 0.4255945945945946 -0.4135945945945946 -0.002128403784823955
v 0.4280798759688332 -0.411109313220356 -0.010613685159062525
v 0.4255945945945946 -0.4135945945945946 -0.019098966533301096
v 0.4195945945945946 -0.4195945945945946 -0.02261368515906253
v 0.4135945945945946 -0.4255945945945946 -0.0190989665333011
v 0.3800282321392749 -0.3969987948877521 -0.012162722137492699
v 0.3825135135135135 -0.3945135135135135 -0.003677440763254129
v 0.3885135135135135 -0.3885135135135135 -0.00016272213749269834
v 0.3945135135135135 -0.3825135135135135 -0.003677440763254127
v 0.3969987948877521 -0.3800282321392749 -0.012162722137492697
v 0.3945135135135135 -0.3825135135135135 -0.020648003511731267
v 0.3885135135135135 -0.3885135135135135 -0.0241627221374927
v 0.3825135135135135 -0.3945135135135135 -0.020648003511731274
v 0.3489471510581938 -0.365917713806671 -0.003007950296524429
v 0.3514324324324324 -0.3634324324324324 0.005477331077714141
v 0.3574324324324324 -0.3574324324324324 0.008992049703475571
v 0.3634324324324324 -0.3514324324324324 0.005477331077714143
v 0.365917713806671 -0.3489471510581938 -0.0030079502965244275
v 0.3634324324324324 -0.3514324324324324 -0.011493231670762999
v 0.3574324324324324 -0.3574324324324324 -0.015007950296524429
v 0.3514324324324324 -0.3634324324324324 -0.011493231670763002
v 0.3178660699771127 -0.3348366327255899 0.008793969489475157
v 0.3203513513513513 -0.3323513513513513 0.01727925086371373
v 0.3263513513513513 -0.3263513513513513 0.020793969489475157
v 0.3323513513513513 -0.3203513513513513 0.01727925086371373
v 0.3348366327255899 -0.3178660699771127 0.008793969489475159
v 0.3323513513513513 -0.3203513513513513 0.0003086881152365873
v 0.3263513513513513 -0.3263513513513513 -0.0032060305105248432
v 0.3203513513513513 -0.3323513513513513 0.00030868811523658383
v 0.28678498889603166 -0.30375555164450885 0.012856752664863184
v 0.28927027027027025 -0.30127027027027026 0.021342034039101752
v 0.29527027027027025 -0.29527027027027025 0.024856752664863185
v 0.30127027027027026 -0.28927027027027025 0.021342034039101756
v 0.30375555164450885 -0.28678498889603166 0.012856752664863186
v 0.30127027027027026 -0.28927027027027025 0.004371471290624615
v 0.29527027027027025 -0.29527027027027025 0.0008567526648631842
v 0.28927027027027025 -0.30127027027027026 0.004371471290624611
v 0.25570390781495056 -0.27267447056342775 0.005604945158386294
v 0.25818918918918915 -0.27018918918918916 0.014090226532624863
v 0.26418918918918916 -0.26418918918918916 0.017604945158386294
v 0.27018918918918916 -0.25818918918918915 0.014090226532624865
v 0.27267447056342775 -0.25570390781495056 0.0056049451583862955
v 0.27018918918918916 -0.25818918918918915 -0.002880336215852276
v 0.26418918918918916 -0.26418918918918916 -0.0063950548416137065
v 0.25818918918918915 -0.27018918918918916 -0.0028803362158522795
v 0.2246228267338695 -0.24159338948234663 -0.006579496732102548
v 0.22710810810810805 -0.23910810810810806 0.001905784642136022
v 0.23310810810810806 -0.23310810810810806 0.005420503267897453
v 0.23910810810810806 -0.22710810810810805 0.0019057846421360238
v 0.24159338948234663 -0.2246228267338695 -0.006579496732102546
v 0.23910810810810806 -0.22710810810810805 -0.015064778106341117
v 0.23310810810810806 -0.23310810810810806 -0.018579496732102546
v 0.22710810810810805 -0.23910810810810806 -0.01506477810634112
v 0.19354174565278845 -0.21051230840126559 -0.012973649709290562
v 0.196027027027027 -0.20802702702702702 -0.004488368335051993
v 0.20202702702702702 -0.20202702702702702 -0.0009736497092905621
v 0.20802702702702702 -0.196027027027027 -0.004488368335051991
v 0.21051230840126559 -0.19354174565278845 -0.01297364970929056
v 0.20802702702702702 -0.196027027027027 -0.021458931083529132
v 0.20202702702702702 -0.20202702702702702 -0.024973649709290564
v 0.196027027027027 -0.20802702702702702 -0.021458931083529136
v 0.16246066457170735 -0.1794312273201845 -0.007950336710665574
v 0.16494594594594592 -0.17694594594594593 0.0005349446635729959
v 0.17094594594594592 -0.17094594594594592 0.004049663289334426
v 0.17694594594594593 -0.16494594594594592 0.0005349446635729976
v 0.1794312273201845 -0.16246066457170735 -0.007950336710665572
v 0.17694594594594593 -0.16494594594594592 -0.016435618084904145
v 0.17094594594594592 -0.17094594594594592 -0.019950336710665574
v 0.16494594594594592 -0.17694594594594593 -0.016435618084904145
v 0.13137958349062626 -0.1483501462391034 0.004069673510736912
v 0.13386486486486482 -0.14586486486486483 0.012554954884975482
v 0.13986486486486482 -0.13986486486486482 0.01606967351073691
v 0.14586486486486483 -0.13386486486486482 0.012554954884975484
v 0.1483501462391034 -0.13137958349062626 0.004069673510736914
v 0.14586486486486483 -0.13386486486486482 -0.0044156078635016575
v 0.13986486486486482 -0.13986486486486482 -0.007930326489263088
v 0.13386486486486482 -0.14586486486486483 -0.004415607863501661
v 0.10029850240954516 -0.1172690651580223 0.01250816581831505
v 0.10278378378378372 -0.11478378378378373 0.020993447192553617
v 0.10878378378378373 -0.10878378378378373 0.02450816581831505
v 0.11478378378378373 -0.10278378378378372 0.02099344719255362
v 0.1172690651580223 -0.10029850240954516 0.012508165818315051
v 0.11478378378378373 -0.10278378378378372 0.00402288444407648
v 0.10878378378378373 -0.10878378378378373 0.0005081658183150491
v 0.10278378378378372 -0.11478378378378373 0.004022884444076476
v 0.06921742132846412 -0.08618798407694125 0.009938841447432196
v 0.07170270270270268 -0.08370270270270269 0.018424122821670767
v 0.07770270270270269 -0.07770270270270269 0.021938841447432196
v 0.08370270270270269 -0.07170270270270268 0.018424122821670767
v 0.08618798407694125 -0.06921742132846412 0.009938841447432198
v 0.08370270270270269 -0.07170270270270268 0.001453560073193626
v 0.07770270270270269 -0.07770270270270269 -0.0020611585525678044
v 0.07170270270270268 -0.08370270270270269 0.0014535600731936226
v 0.038136340247382966 -0.0551069029958601 -0.0013771645903524466
v 0.040621621621621536 -0.05262162162162153 0.007108116783886123
v 0.046621621621621534 -0.046621621621621534 0.010622835409647554
v 0.05262162162162153 -0.040621621621621536 0.007108116783886125
v 0.0551069029958601 -0.038136340247382966 -0.001377164590352445
v 0.05262162162162154 -0.04062162162162153 -0.009862445964591016
v 0.046621621621621534 -0.046621621621621534 -0.013377164590352446
v 0.040621621621621536 -0.05262162162162153 -0.009862445964591019
v 0.007055259166301979 -0.024025821914779116 -0.01148119634134992
v 0.009540540540540548 -0.021540540540540547 -0.00299591496711135
v 0.015540540540540548 -0.015540540540540548 0.0005188036586500806
v 0.021540540540540547 -0.00954054054054055 -0.002995914967111348
v 0.024025821914779116 -0.007055259166301979 -0.011481196341349918
v 0.02154054054054055 -0.009540540540540546 -0.019966477715588488
v 0.01554054054054055 -0.015540540540540547 -0.02348119634134992
v 0.00954054054054055 -0.021540540540540547 -0.019966477715588495
v -0.024025821914779116 0.007055259166301979 -0.01148119634134992
v -0.021540540540540547 0.009540540540540548 -0.00299591496711135
v -0.015540540540540548 0.015540540540540548 0.0005188036586500806
v -0.00954054054054055 0.021540540540540547 -0.002995914967111348
v -0.007055259166301979 0.024025821914779116 -0.011481196341349918
v -0.009540540540540546 0.02154054054054055 -0.019966477715588488
v -0.015540540540540547 0.01554054054054055 -0.02348119634134992
v -0.021540540540540547 0.00954054054054055 -0.019966477715588495
v -0.05510690299586021 0.03813634024738308 -0.0013771645903523978
v -0.05262162162162164 0.04062162162162165 0.007108116783886172
v -0.046621621621621645 0.046621621621621645 0.010622835409647603
v -0.04062162162162165 0.05262162162162164 0.007108116783886174
v -0.03813634024738308 0.05510690299586021 -0.0013771645903523963
v -0.04062162162162164 0.05262162162162165 -0.009862445964590967
v -0.046621621621621645 0.046621621621621645 -0.013377164590352398
v -0.05262162162162164 0.04062162162162165 -0.00986244596459097
v -0.0861879840769412 0.06921742132846406 0.00993884144743218
v -0.08370270270270264 0.07170270270270263 0.01842412282167075
v -0.07770270270270263 0.07770270270270263 0.021938841447432182
v -0.07170270270270263 0.08370270270270264 0.018424122821670753
v -0.06921742132846406 0.0861879840769412 0.009938841447432182
v -0.07170270270270263 0.08370270270270264 0.0014535600731936105
v -0.07770270270270263 0.07770270270270263 -0.00206115855256782
v -0.08370270270270264 0.07170270270270263 0.001453560073193607
v -0.1172690651580224 0.10029850240954527 0.012508165818315037
v -0.11478378378378384 0.10278378378378383 0.020993447192553607
v -0.10878378378378384 0.10878378378378384 0.02450816581831504
v -0.10278378378378383 0.11478378378378384 0.02099344719255361
v -0.10029850240954527 0.1172690651580224 0.012508165818315039
v -0.10278378378378383 0.11478378378378384 0.0040228844440764674
v -0.10878378378378384 0.10878378378378384 0.0005081658183150369
v -0.11478378378378384 0.10278378378378383 0.004022884444076464
v -0.1483501462391034 0.13137958349062626 0.004069673510736912
v -0.14586486486486483 0.13386486486486482 0.012554954884975482
v -0.13986486486486482 0.13986486486486482 0.01606967351073691
v -0.13386486486486482 0.14586486486486483 0.012554954884975484
v -0.13137958349062626 0.1483501462391034 0.004069673510736914
v -0.13386486486486482 0.14586486486486483 -0.0044156078635016575
v -0.13986486486486482 0.13986486486486482 -0.007930326489263088
v -0.14586486486486483 0.13386486486486482 -0.004415607863501661
v -0.1794312273201845 0.16246066457170735 -0.007950336710665574
v -0.17694594594594593 0.16494594594594592 0.0005349446635729959
v -0.17094594594594592 0.17094594594594592 0.004049663289334426
v -0.16494594594594592 0.17694594594594593 0.0005349446635729976
v -0.16246066457170735 0.1794312273201845 -0.007950336710665572
v -0.16494594594594592 0.17694594594594593 -0.016435618084904145
v -0.17094594594594592 0.17094594594594592 -0.019950336710665574
v -0.17694594594594593 0.16494594594594592 -0.016435618084904145
v -0.21051230840126559 0.19354174565278845 -0.012973649709290562
v -0.20802702702702702 0.196027027027027 -0.004488368335051993
v -0.20202702702702702 0.20202702702702702 -0.0009736497092905621
v -0.196027027027027 0.20802702702702702 -0.004488368335051991
v -0.19354174565278845 0.21051230840126559 -0.01297364970929056
v -0.196027027027027 0.20802702702702702 -0.021458931083529132
v -0.20202702702702702 0.20202702702702702 -0.024973649709290564
v -0.20802702702702702 0.196027027027027 -0.021458931083529136
v -0.24159338948234668 0.22462282673386955 -0.006579496732102537
v -0.23910810810810812 0.2271081081081081 0.0019057846421360325
v -0.23310810810810811 0.23310810810810811 0.005420503267897463
v -0.2271081081081081 0.23910810810810812 0.0019057846421360342
v -0.22462282673386955 0.24159338948234668 -0.0065794967321025355
v -0.2271081081081081 0.23910810810810812 -0.015064778106341107
v -0.23310810810810811 0.23310810810810811 -0.01857949673210254
v -0.23910810810810812 0.2271081081081081 -0.01506477810634111
v -0.2726744705634277 0.2557039078149505 0.005604945158386273
v -0.2701891891891891 0.2581891891891891 0.014090226532624843
v -0.2641891891891891 0.2641891891891891 0.017604945158386273
v -0.2581891891891891 0.2701891891891891 0.014090226532624844
v -0.2557039078149505 0.2726744705634277 0.005604945158386275
v -0.2581891891891891 0.2701891891891891 -0.002880336215852297
v -0.2641891891891891 0.2641891891891891 -0.006395054841613727
v -0.2701891891891891 0.2581891891891891 -0.0028803362158523003
v -0.3037555516445089 0.2867849888960317 0.01285675266486319
v -0.3012702702702703 0.2892702702702703 0.02134203403910176
v -0.2952702702702703 0.2952702702702703 0.024856752664863188
v -0.2892702702702703 0.3012702702702703 0.02134203403910176
v -0.2867849888960317 0.3037555516445089 0.012856752664863191
v -0.2892702702702703 0.3012702702702703 0.00437147129062462
v -0.2952702702702703 0.2952702702702703 0.0008567526648631894
v -0.3012702702702703 0.2892702702702703 0.004371471290624616
v -0.3348366327255899 0.3178660699771127 0.008793969489475157
v -0.3323513513513513 0.3203513513513513 0.01727925086371373
v -0.3263513513513513 0.3263513513513513 0.020793969489475157
v -0.3203513513513513 0.3323513513513513 0.01727925086371373
v -0.3178660699771127 0.3348366327255899 0.008793969489475159
v -0.3203513513513513 0.3323513513513513 0.0003086881152365873
v -0.3263513513513513 0.3263513513513513 -0.0032060305105248432
v -0.3323513513513513 0.3203513513513513 0.00030868811523658383
v -0.3659177138066711 0.3489471510581939 -0.003007950296524452
v -0.3634324324324325 0.3514324324324325 0.005477331077714118
v -0.3574324324324325 0.3574324324324325 0.008992049703475549
v -0.3514324324324325 0.3634324324324325 0.00547733107771412
v -0.3489471510581939 0.3659177138066711 -0.0030079502965244505
v -0.3514324324324325 0.3634324324324325 -0.011493231670763021
v -0.3574324324324325 0.3574324324324325 -0.015007950296524452
v -0.3634324324324325 0.3514324324324325 -0.011493231670763025
v -0.3969987948877521 0.3800282321392749 -0.012162722137492699
v -0.3945135135135135 0.3825135135135135 -0.003677440763254129
v -0.3885135135135135 0.3885135135135135 -0.00016272213749269834
v -0.3825135135135135 0.3945135135135135 -0.003677440763254127
v -0.3800282321392749 0.3969987948877521 -0.012162722137492697
v -0.3825135135135135 0.3945135135135135 -0.020648003511731267
v -0.3885135135135135 0.3885135135135135 -0.0241627221374927
v -0.3945135135135135 0.3825135135135135 -0.020648003511731274
v -0.4280798759688332 0.411109313220356 -0.010613685159062526
v -0.4255945945945946 0.4135945945945946 -0.0021284037848239568
v -0.4195945945945946 0.4195945945945946 0.0013863148409374738
v -0.4135945945945946 0.4255945945945946 -0.002128403784823955
v -0.411109313220356 0.4280798759688332 -0.010613685159062525
v -0.4135945945945946 0.4255945945945946 -0.019098966533301096
v -0.4195945945945946 0.4195945945945946 -0.02261368515906253
v -0.4255945945945946 0.4135945945945946 -0.0190989665333011
v -0.45916095704991416 0.442190394301437 0.00027592998333704174
v -0.4566756756756756 0.44467567567567556 0.008761211357575611
v -0.45067567567567557 0.45067567567567557 0.012275929983337042
v -0.44467567567567556 0.4566756756756756 0.008761211357575613
v -0.442190394301437 0.45916095704991416 0.0002759299833370432
v -0.44467567567567556 0.4566756756756756 -0.008209351390901528
v -0.45067567567567557 0.45067567567567557 -0.011724070016662959
v -0.4566756756756756 0.44467567567567556 -0.008209351390901532
v -0.4902420381309955 0.4732714753825183 0.010922712825878837
v -0.4877567567567569 0.4757567567567569 0.019407994200117407
v -0.4817567567567569 0.4817567567567569 0.022922712825878835
v -0.4757567567567569 0.4877567567567569 0.019407994200117407
v -0.4732714753825183 0.4902420381309955 0.010922712825878839
v -0.4757567567567569 0.4877567567567569 0.002437431451640267
v -0.4817567567567569 0.4817567567567569 -0.0010772871741211634
v -0.4877567567567569 0.4757567567567569 0.0024374314516402637
v -0.5213231192120763 0.5043525564635992 0.011956957574090633
v -0.5188378378378378 0.5068378378378378 0.0204422389483292
v -0.5128378378378378 0.5128378378378378 0.023956957574090634
v -0.5068378378378378 0.5188378378378378 0.020442238948329205
v -0.5043525564635992 0.5213231192120763 0.011956957574090635
v -0.5068378378378378 0.5188378378378378 0.0034716761998520636
v -0.5128378378378378 0.5128378378378378 -0.00004304242590936688
v -0.5188378378378378 0.5068378378378378 0.00347167619985206
v -0.5524042002931574 0.5354336375446803 0.0024684766949365933
v -0.5499189189189189 0.5379189189189189 0.010953758069175163
v -0.5439189189189189 0.5439189189189189 0.014468476694936594
v -0.5379189189189189 0.5499189189189189 0.010953758069175165
v -0.5354336375446803 0.5524042002931574 0.0024684766949365946
v -0.5379189189189189 0.5499189189189189 -0.006016804679301976
v -0.5439189189189189 0.5439189189189189 -0.009531523305063407
v -0.5499189189189189 0.5379189189189189 -0.00601680467930198
v -0.5834852813742385 0.5665147186257614 -0.00919238815542507
v -0.581 0.569 -0.0007071067811864999
v -0.575 0.575 0.0028076118445749306
v -0.569 0.581 -0.0007071067811864982
v -0.5665147186257614 0.5834852813742385 -0.009192388155425068
v -0.569 0.581 -0.01767766952966364
v -0.575 0.575 -0.021192388155425068
v -0.581 0.569 -0.017677669529663643
v 0.7665147186257614 -0.5834852813742385 0.00919238815542507
v 0.7689999999999999 -0.581 0.01767766952966364
v 0.7749999999999999 -0.575 0.021192388155425068
v 0.7809999999999999 -0.569 0.01767766952966364
v 0.7834852813742385 -0.5665147186257614 0.009192388155425071
v 0.7809999999999999 -0.569 0.0007071067811864999
v 0.7749999999999999 -0.575 -0.0028076118445749306
v 0.7689999999999999 -0.581 0.0007071067811864964
v 0.7354336375446803 -0.5524042002931574 -0.0024684766949365946
v 0.7379189189189188 -0.5499189189189189 0.006016804679301975
v 0.7439189189189188 -0.5439189189189189 0.009531523305063405
v 0.7499189189189188 -0.5379189189189189 0.006016804679301976
v 0.7524042002931574 -0.5354336375446803 -0.0024684766949365933
v 0.7499189189189188 -0.5379189189189189 -0.010953758069175165
v 0.7439189189189188 -0.5439189189189189 -0.014468476694936595
v 0.7379189189189188 -0.5499189189189189 -0.010953758069175168
v 0.7043525564635992 -0.5213231192120763 -0.011956957574090633
v 0.7068378378378377 -0.5188378378378378 -0.0034716761998520636
v 0.7128378378378377 -0.5128378378378378 0.00004304242590936688
v 0.7188378378378377 -0.5068378378378378 -0.003471676199852062
v 0.7213231192120763 -0.5043525564635992 -0.011956957574090632
v 0.7188378378378377 -0.5068378378378378 -0.0204422389483292
v 0.7128378378378377 -0.5128378378378378 -0.023956957574090634
v 0.7068378378378377 -0.5188378378378378 -0.02044223894832921
v 0.6732714753825181 -0.4902420381309953 -0.01092271282587876
v 0.6757567567567566 -0.4877567567567567 -0.002437431451640191
v 0.6817567567567566 -0.4817567567567567 0.0010772871741212397
v 0.6877567567567566 -0.4757567567567567 -0.002437431451640189
v 0.6902420381309952 -0.4732714753825181 -0.010922712825878759
v 0.6877567567567566 -0.4757567567567567 -0.01940799420011733
v 0.6817567567567566 -0.4817567567567567 -0.02292271282587876
v 0.6757567567567566 -0.4877567567567567 -0.019407994200117334
v 0.6421903943014371 -0.4591609570499142 -0.0002759299833370632
v 0.6446756756756756 -0.45667567567567563 0.008209351390901506
v 0.6506756756756756 -0.4506756756756756 0.011724070016662936
v 0.6566756756756756 -0.4446756756756756 0.008209351390901507
v 0.6591609570499142 -0.44219039430143703 -0.00027592998333706174
v 0.6566756756756756 -0.4446756756756756 -0.008761211357575634
v 0.6506756756756756 -0.4506756756756756 -0.012275929983337064
v 0.6446756756756756 -0.45667567567567563 -0.008761211357575637
v 0.611109313220356 -0.4280798759688332 0.01061368515906254
v 0.6135945945945945 -0.4255945945945946 0.01909896653330111
v 0.6195945945945945 -0.4195945945945946 0.022613685159062542
v 0.6255945945945945 -0.4135945945945946 0.019098966533301114
v 0.6280798759688331 -0.411109313220356 0.010613685159062542
v 0.6255945945945945 -0.4135945945945946 0.0021284037848239706
v 0.6195945945945945 -0.4195945945945946 -0.00138631484093746
v 0.6135945945945945 -0.4255945945945946 0.002128403784823967
v 0.5800282321392749 -0.3969987948877521 0.01216272213749269
v 0.5825135135135134 -0.3945135135135135 0.02064800351173126
v 0.5885135135135134 -0.3885135135135135 0.02416272213749269
v 0.5945135135135134 -0.3825135135135135 0.02064800351173126
v 0.596998794887752 -0.3800282321392749 0.012162722137492692
v 0.5945135135135134 -0.3825135135135135 0.00367744076325412
v 0.5885135135135134 -0.3885135135135135 0.00016272213749268967
v 0.5825135135135134 -0.3945135135135135 0.0036774407632541167
v 0.5489471510581938 -0.365917713806671 0.0030079502965243824
v 0.5514324324324323 -0.3634324324324324 0.011493231670762952
v 0.5574324324324323 -0.3574324324324324 0.015007950296524382
v 0.5634324324324324 -0.3514324324324324 0.011493231670762953
v 0.5659177138066709 -0.3489471510581938 0.0030079502965243837
v 0.5634324324324324 -0.3514324324324324 -0.005477331077714188
v 0.5574324324324323 -0.3574324324324324 -0.008992049703475618
v 0.5514324324324323 -0.3634324324324324 -0.005477331077714191
v 0.5178660699771127 -0.3348366327255899 -0.008793969489475176
v 0.5203513513513512 -0.3323513513513513 -0.0003086881152366064
v 0.5263513513513512 -0.3263513513513513 0.003206030510524824
v 0.5323513513513513 -0.3203513513513513 -0.00030868811523660465
v 0.5348366327255898 -0.3178660699771127 -0.008793969489475174
v 0.5323513513513513 -0.3203513513513513 -0.017279250863713746
v 0.5263513513513512 -0.3263513513513513 -0.020793969489475178
v 0.5203513513513512 -0.3323513513513513 -0.01727925086371375
v 0.4867849888960316 -0.30375555164450885 -0.012856752664863181
v 0.4892702702702702 -0.30127027027027026 -0.004371471290624611
v 0.4952702702702702 -0.29527027027027025 -0.0008567526648631807
v 0.5012702702702702 -0.28927027027027025 -0.0043714712906246095
v 0.5037555516445088 -0.28678498889603166 -0.01285675266486318
v 0.5012702702702702 -0.28927027027027025 -0.021342034039101752
v 0.4952702702702702 -0.29527027027027025 -0.02485675266486318
v 0.4892702702702702 -0.30127027027027026 -0.021342034039101752
v 0.4557039078149505 -0.27267447056342775 -0.005604945158386272
v 0.4581891891891891 -0.27018918918918916 0.0028803362158522977
v 0.4641891891891891 -0.26418918918918916 0.006395054841613728
v 0.4701891891891891 -0.25818918918918915 0.0028803362158522994
v 0.4726744705634277 -0.25570390781495056 -0.00560494515838627
v 0.4701891891891891 -0.25818918918918915 -0.014090226532624841
v 0.4641891891891891 -0.26418918918918916 -0.017604945158386273
v 0.4581891891891891 -0.27018918918918916 -0.014090226532624844
v 0.4246228267338694 -0.24159338948234663 0.006579496732102578
v 0.427108108108108 -0.23910810810810806 0.015064778106341149
v 0.433108108108108 -0.23310810810810806 0.018579496732102577
v 0.439108108108108 -0.22710810810810805 0.015064778106341149
v 0.4415933894823466 -0.2246228267338695 0.00657949673210258
v 0.439108108108108 -0.22710810810810805 -0.0019057846421359917
v 0.433108108108108 -0.23310810810810806 -0.005420503267897422
v 0.427108108108108 -0.23910810810810806 -0.0019057846421359952
v 0.3935417456527884 -0.21051230840126559 0.012973649709290564
v 0.39602702702702697 -0.20802702702702702 0.021458931083529136
v 0.402027027027027 -0.20202702702702702 0.024973649709290564
v 0.408027027027027 -0.196027027027027 0.021458931083529136
v 0.41051230840126557 -0.19354174565278845 0.012973649709290566
v 0.408027027027027 -0.196027027027027 0.004488368335051994
v 0.402027027027027 -0.20202702702702702 0.0009736497092905638
v 0.39602702702702697 -0.20802702702702702 0.004488368335051991
v 0.3624606645717073 -0.1794312273201845 0.007950336710665553
v 0.36494594594594587 -0.17694594594594593 0.016435618084904124
v 0.3709459459459459 -0.17094594594594592 0.019950336710665553
v 0.3769459459459459 -0.16494594594594592 0.016435618084904124
v 0.37943122732018447 -0.16246066457170735 0.007950336710665555
v 0.3769459459459459 -0.16494594594594592 -0.0005349446635730167
v 0.3709459459459459 -0.17094594594594592 -0.004049663289334447
v 0.36494594594594587 -0.17694594594594593 -0.0005349446635730202
v 0.3313795834906262 -0.1483501462391034 -0.004069673510736935
v 0.3338648648648648 -0.14586486486486483 0.004415607863501635
v 0.3398648648648648 -0.13986486486486482 0.007930326489263066
v 0.3458648648648648 -0.13386486486486482 0.004415607863501637
v 0.3483501462391034 -0.13137958349062626 -0.004069673510736933
v 0.3458648648648648 -0.13386486486486482 -0.012554954884975504
v 0.3398648648648648 -0.13986486486486482 -0.016069673510736935
v 0.3338648648648648 -0.14586486486486483 -0.012554954884975508
v 0.3002985024095451 -0.1172690651580223 -0.012508165818315056
v 0.3027837837837837 -0.11478378378378373 -0.0040228844440764865
v 0.3087837837837837 -0.10878378378378373 -0.000508165818315056
v 0.3147837837837837 -0.10278378378378372 -0.004022884444076485
v 0.3172690651580223 -0.10029850240954516 -0.012508165818315055
v 0.3147837837837837 -0.10278378378378372 -0.020993447192553624
v 0.3087837837837837 -0.10878378378378373 -0.024508165818315057
v 0.3027837837837837 -0.11478378378378373 -0.02099344719255363
v 0.26921742132846405 -0.08618798407694125 -0.00993884144743218
v 0.27170270270270264 -0.08370270270270269 -0.0014535600731936105
v 0.27770270270270264 -0.07770270270270269 0.00206115855256782
v 0.28370270270270265 -0.07170270270270268 -0.0014535600731936087
v 0.28618798407694124 -0.06921742132846412 -0.009938841447432178
v 0.28370270270270265 -0.07170270270270268 -0.01842412282167075
v 0.27770270270270264 -0.07770270270270269 -0.021938841447432182
v 0.27170270270270264 -0.08370270270270269 -0.018424122821670753
v 0.23813634024738292 -0.0551069029958601 0.001377164590352471
v 0.24062162162162148 -0.05262162162162153 0.00986244596459104
v 0.2466216216216215 -0.046621621621621534 0.013377164590352472
v 0.2526216216216215 -0.040621621621621536 0.009862445964591043
v 0.2551069029958601 -0.038136340247382966 0.0013771645903524726
v 0.2526216216216215 -0.04062162162162153 -0.007108116783886099
v 0.2466216216216215 -0.046621621621621534 -0.010622835409647528
v 0.24062162162162148 -0.05262162162162153 -0.007108116783886102
v 0.20705525916630194 -0.024025821914779116 0.01148119634134993
v 0.2095405405405405 -0.021540540540540547 0.0199664777155885
v 0.2155405405405405 -0.015540540540540548 0.02348119634134993
v 0.2215405405405405 -0.00954054054054055 0.0199664777155885
v 0.22402582191477907 -0.007055259166301979 0.011481196341349932
v 0.2215405405405405 -0.009540540540540546 0.0029959149671113603
v 0.2155405405405405 -0.015540540540540547 -0.0005188036586500702
v 0.2095405405405405 -0.021540540540540547 0.002995914967111357
v 0.17597417808522084 0.007055259166301979 0.011481196341349907
v 0.1784594594594594 0.009540540540540548 0.019966477715588477
v 0.1844594594594594 0.015540540540540548 0.02348119634134991
v 0.1904594594594594 0.021540540540540547 0.01996647771558848
v 0.19294474083369798 0.024025821914779116 0.01148119634134991
v 0.1904594594594594 0.02154054054054055 0.0029959149671113378
v 0.1844594594594594 0.01554054054054055 -0.0005188036586500928
v 0.1784594594594594 0.00954054054054055 0.0029959149671113343
v 0.14489309700413974 0.03813634024738308 0.001377164590352376
v 0.1473783783783783 0.04062162162162165 0.009862445964590946
v 0.1533783783783783 0.046621621621621645 0.013377164590352377
v 0.15937837837837832 0.05262162162162164 0.009862445964590948
v 0.16186365975261688 0.05510690299586021 0.0013771645903523776
v 0.15937837837837832 0.05262162162162165 -0.007108116783886193
v 0.1533783783783783 0.046621621621621645 -0.010622835409647624
v 0.1473783783783783 0.04062162162162165 -0.007108116783886197
v 0.11381201592305876 0.06921742132846406 -0.009938841447432192
v 0.11629729729729732 0.07170270270270263 -0.0014535600731936226
v 0.12229729729729732 0.07770270270270263 0.002061158552567808
v 0.12829729729729733 0.08370270270270264 -0.0014535600731936209
v 0.1307825786715359 0.0861879840769412 -0.00993884144743219
v 0.12829729729729733 0.08370270270270264 -0.01842412282167076
v 0.12229729729729732 0.07770270270270263 -0.021938841447432193
v 0.11629729729729732 0.07170270270270263 -0.018424122821670767
v 0.08273093484197755 0.10029850240954527 -0.01250816581831503
v 0.08521621621621611 0.10278378378378383 -0.0040228844440764605
v 0.09121621621621612 0.10878378378378384 -0.00050816581831503
v 0.09721621621621612 0.11478378378378384 -0.004022884444076459
v 0.09970149759045469 0.1172690651580224 -0.012508165818315028
v 0.09721621621621612 0.11478378378378384 -0.0209934471925536
v 0.09121621621621612 0.10878378378378384 -0.024508165818315032
v 0.08521621621621611 0.10278378378378383 -0.020993447192553603
v 0.051649853760896564 0.13137958349062626 -0.004069673510736888
v 0.05413513513513513 0.13386486486486482 0.004415607863501682
v 0.06013513513513513 0.13986486486486482 0.007930326489263112
v 0.06613513513513514 0.14586486486486483 0.0044156078635016836
v 0.0686204165093737 0.1483501462391034 -0.004069673510736886
v 0.06613513513513514 0.14586486486486483 -0.012554954884975458
v 0.06013513513513513 0.13986486486486482 -0.01606967351073689
v 0.05413513513513513 0.13386486486486482 -0.012554954884975461
v 0.020568772679815467 0.16246066457170735 0.007950336710665593
v 0.023054054054054036 0.16494594594594592 0.016435618084904163
v 0.029054054054054035 0.17094594594594592 0.019950336710665595
v 0.03505405405405403 0.17694594594594593 0.016435618084904166
v 0.0375393354282926 0.1794312273201845 0.007950336710665595
v 0.03505405405405404 0.17694594594594593 -0.0005349446635729768
v 0.029054054054054035 0.17094594594594592 -0.004049663289334407
v 0.023054054054054036 0.16494594594594592 -0.0005349446635729803
v -0.010512308401265632 0.19354174565278845 0.01297364970929056
v -0.008027027027027062 0.196027027027027 0.02145893108352913
v -0.0020270270270270623 0.20202702702702702 0.02497364970929056
v 0.0039729729729729366 0.20802702702702702 0.021458931083529132
v 0.006458254347211508 0.21051230840126559 0.012973649709290562
v 0.00397297297297294 0.20802702702702702 0.004488368335051991
v -0.00202702702702706 0.20202702702702702 0.0009736497092905604
v -0.00802702702702706 0.196027027027027 0.004488368335051987
v -0.041593389482346727 0.22462282673386955 0.0065794967321025155
v -0.03910810810810816 0.2271081081081081 0.015064778106341086
v -0.03310810810810816 0.23310810810810811 0.018579496732102515
v -0.02710810810810816 0.23910810810810812 0.015064778106341086
v -0.02462282673386959 0.24159338948234668 0.006579496732102517
v -0.027108108108108157 0.23910810810810812 -0.0019057846421360542
v -0.03310810810810816 0.23310810810810811 -0.005420503267897485
v -0.03910810810810816 0.2271081081081081 -0.0019057846421360576
v -0.07267447056342771 0.2557039078149505 -0.0056049451583862955
v -0.07018918918918915 0.2581891891891891 0.0028803362158522743
v -0.06418918918918914 0.2641891891891891 0.006395054841613705
v -0.058189189189189146 0.2701891891891891 0.002880336215852276
v -0.055703907814950576 0.2726744705634277 -0.005604945158386294
v -0.05818918918918914 0.2701891891891891 -0.014090226532624865
v -0.06418918918918914 0.2641891891891891 -0.017604945158386294
v -0.07018918918918915 0.2581891891891891 -0.014090226532624869
v -0.10375555164450892 0.2867849888960317 -0.012856752664863191
v -0.10127027027027036 0.2892702702702703 -0.004371471290624622
v -0.09527027027027035 0.2952702702702703 -0.0008567526648631911
v -0.08927027027027035 0.3012702702702703 -0.00437147129062462
v -0.08678498889603178 0.3037555516445089 -0.01285675266486319
v -0.08927027027027035 0.3012702702702703 -0.02134203403910176
v -0.09527027027027035 0.2952702702702703 -0.02485675266486319
v -0.10127027027027036 0.2892702702702703 -0.021342034039101766
v -0.1348366327255899 0.3178660699771127 -0.00879396948947514
v -0.13235135135135134 0.3203513513513513 -0.00030868811523656996
v -0.12635135135135134 0.3263513513513513 0.0032060305105248606
v -0.12035135135135133 0.3323513513513513 -0.0003086881152365682
v -0.11786606997711277 0.3348366327255899 -0.008793969489475138
v -0.12035135135135133 0.3323513513513513 -0.017279250863713708
v -0.12635135135135134 0.3263513513513513 -0.02079396948947514
v -0.13235135135135134 0.3203513513513513 -0.017279250863713715
v -0.1659177138066711 0.3489471510581939 0.0030079502965244757
v -0.16343243243243255 0.3514324324324325 0.011493231670763045
v -0.15743243243243255 0.3574324324324325 0.015007950296524476
v -0.15143243243243254 0.3634324324324325 0.011493231670763047
v -0.14894715105819398 0.3659177138066711 0.003007950296524477
v -0.15143243243243254 0.3634324324324325 -0.005477331077714094
v -0.15743243243243255 0.3574324324324325 -0.008992049703475525
v -0.16343243243243255 0.3514324324324325 -0.0054773310777140975
v -0.1969987948877521 0.3800282321392749 0.012162722137492707
v -0.19451351351351354 0.3825135135135135 0.020648003511731277
v -0.18851351351351353 0.3885135135135135 0.02416272213749271
v -0.18251351351351353 0.3945135135135135 0.02064800351173128
v -0.18002823213927496 0.3969987948877521 0.012162722137492709
v -0.18251351351351353 0.3945135135135135 0.0036774407632541375
v -0.18851351351351353 0.3885135135135135 0.00016272213749270702
v -0.19451351351351354 0.3825135135135135 0.003677440763254134
v -0.2280798759688332 0.411109313220356 0.010613685159062513
v -0.22559459459459463 0.4135945945945946 0.019098966533301082
v -0.21959459459459463 0.4195945945945946 0.022613685159062515
v -0.21359459459459462 0.4255945945945946 0.019098966533301086
v -0.21110931322035606 0.4280798759688332 0.010613685159062514
v -0.21359459459459462 0.4255945945945946 0.002128403784823943
v -0.21959459459459463 0.4195945945945946 -0.0013863148409374876
v -0.22559459459459463 0.4135945945945946 0.0021284037848239394
v -0.2591609570499142 0.442190394301437 -0.0002759299833370664
v -0.2566756756756756 0.44467567567567556 0.008209351390901504
v -0.2506756756756756 0.45067567567567557 0.011724070016662935
v -0.2446756756756756 0.4566756756756756 0.008209351390901506
v -0.24219039430143705 0.45916095704991416 -0.00027592998333706494
v -0.2446756756756756 0.4566756756756756 -0.008761211357575635
v -0.2506756756756756 0.45067567567567557 -0.012275929983337066
v -0.2566756756756756 0.44467567567567556 -0.008761211357575639
v -0.2902420381309955 0.4732714753825183 -0.010922712825878837
v -0.28775675675675694 0.4757567567567569 -0.002437431451640267
v -0.28175675675675693 0.4817567567567569 0.0010772871741211634
v -0.2757567567567569 0.4877567567567569 -0.0024374314516402654
v -0.27327147538251834 0.4902420381309955 -0.010922712825878835
v -0.2757567567567569 0.4877567567567569 -0.019407994200117407
v -0.28175675675675693 0.4817567567567569 -0.022922712825878835
v -0.28775675675675694 0.4757567567567569 -0.01940799420011741
v -0.3213231192120764 0.5043525564635992 -0.011956957574090614
v -0.3188378378378378 0.5068378378378378 -0.0034716761998520446
v -0.3128378378378378 0.5128378378378378 0.000043042425909385965
v -0.3068378378378378 0.5188378378378378 -0.003471676199852043
v -0.3043525564635992 0.5213231192120763 -0.011956957574090613
v -0.3068378378378378 0.5188378378378378 -0.020442238948329184
v -0.3128378378378378 0.5128378378378378 -0.023956957574090616
v -0.3188378378378378 0.5068378378378378 -0.020442238948329187
v -0.3524042002931575 0.5354336375446803 -0.0024684766949365916
v -0.3499189189189189 0.5379189189189189 0.006016804679301978
v -0.3439189189189189 0.5439189189189189 0.009531523305063409
v -0.3379189189189189 0.5499189189189189 0.00601680467930198
v -0.3354336375446803 0.5524042002931574 -0.0024684766949365903
v -0.3379189189189189 0.5499189189189189 -0.010953758069175161
v -0.3439189189189189 0.5439189189189189 -0.014468476694936592
v -0.3499189189189189 0.5379189189189189 -0.010953758069175165
v -0.3834852813742386 0.5665147186257614 0.009192388155425104
v -0.381 0.569 0.017677669529663674
v -0.375 0.575 0.021192388155425103
v -0.369 0.581 0.017677669529663674
v -0.3665147186257614 0.5834852813742385 0.009192388155425106
v -0.369 0.581 0.0007071067811865346
v -0.375 0.575 -0.002807611844574896
v -0.381 0.569 0.0007071067811865311
v 0.9015147186257614 -0.5184852813742384 0.012363734711837007
v 0.9039999999999999 -0.5159999999999999 0.020849016086075575
v 0.9099999999999999 -0.5099999999999999 0.024363734711837007
v 0.9159999999999999 -0.5039999999999999 0.02084901608607558
v 0.9184852813742385 -0.5015147186257614 0.012363734711837009
v 0.9159999999999999 -0.5039999999999999 0.0038784533375984375
v 0.9099999999999999 -0.5099999999999999 0.000363734711837007
v 0.9039999999999999 -0.5159999999999999 0.003878453337598434
v 0.8705147186257614 -0.4874852813742385 0.010272015160883927
v 0.8729999999999999 -0.48499999999999993 0.018757296535122495
v 0.8789999999999999 -0.4789999999999999 0.022272015160883927
v 0.8849999999999999 -0.4729999999999999 0.018757296535122498
v 0.8874852813742384 -0.47051471862576133 0.010272015160883928
v 0.8849999999999999 -0.4729999999999999 0.001786733786645357
v 0.8789999999999999 -0.4789999999999999 -0.0017279848391160736
v 0.8729999999999999 -0.48499999999999993 0.0017867337866453534
v 0.8395147186257614 -0.4564852813742385 -0.0008162767538811025
v 0.842 -0.4539999999999999 0.007669004620357467
v 0.848 -0.4479999999999999 0.011183723246118897
v 0.854 -0.4419999999999999 0.007669004620357469
v 0.8564852813742385 -0.4395147186257613 -0.000816276753881101
v 0.854 -0.4419999999999999 -0.009301558128119673
v 0.848 -0.4479999999999999 -0.012816276753881103
v 0.842 -0.4539999999999999 -0.009301558128119676
v 0.8085147186257614 -0.4254852813742385 -0.011189646351051304
v 0.8109999999999999 -0.42299999999999993 -0.002704364976812734
v 0.817 -0.4169999999999999 0.0008103536489486966
v 0.823 -0.4109999999999999 -0.002704364976812732
v 0.8254852813742385 -0.40851471862576133 -0.011189646351051302
v 0.823 -0.4109999999999999 -0.01967492772528987
v 0.817 -0.4169999999999999 -0.023189646351051304
v 0.8109999999999999 -0.42299999999999993 -0.01967492772528988
v 0.7775147186257614 -0.3944852813742385 -0.011762751682058224
v 0.7799999999999999 -0.3919999999999999 -0.0032774703078196545
v 0.7859999999999999 -0.3859999999999999 0.000237248317941776
v 0.7919999999999999 -0.3799999999999999 -0.003277470307819653
v 0.7944852813742385 -0.3775147186257613 -0.011762751682058223
v 0.7919999999999999 -0.3799999999999999 -0.020248033056296792
v 0.7859999999999999 -0.3859999999999999 -0.023762751682058224
v 0.7799999999999999 -0.3919999999999999 -0.0202480330562968
v 0.7465147186257614 -0.36348528137423847 -0.0020336480455228896
v 0.7489999999999999 -0.3609999999999999 0.00645163332871568
v 0.7549999999999999 -0.35499999999999987 0.00996635195447711
v 0.7609999999999999 -0.34899999999999987 0.006451633328715681
v 0.7634852813742384 -0.3465147186257613 -0.0020336480455228883
v 0.7609999999999999 -0.34899999999999987 -0.01051892941976146
v 0.7549999999999999 -0.35499999999999987 -0.01403364804552289
v 0.7489999999999999 -0.3609999999999999 -0.010518929419761463
v 0.7155147186257614 -0.3324852813742385 0.009476592156478393
v 0.718 -0.3299999999999999 0.017961873530716963
v 0.724 -0.3239999999999999 0.021476592156478395
v 0.73 -0.3179999999999999 0.017961873530716967
v 0.7324852813742385 -0.3155147186257613 0.009476592156478395
v 0.73 -0.3179999999999999 0.0009913107822398237
v 0.724 -0.3239999999999999 -0.002523407843521607
v 0.718 -0.3299999999999999 0.0009913107822398202
v 0.6845147186257614 -0.3014852813742385 0.012686917905203711
v 0.6869999999999999 -0.29899999999999993 0.02117219927944228
v 0.693 -0.2929999999999999 0.024686917905203713
v 0.699 -0.2869999999999999 0.021172199279442284
v 0.7014852813742385 -0.28451471862576133 0.012686917905203713
v 0.699 -0.2869999999999999 0.0042016365309651416
v 0.693 -0.2929999999999999 0.000686917905203711
v 0.6869999999999999 -0.29899999999999993 0.004201636530965138
v 0.6535147186257614 -0.2704852813742385 0.004785619184900759
v 0.6559999999999999 -0.2679999999999999 0.013270900559139329
v 0.6619999999999999 -0.2619999999999999 0.01678561918490076
v 0.6679999999999999 -0.2559999999999999 0.01327090055913933
v 0.6704852813742385 -0.2535147186257613 0.004785619184900761
v 0.6679999999999999 -0.2559999999999999 -0.0036996621893378105
v 0.6619999999999999 -0.2619999999999999 -0.007214380815099241
v 0.6559999999999999 -0.2679999999999999 -0.003699662189337814
v 0.6225147186257615 -0.2394852813742385 -0.007307083912077705
v 0.625 -0.23699999999999993 0.0011781974621608649
v 0.631 -0.23099999999999993 0.004692916087922295
v 0.637 -0.22499999999999992 0.0011781974621608666
v 0.6394852813742385 -0.22251471862576136 -0.007307083912077703
v 0.637 -0.22499999999999992 -0.015792365286316275
v 0.631 -0.23099999999999993 -0.019307083912077704
v 0.625 -0.23699999999999993 -0.01579236528631628
v 0.5915147186257613 -0.20848528137423847 -0.013
v 0.5939999999999999 -0.2059999999999999 -0.00451471862576143
v 0.5999999999999999 -0.1999999999999999 -0.0009999999999999992
v 0.6059999999999999 -0.1939999999999999 -0.004514718625761428
v 0.6084852813742384 -0.19151471862576133 -0.012999999999999998
v 0.6059999999999999 -0.1939999999999999 -0.02148528137423857
v 0.5999999999999999 -0.1999999999999999 -0.025
v 0.5939999999999999 -0.2059999999999999 -0.021485281374238573
v 0.5605147186257614 -0.1774852813742385 -0.007307083912077657
v 0.563 -0.17499999999999993 0.0011781974621609126
v 0.569 -0.16899999999999993 0.004692916087922343
v 0.575 -0.16299999999999992 0.0011781974621609143
v 0.5774852813742385 -0.16051471862576136 -0.007307083912077655
v 0.575 -0.16299999999999992 -0.015792365286316227
v 0.569 -0.16899999999999993 -0.01930708391207766
v 0.563 -0.17499999999999993 -0.01579236528631623
v 0.5295147186257614 -0.14648528137423847 0.004785619184900856
v 0.5319999999999999 -0.1439999999999999 0.013270900559139426
v 0.5379999999999999 -0.1379999999999999 0.016785619184900857
v 0.5439999999999999 -0.1319999999999999 0.013270900559139428
v 0.5464852813742385 -0.12951471862576133 0.004785619184900858
v 0.5439999999999999 -0.1319999999999999 -0.0036996621893377133
v 0.5379999999999999 -0.1379999999999999 -0.007214380815099144
v 0.5319999999999999 -0.1439999999999999 -0.0036996621893377168
v 0.4985147186257613 -0.11548528137423844 0.012686917905203725
v 0.5009999999999999 -0.11299999999999988 0.021172199279442295
v 0.5069999999999999 -0.10699999999999987 0.024686917905203727
v 0.5129999999999999 -0.10099999999999987 0.0211721992794423
v 0.5154852813742384 -0.0985147186257613 0.012686917905203727
v 0.5129999999999999 -0.10099999999999987 0.0042016365309651554
v 0.5069999999999999 -0.10699999999999987 0.0006869179052037249
v 0.5009999999999999 -0.11299999999999988 0.004201636530965152
v 0.4675147186257613 -0.08448528137423847 0.00947659215647832
v 0.4699999999999999 -0.0819999999999999 0.01796187353071689
v 0.4759999999999999 -0.0759999999999999 0.02147659215647832
v 0.48199999999999993 -0.0699999999999999 0.01796187353071689
v 0.4844852813742385 -0.06751471862576133 0.009476592156478322
v 0.48199999999999993 -0.0699999999999999 0.0009913107822397509
v 0.4759999999999999 -0.0759999999999999 -0.0025234078435216797
v 0.4699999999999999 -0.0819999999999999 0.0009913107822397474
v 0.43651471862576136 -0.0534852813742385 -0.002033648045523039
v 0.43899999999999995 -0.050999999999999934 0.0064516333287155305
v 0.44499999999999995 -0.04499999999999993 0.009966351954476961
v 0.45099999999999996 -0.03899999999999993 0.006451633328715532
v 0.45348528137423855 -0.03651471862576136 -0.002033648045523038
v 0.45099999999999996 -0.038999999999999924 -0.010518929419761609
v 0.44499999999999995 -0.04499999999999993 -0.01403364804552304
v 0.43899999999999995 -0.05099999999999993 -0.010518929419761612
v 0.4055147186257614 -0.02248528137423853 -0.011762751682058259
v 0.408 -0.01999999999999996 -0.0032774703078196892
v 0.414 -0.013999999999999957 0.0002372483179417413
v 0.42 -0.007999999999999957 -0.0032774703078196875
v 0.4224852813742386 -0.0055147186257613855 -0.011762751682058257
v 0.42 -0.007999999999999955 -0.020248033056296827
v 0.414 -0.013999999999999955 -0.02376275168205826
v 0.408 -0.019999999999999955 -0.020248033056296834
v 0.3745147186257613 0.008514718625761555 -0.01118964635105125
v 0.3769999999999999 0.011000000000000124 -0.00270436497681268
v 0.3829999999999999 0.017000000000000126 0.0008103536489487504
v 0.3889999999999999 0.023000000000000125 -0.0027043649768126784
v 0.3914852813742385 0.025485281374238698 -0.011189646351051248
v 0.3889999999999999 0.023000000000000128 -0.01967492772528982
v 0.3829999999999999 0.017000000000000126 -0.023189646351051252
v 0.3769999999999999 0.011000000000000128 -0.019674927725289823
v 0.3435147186257614 0.039514718625761475 -0.0008162767538810437
v 0.346 0.04200000000000004 0.007669004620357526
v 0.352 0.04800000000000004 0.011183723246118956
v 0.358 0.05400000000000004 0.007669004620357528
v 0.3604852813742386 0.05648528137423861 -0.0008162767538810422
v 0.358 0.05400000000000005 -0.009301558128119614
v 0.352 0.04800000000000004 -0.012816276753881044
v 0.346 0.042000000000000044 -0.009301558128119617
v 0.31251471862576136 0.0705147186257615 0.01027201516088399
v 0.31499999999999995 0.07300000000000006 0.01875729653512256
v 0.32099999999999995 0.07900000000000007 0.022272015160883993
v 0.32699999999999996 0.08500000000000008 0.018757296535122564
v 0.32948528137423855 0.08748528137423864 0.010272015160883993
v 0.32699999999999996 0.08500000000000008 0.001786733786645421
v 0.32099999999999995 0.07900000000000007 -0.0017279848391160094
v 0.31499999999999995 0.07300000000000006 0.0017867337866454176
v 0.28151471862576133 0.10151471862576153 0.012363734711836981
v 0.2839999999999999 0.10400000000000009 0.02084901608607555
v 0.2899999999999999 0.1100000000000001 0.024363734711836983
v 0.29599999999999993 0.1160000000000001 0.020849016086075554
v 0.2984852813742385 0.11848528137423867 0.012363734711836983
v 0.29599999999999993 0.1160000000000001 0.0038784533375984115
v 0.2899999999999999 0.1100000000000001 0.00036373471183698096
v 0.2839999999999999 0.10400000000000009 0.003878453337598408
v 0.2505147186257614 0.13251471862576145 0.003626884378509981
v 0.253 0.135 0.01211216575274855
v 0.259 0.14100000000000001 0.01562688437850998
v 0.265 0.14700000000000002 0.012112165752748552
v 0.2674852813742386 0.14948528137423858 0.0036268843785099824
v 0.265 0.14700000000000002 -0.004858396995728589
v 0.259 0.14100000000000001 -0.00837311562149002
v 0.253 0.135 -0.0048583969957285925
v 0.2195147186257614 0.16351471862576147 -0.008286511866732972
v 0.22199999999999998 0.16600000000000004 0.000198769507505598
v 0.22799999999999998 0.17200000000000004 0.0037134881332670285
v 0.23399999999999999 0.17800000000000005 0.00019876950750559973
v 0.23648528137423855 0.1804852813742386 -0.00828651186673297
v 0.23399999999999999 0.17800000000000005 -0.01677179324097154
v 0.22799999999999998 0.17200000000000004 -0.02028651186673297
v 0.22199999999999998 0.16600000000000004 -0.016771793240971545
v 0.18851471862576138 0.1945147186257615 -0.012942305539840037
v 0.19099999999999995 0.19700000000000006 -0.004457024165601467
v 0.19699999999999995 0.20300000000000007 -0.0009423055398400364
v 0.20299999999999996 0.20900000000000007 -0.004457024165601465
v 0.20548528137423852 0.21148528137423864 -0.012942305539840035
v 0.20299999999999996 0.20900000000000007 -0.021427586914078606
v 0.19699999999999995 0.20300000000000007 -0.02494230553984004
v 0.19099999999999995 0.19700000000000006 -0.02142758691407861
v 0.15751471862576136 0.22551471862576153 -0.006262797763322266
v 0.15999999999999992 0.2280000000000001 0.0022224836109163036
v 0.16599999999999993 0.2340000000000001 0.005737202236677734
v 0.17199999999999993 0.2400000000000001 0.0022224836109163053
v 0.1744852813742385 0.24248528137423866 -0.006262797763322264
v 0.17199999999999993 0.2400000000000001 -0.014748079137560835
v 0.16599999999999993 0.2340000000000001 -0.018262797763322267
v 0.15999999999999992 0.2280000000000001 -0.014748079137560838
v 0.12651471862576133 0.25651471862576153 0.005901876496614149
v 0.1289999999999999 0.2590000000000001 0.014387157870852717
v 0.1349999999999999 0.2650000000000001 0.01790187649661415
v 0.1409999999999999 0.27100000000000013 0.014387157870852721
v 0.14348528137423847 0.2734852813742387 0.00590187649661415
v 0.1409999999999999 0.27100000000000013 -0.002583404877624421
v 0.1349999999999999 0.2650000000000001 -0.006098123503385852
v 0.1289999999999999 0.2590000000000001 -0.0025834048776244246
v 0.0955147186257613 0.28751471862576156 0.012897491117088218
v 0.09799999999999986 0.29000000000000015 0.021382772491326786
v 0.10399999999999987 0.29600000000000015 0.02489749111708822
v 0.10999999999999988 0.30200000000000016 0.02138277249132679
v 0.11248528137423844 0.30448528137423875 0.01289749111708822
v 0.10999999999999988 0.30200000000000016 0.004412209742849648
v 0.10399999999999987 0.29600000000000015 0.0008974911170882179
v 0.09799999999999986 0.29000000000000015 0.004412209742849645
v 0.06451471862576139 0.3185147186257615 0.008597054249207462
v 0.06699999999999995 0.32100000000000006 0.01708233562344603
v 0.07299999999999995 0.32700000000000007 0.020597054249207464
v 0.07899999999999996 0.3330000000000001 0.017082335623446035
v 0.08148528137423852 0.33548528137423866 0.008597054249207463
v 0.07899999999999996 0.3330000000000001 0.00011177287496889204
v 0.07299999999999995 0.32700000000000007 -0.0034029457507925385
v 0.06699999999999995 0.32100000000000006 0.00011177287496888857
v 0.03351471862576136 0.3495147186257615 -0.0032329685331431365
v 0.03599999999999992 0.3520000000000001 0.005252312841095433
v 0.041999999999999926 0.3580000000000001 0.008767031466856864
v 0.047999999999999925 0.3640000000000001 0.005252312841095435
v 0.050485281374238494 0.3664852813742387 -0.0032329685331431352
v 0.04799999999999993 0.3640000000000001 -0.011718249907381706
v 0.041999999999999926 0.3580000000000001 -0.015232968533143137
v 0.03599999999999993 0.3520000000000001 -0.01171824990738171
v 0.0025147186257613273 0.3805147186257615 -0.012231449996404941
v 0.004999999999999897 0.3830000000000001 -0.0037461686221663716
v 0.010999999999999899 0.3890000000000001 -0.00023144999640494109
v 0.016999999999999897 0.39500000000000013 -0.00374616862216637
v 0.01948528137423847 0.3974852813742387 -0.01223144999640494
v 0.0169999999999999 0.39500000000000013 -0.02071673137064351
v 0.0109999999999999 0.3890000000000001 -0.02423144999640494
v 0.0049999999999999 0.3830000000000001 -0.020716731370643515
v -0.02848528137423859 0.41151471862576144 -0.01051722092687431
v -0.02600000000000002 0.41400000000000003 -0.002031939552635741
v -0.020000000000000018 0.42000000000000004 0.0014827790731256896
v -0.014000000000000018 0.42600000000000005 -0.0020319395526357392
v -0.011514718625761446 0.42848528137423864 -0.010517220926874309
v -0.014000000000000016 0.42600000000000005 -0.019002502301112882
v -0.020000000000000018 0.42000000000000004 -0.02251722092687431
v -0.026000000000000016 0.41400000000000003 -0.019002502301112882
v -0.05948528137423861 0.44251471862576147 0.0004083398680156846
v -0.05700000000000005 0.44500000000000006 0.008893621242254254
v -0.051000000000000045 0.45100000000000007 0.012408339868015685
v -0.04500000000000005 0.4570000000000001 0.008893621242254256
v -0.04251471862576148 0.45948528137423866 0.00040833986801568604
v -0.04500000000000004 0.4570000000000001 -0.008076941506222885
v -0.051000000000000045 0.45100000000000007 -0.011591660131984316
v -0.057000000000000044 0.44500000000000006 -0.008076941506222889
v -0.09048528137423853 0.4735147186257614 0.010976263031526177
v -0.08799999999999997 0.476 0.019461544405764745
v -0.08199999999999996 0.482 0.022976263031526178
v -0.07599999999999996 0.488 0.01946154440576475
v -0.0735147186257614 0.4904852813742386 0.01097626303152618
v -0.07599999999999996 0.488 0.0024909816572876078
v -0.08199999999999996 0.482 -0.0010237369684738228
v -0.08799999999999997 0.476 0.0024909816572876043
v -0.12148528137423856 0.5045147186257615 0.011930810133891759
v -0.119 0.507 0.020416091508130327
v -0.11299999999999999 0.513 0.02393081013389176
v -0.10699999999999998 0.519 0.02041609150813033
v -0.10451471862576142 0.5214852813742386 0.01193081013389176
v -0.10699999999999998 0.519 0.003445528759653189
v -0.11299999999999999 0.513 -0.00006918986610824143
v -0.119 0.507 0.0034455287596531856
v -0.1524852813742387 0.5355147186257616 0.002435957089614389
v -0.15000000000000013 0.5380000000000001 0.01092123846385296
v -0.14400000000000013 0.5440000000000002 0.01443595708961439
v -0.13800000000000012 0.5500000000000002 0.010921238463852961
v -0.13551471862576156 0.5524852813742387 0.0024359570896143904
v -0.13800000000000012 0.5500000000000002 -0.00604932428462418
v -0.14400000000000013 0.5440000000000002 -0.00956404291038561
v -0.15000000000000013 0.5380000000000001 -0.006049324284624184
v -0.1834852813742386 0.5665147186257615 -0.009192388155425122
v -0.18100000000000005 0.5690000000000001 -0.000707106781186552
v -0.17500000000000004 0.5750000000000001 0.0028076118445748786
v -0.16900000000000004 0.5810000000000001 -0.0007071067811865502
v -0.16651471862576148 0.5834852813742386 -0.00919238815542512
v -0.16900000000000004 0.5810000000000001 -0.01767766952966369
v -0.17500000000000004 0.5750000000000001 -0.021192388155425124
v -0.18100000000000005 0.5690000000000001 -0.017677669529663695
v 0.9015147186257614 -0.3184852813742384 -0.012363734711837005
v 0.9039999999999999 -0.31599999999999984 -0.0038784533375984358
v 0.9099999999999999 -0.30999999999999983 -0.00036373471183700525
v 0.9159999999999999 -0.3039999999999998 -0.003878453337598434
v 0.9184852813742385 -0.30151471862576124 -0.012363734711837004
v 0.9159999999999999 -0.3039999999999998 -0.020849016086075575
v 0.9099999999999999 -0.30999999999999983 -0.024363734711837004
v 0.9039999999999999 -0.31599999999999984 -0.02084901608607558
v 0.8699075757686185 -0.2868781385170956 -0.01011817856863222
v 0.8723928571428571 -0.284392857142857 -0.00163289719439365
v 0.8783928571428571 -0.278392857142857 0.0018818214313677806
v 0.8843928571428571 -0.272392857142857 -0.0016328971943936482
v 0.8868781385170956 -0.2699075757686184 -0.010118178568632218
v 0.8843928571428571 -0.272392857142857 -0.01860345994287079
v 0.8783928571428571 -0.278392857142857 -0.02211817856863222
v 0.8723928571428571 -0.284392857142857 -0.01860345994287079
v 0.8383004329114757 -0.2552709956599527 0.0013105070901130841
v 0.8407857142857142 -0.2527857142857141 0.009795788464351654
v 0.8467857142857143 -0.24678571428571414 0.013310507090113085
v 0.8527857142857143 -0.24078571428571413 0.009795788464351656
v 0.8552709956599528 -0.23830043291147557 0.0013105070901130856
v 0.8527857142857143 -0.24078571428571413 -0.007174774284125485
v 0.8467857142857143 -0.24678571428571414 -0.010689492909886916
v 0.8407857142857142 -0.2527857142857141 -0.007174774284125489
v 0.8066932900543329 -0.22366385280280984 0.01154979326772535
v 0.8091785714285714 -0.22117857142857128 0.02003507464196392
v 0.8151785714285714 -0.21517857142857127 0.023549793267725348
v 0.8211785714285714 -0.20917857142857127 0.02003507464196392
v 0.82366385280281 -0.2066932900543327 0.011549793267725351
v 0.8211785714285714 -0.20917857142857127 0.00306451189348678
v 0.8151785714285714 -0.21517857142857127 -0.0004502067322746505
v 0.8091785714285714 -0.22117857142857128 0.0030645118934867766
v 0.77508614719719 -0.192056709945667 0.01130663473102403
v 0.7775714285714286 -0.18957142857142845 0.0197919161052626
v 0.7835714285714286 -0.18357142857142844 0.023306634731024033
v 0.7895714285714286 -0.17757142857142844 0.019791916105262604
v 0.7920567099456671 -0.17508614719718987 0.011306634731024032
v 0.7895714285714286 -0.17757142857142844 0.002821353356785461
v 0.7835714285714286 -0.18357142857142844 -0.0006933652689759696
v 0.7775714285714286 -0.18957142857142845 0.0028213533567854575
v 0.7434790043400471 -0.16044956708852415 0.0008017190593191021
v 0.7459642857142856 -0.15796428571428558 0.009287000433557673
v 0.7519642857142856 -0.15196428571428558 0.012801719059319103
v 0.7579642857142856 -0.14596428571428557 0.009287000433557674
v 0.7604495670885242 -0.143479004340047 0.0008017190593191037
v 0.7579642857142856 -0.14596428571428557 -0.007683562314919468
v 0.7519642857142856 -0.15196428571428558 -0.011198280940680897
v 0.7459642857142856 -0.15796428571428558 -0.007683562314919471
v 0.7118718614829043 -0.12884242423138131 -0.010430826581244921
v 0.7143571428571428 -0.12635714285714275 -0.0019455452070063512
v 0.7203571428571428 -0.12035714285714275 0.0015691734187550793
v 0.7263571428571428 -0.11435714285714274 -0.0019455452070063495
v 0.7288424242313813 -0.11187186148290418 -0.01043082658124492
v 0.7263571428571428 -0.11435714285714274 -0.018916107955483492
v 0.7203571428571428 -0.12035714285714275 -0.02243082658124492
v 0.7143571428571428 -0.12635714285714275 -0.018916107955483492
v 0.6802647186257614 -0.09723528137423845 -0.012196487366992291
v 0.68275 -0.09474999999999989 -0.0037112059927537216
v 0.68875 -0.08874999999999988 -0.00019648736699229112
v 0.69475 -0.08274999999999988 -0.00371120599275372
v 0.6972352813742385 -0.08026471862576132 -0.01219648736699229
v 0.69475 -0.08274999999999988 -0.02068176874123086
v 0.68875 -0.08874999999999988 -0.024196487366992293
v 0.68275 -0.09474999999999989 -0.020681768741230865
v 0.6486575757686186 -0.06562813851709562 -0.0028927721414320814
v 0.6511428571428571 -0.06314285714285706 0.005592509232806488
v 0.6571428571428571 -0.05714285714285705 0.009107227858567919
v 0.6631428571428571 -0.05114285714285705 0.00559250923280649
v 0.6656281385170957 -0.04865757576861848 -0.00289277214143208
v 0.6631428571428571 -0.051142857142857046 -0.011378053515670651
v 0.6571428571428571 -0.05714285714285705 -0.014892772141432082
v 0.6511428571428571 -0.06314285714285706 -0.011378053515670655
v 0.6170504329114758 -0.03402099565995273 0.009036386097762283
v 0.6195357142857143 -0.03153571428571416 0.017521667472000853
v 0.6255357142857143 -0.02553571428571416 0.02103638609776228
v 0.6315357142857143 -0.019535714285714163 0.017521667472000853
v 0.6340209956599528 -0.017050432911475594 0.009036386097762285
v 0.6315357142857143 -0.01953571428571416 0.0005511047235237133
v 0.6255357142857143 -0.02553571428571416 -0.002963613902237717
v 0.6195357142857143 -0.03153571428571416 0.0005511047235237099
v 0.5854432900543328 -0.0024138528028098977 0.01276423583806953
v 0.5879285714285714 0.00007142857142867186 0.021249517212308097
v 0.5939285714285714 0.006071428571428671 0.02476423583806953
v 0.5999285714285714 0.01207142857142867 0.0212495172123081
v 0.6024138528028099 0.014556709945667242 0.012764235838069531
v 0.5999285714285714 0.012071428571428674 0.0042789544638309595
v 0.5939285714285714 0.006071428571428674 0.000764235838069529
v 0.5879285714285714 0.00007142857142867359 0.004278954463830956
v 0.5538361471971901 0.029193290054332938 0.004907428312959342
v 0.5563214285714286 0.03167857142857151 0.013392709687197912
v 0.5623214285714286 0.037678571428571506 0.01690742831295934
v 0.5683214285714286 0.043678571428571504 0.013392709687197912
v 0.5708067099456672 0.046163852802810074 0.0049074283129593435
v 0.5683214285714286 0.04367857142857151 -0.003577853061279228
v 0.5623214285714286 0.037678571428571506 -0.0070925716870406585
v 0.5563214285714286 0.03167857142857151 -0.0035778530612792315
v 0.5222290043400472 0.06080043291147577 -0.007403298411189907
v 0.5247142857142857 0.06328571428571433 0.001081982963048663
v 0.5307142857142857 0.06928571428571434 0.0045967015888100935
v 0.5367142857142857 0.07528571428571434 0.0010819829630486647
v 0.5391995670885242 0.07777099565995291 -0.007403298411189905
v 0.5367142857142857 0.07528571428571434 -0.015888579785428476
v 0.5307142857142857 0.06928571428571434 -0.019403298411189908
v 0.5247142857142857 0.06328571428571433 -0.01588857978542848
v 0.49062186148290426 0.09240757576861866 -0.012994886142979686
v 0.49310714285714285 0.09489285714285722 -0.004509604768741116
v 0.49910714285714286 0.10089285714285723 -0.0009948861429796858
v 0.5051071428571429 0.10689285714285723 -0.0045096047687411146
v 0.5075924242313814 0.1093781385170958 -0.012994886142979684
v 0.5051071428571429 0.10689285714285723 -0.021480167517218256
v 0.49910714285714286 0.10089285714285723 -0.024994886142979685
v 0.49310714285714285 0.09489285714285722 -0.02148016751721826
v 0.45901471862576143 0.1240147186257615 -0.006792481341307347
v 0.4615 0.12650000000000006 0.0016928000329312224
v 0.4675 0.13250000000000006 0.005207518658692653
v 0.47350000000000003 0.13850000000000007 0.001692800032931224
v 0.4759852813742386 0.14098528137423863 -0.006792481341307346
v 0.47350000000000003 0.13850000000000007 -0.015277762715545918
v 0.4675 0.13250000000000006 -0.018792481341307347
v 0.4615 0.12650000000000006 -0.015277762715545921
v 0.4274075757686186 0.15562186148290433 0.0055746926889386865
v 0.4298928571428572 0.1581071428571429 0.014059974063177256
v 0.4358928571428572 0.1641071428571429 0.017574692688938687
v 0.4418928571428572 0.1701071428571429 0.014059974063177258
v 0.4443781385170958 0.17259242423138146 0.005574692688938688
v 0.4418928571428572 0.1701071428571429 -0.0029105886852998832
v 0.4358928571428572 0.1641071428571429 -0.006425307311061314
v 0.4298928571428572 0.1581071428571429 -0.0029105886852998867
v 0.39580043291147576 0.18722900434004716 0.01288234690298315
v 0.39828571428571435 0.18971428571428572 0.021367628277221717
v 0.40428571428571436 0.19571428571428573 0.02488234690298315
v 0.41028571428571436 0.20171428571428573 0.02136762827722172
v 0.41277099565995296 0.2041995670885243 0.012882346902983151
v 0.41028571428571436 0.20171428571428573 0.00439706552874458
v 0.40428571428571436 0.19571428571428573 0.0008823469029831492
v 0.39828571428571435 0.18971428571428572 0.004397065528744576
v 0.36419329005433293 0.21883614719719 0.008498147759056246
v 0.3666785714285715 0.22132142857142856 0.016983429133294814
v 0.3726785714285715 0.22732142857142856 0.020498147759056246
v 0.37867857142857153 0.23332142857142857 0.016983429133294817
v 0.3811638528028101 0.23580670994566713 0.008498147759056248
v 0.37867857142857153 0.23332142857142857 0.000012866384817676255
v 0.3726785714285715 0.22732142857142856 -0.0035018522409437543
v 0.3666785714285715 0.22132142857142856 0.000012866384817672785
v 0.33258614719719 0.2504432900543329 -0.0035988616485230587
v 0.3350714285714286 0.2529285714285715 0.0048864197257155115
v 0.3410714285714286 0.2589285714285715 0.008401138351476942
v 0.3470714285714286 0.2649285714285715 0.004886419725715513
v 0.3495567099456672 0.2674138528028101 -0.0035988616485230574
v 0.3470714285714286 0.2649285714285715 -0.012084143022761628
v 0.3410714285714286 0.2589285714285715 -0.015598861648523058
v 0.3350714285714286 0.2529285714285715 -0.012084143022761631
v 0.30097900434004715 0.28205043291147575 -0.012429590232658973
v 0.30346428571428574 0.28453571428571434 -0.003944308858420403
v 0.30946428571428575 0.29053571428571434 -0.0004295902326589725
v 0.31546428571428575 0.29653571428571435 -0.003944308858420401
v 0.31794956708852434 0.29902099565995294 -0.012429590232658971
v 0.31546428571428575 0.29653571428571435 -0.02091487160689754
v 0.30946428571428575 0.29053571428571434 -0.024429590232658973
v 0.30346428571428574 0.28453571428571434 -0.020914871606897548
v 0.2693718614829043 0.3136575757686186 -0.009979381624654152
v 0.2718571428571429 0.31614285714285717 -0.0014941002504155823
v 0.2778571428571429 0.3221428571428572 0.0020206183753458482
v 0.2838571428571429 0.3281428571428572 -0.0014941002504155806
v 0.2863424242313815 0.33062813851709577 -0.00997938162465415
v 0.2838571428571429 0.3281428571428572 -0.018464662998892722
v 0.2778571428571429 0.3221428571428572 -0.021979381624654154
v 0.2718571428571429 0.31614285714285717 -0.018464662998892725
v 0.2377647186257615 0.3452647186257614 0.0015279861669518513
v 0.24025000000000007 0.34775 0.010013267541190422
v 0.24625000000000008 0.35375 0.013527986166951852
v 0.2522500000000001 0.35975 0.010013267541190423
v 0.2547352813742387 0.3622352813742386 0.0015279861669518528
v 0.2522500000000001 0.35975 -0.006957295207286719
v 0.24625000000000008 0.35375 -0.010472013833048148
v 0.24025000000000007 0.34775 -0.006957295207286722
v 0.20615757576861868 0.37687186148290425 0.011648573247593408
v 0.20864285714285724 0.37935714285714284 0.020133854621831978
v 0.21464285714285725 0.38535714285714284 0.02364857324759341
v 0.22064285714285725 0.39135714285714285 0.02013385462183198
v 0.22312813851709581 0.39384242423138144 0.01164857324759341
v 0.22064285714285725 0.39135714285714285 0.0031632918733548385
v 0.21464285714285725 0.38535714285714284 -0.00035142675240659206
v 0.20864285714285724 0.37935714285714284 0.003163291873354835
v 0.17455043291147584 0.4084790043400471 0.011197064167021344
v 0.1770357142857144 0.41096428571428567 0.019682345541259916
v 0.1830357142857144 0.4169642857142857 0.023197064167021345
v 0.18903571428571442 0.4229642857142857 0.019682345541259916
v 0.19152099565995298 0.42544956708852427 0.011197064167021346
v 0.18903571428571442 0.4229642857142857 0.0027117827927827746
v 0.1830357142857144 0.4169642857142857 -0.000802935832978656
v 0.1770357142857144 0.41096428571428567 0.002711782792782771
v 0.142943290054333 0.4400861471971899 0.000583242794556754
v 0.14542857142857157 0.4425714285714285 0.009068524168795323
v 0.15142857142857158 0.4485714285714285 0.012583242794556755
v 0.15742857142857158 0.4545714285714285 0.009068524168795326
v 0.15991385280281015 0.4570567099456671 0.0005832427945567556
v 0.15742857142857158 0.4545714285714285 -0.007902038579681817
v 0.15142857142857158 0.4485714285714285 -0.011416757205443245
v 0.14542857142857157 0.4425714285714285 -0.00790203857968182
v 0.11133614719719007 0.47169329005433286 -0.010559922281924388
v 0.11382142857142863 0.47417857142857145 -0.002074640907685818
v 0.11982142857142863 0.48017857142857145 0.0014400777180756125
v 0.12582142857142864 0.48617857142857146 -0.0020746409076858163
v 0.1283067099456672 0.48866385280281005 -0.010559922281924386
v 0.12582142857142864 0.48617857142857146 -0.019045203656162957
v 0.11982142857142863 0.48017857142857145 -0.02255992228192439
v 0.11382142857142863 0.47417857142857145 -0.01904520365616296
v 0.07972900434004723 0.5033004329114757 -0.012119036896044197
v 0.0822142857142858 0.5057857142857143 -0.003633755521805627
v 0.0882142857142858 0.5117857142857143 -0.00011903689604419662
v 0.0942142857142858 0.5177857142857143 -0.0036337555218056254
v 0.09669956708852437 0.5202709956599528 -0.012119036896044195
v 0.0942142857142858 0.5177857142857143 -0.020604318270282765
v 0.0882142857142858 0.5117857142857143 -0.024119036896044197
v 0.0822142857142858 0.5057857142857143 -0.020604318270282772
v 0.0481218614829044 0.5349075757686186 -0.0026790685561425484
v 0.05060714285714297 0.5373928571428571 0.005806212818096021
v 0.05660714285714297 0.5433928571428571 0.009320931443857452
v 0.06260714285714297 0.5493928571428571 0.005806212818096023
v 0.06509242423138153 0.5518781385170957 -0.002679068556142547
v 0.06260714285714297 0.5493928571428571 -0.011164349930381118
v 0.05660714285714297 0.5433928571428571 -0.014679068556142549
v 0.05060714285714297 0.5373928571428571 -0.011164349930381122
v 0.016514718625761565 0.5665147186257614 0.009192388155425073
v 0.019000000000000135 0.569 0.017677669529663643
v 0.025000000000000133 0.575 0.021192388155425075
v 0.03100000000000013 0.581 0.017677669529663646
v 0.0334852813742387 0.5834852813742385 0.009192388155425075
v 0.031000000000000135 0.581 0.0007071067811865034
v 0.025000000000000133 0.575 -0.002807611844574927
v 0.019000000000000135 0.569 0.0007071067811864999
v 0.9015147186257614 -0.11848528137423844 0.012363734711837005
v 0.9039999999999999 -0.11599999999999988 0.020849016086075575
v 0.9099999999999999 -0.10999999999999988 0.024363734711837004
v 0.9159999999999999 -0.10399999999999987 0.020849016086075575
v 0.9184852813742385 -0.10151471862576131 0.012363734711837007
v 0.9159999999999999 -0.10399999999999987 0.0038784533375984358
v 0.9099999999999999 -0.10999999999999988 0.00036373471183700525
v 0.9039999999999999 -0.11599999999999988 0.0038784533375984323
v 0.8703783549893978 -0.08734891773787481 0.010237787066684045
v 0.8728636363636363 -0.08486363636363625 0.018723068440922613
v 0.8788636363636363 -0.07886363636363625 0.022237787066684046
v 0.8848636363636363 -0.07286363636363624 0.018723068440922617
v 0.8873489177378748 -0.07037835498939768 0.010237787066684047
v 0.8848636363636363 -0.07286363636363624 0.0017525056924454756
v 0.8788636363636363 -0.07886363636363625 -0.0017622129333159549
v 0.8728636363636363 -0.08486363636363625 0.0017525056924454722
v 0.8392419913530341 -0.056212554101511186 -0.0009274093815900557
v 0.8417272727272727 -0.05372727272727262 0.0075578719926485145
v 0.8477272727272727 -0.04772727272727262 0.011072590618409945
v 0.8537272727272727 -0.04172727272727262 0.007557871992648516
v 0.8562125541015112 -0.03924199135303405 -0.0009274093815900542
v 0.8537272727272727 -0.04172727272727261 -0.009412690755828625
v 0.8477272727272727 -0.04772727272727262 -0.012927409381590056
v 0.8417272727272727 -0.05372727272727262 -0.009412690755828628
v 0.8081056277166705 -0.025076190465147558 -0.011273768312738843
v 0.810590909090909 -0.022590909090908988 -0.0027884869385002738
v 0.816590909090909 -0.01659090909090899 0.0007262316872611568
v 0.822590909090909 -0.010590909090908991 -0.002788486938500272
v 0.8250761904651476 -0.00810562771667042 -0.011273768312738842
v 0.822590909090909 -0.010590909090908988 -0.019759049686977413
v 0.816590909090909 -0.01659090909090899 -0.023273768312738842
v 0.810590909090909 -0.022590909090908988 -0.019759049686977417
v 0.7769692640803069 0.006060173171216069 -0.01166617957298762
v 0.7794545454545454 0.008545454545454639 -0.00318089819874905
v 0.7854545454545454 0.014545454545454639 0.0003338204270123806
v 0.7914545454545454 0.020545454545454638 -0.003180898198749048
v 0.793939826828784 0.023030735919693207 -0.011666179572987618
v 0.7914545454545454 0.02054545454545464 -0.02015146094722619
v 0.7854545454545454 0.01454545454545464 -0.023666179572987618
v 0.7794545454545454 0.00854545454545464 -0.020151460947226193
v 0.7458329004439432 0.0371965368075797 -0.001758171508703532
v 0.7483181818181818 0.03968181818181827 0.006727109865535038
v 0.7543181818181818 0.04568181818181827 0.010241828491296468
v 0.7603181818181818 0.051681818181818266 0.00672710986553504
v 0.7628034631924203 0.054167099556056836 -0.0017581715087035305
v 0.7603181818181818 0.05168181818181827 -0.010243452882942101
v 0.7543181818181818 0.04568181818181827 -0.013758171508703532
v 0.7483181818181818 0.03968181818181827 -0.010243452882942105
v 0.7146965368075796 0.06833290044394333 0.00970217883445524
v 0.7171818181818181 0.07081818181818189 0.018187460208693808
v 0.7231818181818181 0.0768181818181819 0.02170217883445524
v 0.7291818181818182 0.0828181818181819 0.01818746020869381
v 0.7316670995560567 0.08530346319242046 0.009702178834455242
v 0.7291818181818182 0.0828181818181819 0.00121689746021667
v 0.7231818181818181 0.0768181818181819 -0.0022978211655447604
v 0.7171818181818181 0.07081818181818189 0.0012168974602166666
v 0.683560173171216 0.09946926408030696 0.01259618492315959
v 0.6860454545454545 0.10195454545454552 0.021081466297398162
v 0.6920454545454545 0.10795454545454553 0.02459618492315959
v 0.6980454545454545 0.11395454545454553 0.021081466297398162
v 0.7005307359196931 0.1164398268287841 0.012596184923159592
v 0.6980454545454545 0.11395454545454553 0.004110903548921021
v 0.6920454545454545 0.10795454545454553 0.00059618492315959
v 0.6860454545454545 0.10195454545454552 0.004110903548921017
v 0.6524238095348524 0.13060562771667059 0.004368642111800546
v 0.6549090909090909 0.13309090909090915 0.012853923486039115
v 0.6609090909090909 0.13909090909090915 0.016368642111800547
v 0.6669090909090909 0.14509090909090916 0.012853923486039118
v 0.6693943722833294 0.14757619046514772 0.004368642111800548
v 0.6669090909090909 0.14509090909090916 -0.004116639262438024
v 0.6609090909090909 0.13909090909090915 -0.007631357888199454
v 0.6549090909090909 0.13309090909090915 -0.004116639262438027
v 0.6212874458984887 0.16174199135303421 -0.0077161056524593045
v 0.6237727272727273 0.16422727272727278 0.0007691757217792652
v 0.6297727272727273 0.17022727272727278 0.004283894347540696
v 0.6357727272727273 0.1762272727272728 0.000769175721779267
v 0.6382580086469658 0.17871255410151135 -0.007716105652459303
v 0.6357727272727273 0.1762272727272728 -0.016201387026697874
v 0.6297727272727273 0.17022727272727278 -0.019716105652459306
v 0.6237727272727273 0.16422727272727278 -0.016201387026697878
v 0.5901510822621251 0.19287835498939784 -0.012988072653704143
v 0.5926363636363636 0.1953636363636364 -0.004502791279465573
v 0.5986363636363636 0.2013636363636364 -0.0009880726537041425
v 0.6046363636363636 0.20736363636363642 -0.004502791279465571
v 0.6071216450106022 0.20984891773787498 -0.012988072653704141
v 0.6046363636363636 0.20736363636363642 -0.02147335402794271
v 0.5986363636363636 0.2013636363636364 -0.024988072653704143
v 0.5926363636363636 0.1953636363636364 -0.021473354027942718
v 0.5590147186257615 0.22401471862576147 -0.006792481341307308
v 0.5615 0.22650000000000003 0.0016928000329312614
v 0.5675 0.23250000000000004 0.005207518658692692
v 0.5735 0.23850000000000005 0.0016928000329312631
v 0.5759852813742385 0.2409852813742386 -0.006792481341307307
v 0.5735 0.23850000000000005 -0.015277762715545878
v 0.5675 0.23250000000000004 -0.01879248134130731
v 0.5615 0.22650000000000003 -0.015277762715545882
v 0.5278783549893978 0.2551510822621251 0.005400395169024533
v 0.5303636363636364 0.25763636363636366 0.013885676543263102
v 0.5363636363636364 0.26363636363636367 0.017400395169024533
v 0.5423636363636364 0.2696363636363637 0.013885676543263104
v 0.5448489177378749 0.27212164501060226 0.0054003951690245345
v 0.5423636363636364 0.2696363636363637 -0.003084886205214037
v 0.5363636363636364 0.26363636363636367 -0.0065996048309754675
v 0.5303636363636364 0.25763636363636366 -0.0030848862052140404
v 0.49674199135303415 0.2862874458984887 0.012825101053221528
v 0.49922727272727274 0.2887727272727273 0.021310382427460098
v 0.5052272727272727 0.2947727272727273 0.024825101053221527
v 0.5112272727272728 0.3007727272727273 0.021310382427460098
v 0.5137125541015113 0.3032580086469659 0.01282510105322153
v 0.5112272727272728 0.3007727272727273 0.004339819678982958
v 0.5052272727272727 0.2947727272727273 0.0008251010532215278
v 0.49922727272727274 0.2887727272727273 0.004339819678982955
v 0.4656056277166705 0.31742380953485233 0.00892614113052758
v 0.4680909090909091 0.3199090909090909 0.01741142250476615
v 0.4740909090909091 0.3259090909090909 0.02092614113052758
v 0.4800909090909091 0.33190909090909093 0.017411422504766152
v 0.4825761904651477 0.3343943722833295 0.008926141130527582
v 0.4800909090909091 0.33190909090909093 0.0004408597562890106
v 0.4740909090909091 0.3259090909090909 -0.00307385886947242
v 0.4680909090909091 0.3199090909090909 0.00044085975628900716
v 0.43446926408030695 0.3485601731712159 -0.0028539761169929607
v 0.43695454545454554 0.3510454545454545 0.005631305257245609
v 0.44295454545454555 0.3570454545454545 0.009146023883007039
v 0.44895454545454555 0.3630454545454545 0.005631305257245611
v 0.45143982682878414 0.3655307359196931 -0.0028539761169929594
v 0.44895454545454555 0.3630454545454545 -0.01133925749123153
v 0.44295454545454555 0.3570454545454545 -0.014853976116992962
v 0.43695454545454554 0.3510454545454545 -0.011339257491231533
v 0.40333290044394327 0.3796965368075796 -0.012114232379748877
v 0.40581818181818186 0.3821818181818182 -0.0036289510055103075
v 0.41181818181818186 0.3881818181818182 -0.00011423237974887701
v 0.41781818181818187 0.3941818181818182 -0.003628951005510306
v 0.42030346319242046 0.3966670995560568 -0.012114232379748876
v 0.41781818181818187 0.3941818181818182 -0.02059951375398745
v 0.41181818181818186 0.3881818181818182 -0.024114232379748878
v 0.40581818181818186 0.3821818181818182 -0.02059951375398745
v 0.37219653680757964 0.4108329004439432 -0.010678470076566391
v 0.3746818181818182 0.4133181818181818 -0.0021931887023278213
v 0.38068181818181823 0.4193181818181818 0.0013215299234336092
v 0.38668181818181824 0.4253181818181818 -0.0021931887023278196
v 0.38916709955605683 0.4278034631924204 -0.01067847007656639
v 0.38668181818181824 0.4253181818181818 -0.019163751450804963
v 0.38068181818181823 0.4193181818181818 -0.02267847007656639
v 0.3746818181818182 0.4133181818181818 -0.019163751450804963
v 0.341060173171216 0.44196926408030685 0.00018563325676721187
v 0.3435454545454546 0.44445454545454544 0.008670914631005782
v 0.3495454545454546 0.45045454545454544 0.012185633256767213
v 0.3555454545454546 0.45645454545454545 0.008670914631005784
v 0.3580307359196932 0.45893982682878404 0.00018563325676721333
v 0.3555454545454546 0.45645454545454545 -0.008299648117471357
v 0.3495454545454546 0.45045454545454544 -0.011814366743232788
v 0.3435454545454546 0.44445454545454544 -0.00829964811747136
v 0.3099238095348524 0.4731056277166705 0.010885835428343612
v 0.31240909090909097 0.47559090909090906 0.019371116802582182
v 0.318409090909091 0.48159090909090907 0.02288583542834361
v 0.324409090909091 0.4875909090909091 0.019371116802582182
v 0.32689437228332957 0.49007619046514767 0.010885835428343614
v 0.324409090909091 0.4875909090909091 0.0024005540541050426
v 0.318409090909091 0.48159090909090907 -0.001114164571656388
v 0.31240909090909097 0.47559090909090906 0.002400554054105039
v 0.27878744589848875 0.5042419913530342 0.011974607490493058
v 0.28127272727272734 0.5067272727272727 0.02045988886473163
v 0.28727272727272735 0.5127272727272727 0.023974607490493058
v 0.29327272727272735 0.5187272727272727 0.02045988886473163
v 0.29575800864696594 0.5212125541015112 0.01197460749049306
v 0.29327272727272735 0.5187272727272727 0.003489326116254488
v 0.28727272727272735 0.5127272727272727 -0.000025392509506942662
v 0.28127272727272734 0.5067272727272727 0.0034893261162544844
v 0.24765108226212515 0.5353783549893978 0.0024906399829237977
v 0.2501363636363637 0.5378636363636363 0.010975921357162367
v 0.2561363636363637 0.5438636363636363 0.014490639982923798
v 0.2621363636363637 0.5498636363636363 0.010975921357162369
v 0.2646216450106023 0.5523489177378749 0.002490639982923799
v 0.2621363636363637 0.5498636363636363 -0.0059946413913147725
v 0.2561363636363637 0.5438636363636363 -0.009509360017076203
v 0.2501363636363637 0.5378636363636363 -0.005994641391314776
v 0.21651471862576152 0.5665147186257614 -0.00919238815542509
v 0.21900000000000008 0.569 -0.0007071067811865207
v 0.2250000000000001 0.575 0.00280761184457491
v 0.2310000000000001 0.581 -0.000707106781186519
v 0.23348528137423866 0.5834852813742385 -0.009192388155425089
v 0.2310000000000001 0.581 -0.01767766952966366
v 0.2250000000000001 0.575 -0.02119238815542509
v 0.21900000000000008 0.569 -0.017677669529663664
v 0.9015147186257614 0.08151471862576151 -0.012363734711837005
v 0.9039999999999999 0.08400000000000007 -0.0038784533375984358
v 0.9099999999999999 0.09000000000000008 -0.00036373471183700525
v 0.9159999999999999 0.09600000000000009 -0.003878453337598434
v 0.9184852813742385 0.09848528137423865 -0.012363734711837004
v 0.9159999999999999 0.09600000000000009 -0.020849016086075575
v 0.9099999999999999 0.09000000000000008 -0.024363734711837004
v 0.9039999999999999 0.08400000000000007 -0.02084901608607558
v 0.8712022186257614 0.1118272186257615 -0.010441697909248355
v 0.8736875 0.11431250000000007 -0.0019564165350097855
v 0.8796875 0.12031250000000007 0.001558302090751645
v 0.8856875 0.12631250000000008 -0.0019564165350097838
v 0.8881727813742385 0.12879778137423864 -0.010441697909248353
v 0.8856875 0.12631250000000008 -0.018926979283486925
v 0.8796875 0.12031250000000007 -0.022441697909248354
v 0.8736875 0.11431250000000007 -0.01892697928348693
v 0.8408897186257615 0.1421397186257615 0.0002552380019881865
v 0.843375 0.14462500000000006 0.008740519376226757
v 0.849375 0.15062500000000006 0.012255238001988187
v 0.855375 0.15662500000000007 0.008740519376226758
v 0.8578602813742385 0.15911028137423863 0.00025523800198818796
v 0.855375 0.15662500000000007 -0.008230043372250383
v 0.849375 0.15062500000000006 -0.011744761998011813
v 0.843375 0.14462500000000006 -0.008230043372250386
v 0.8105772186257614 0.1724522186257615 0.010737679322823372
v 0.8130624999999999 0.17493750000000005 0.01922296069706194
v 0.8190624999999999 0.18093750000000006 0.022737679322823372
v 0.8250624999999999 0.18693750000000006 0.019222960697061944
v 0.8275477813742385 0.18942278137423862 0.010737679322823374
v 0.8250624999999999 0.18693750000000006 0.0022523979485848025
v 0.8190624999999999 0.18093750000000006 -0.001262320677176628
v 0.8130624999999999 0.17493750000000005 0.002252397948584799
v 0.7802647186257614 0.20276471862576148 0.012196487366992291
v 0.78275 0.20525000000000004 0.02068176874123086
v 0.78875 0.21125000000000005 0.024196487366992293
v 0.79475 0.21725000000000005 0.020681768741230865
v 0.7972352813742385 0.21973528137423862 0.012196487366992293
v 0.79475 0.21725000000000005 0.0037112059927537216
v 0.78875 0.21125000000000005 0.00019648736699229112
v 0.78275 0.20525000000000004 0.003711205992753718
v 0.7499522186257614 0.23307721862576147 0.0034057223000233633
v 0.7524375 0.23556250000000004 0.011891003674261933
v 0.7584375 0.24156250000000004 0.015405722300023364
v 0.7644375 0.24756250000000005 0.011891003674261935
v 0.7669227813742385 0.2500477813742386 0.0034057223000233646
v 0.7644375 0.24756250000000005 -0.005079559074215206
v 0.7584375 0.24156250000000004 -0.008594277699976637
v 0.7524375 0.23556250000000004 -0.0050795590742152095
v 0.7196397186257614 0.26338971862576144 -0.00824711269412746
v 0.7221249999999999 0.26587500000000003 0.0002381686801111102
v 0.7281249999999999 0.27187500000000003 0.0037528873058725407
v 0.7341249999999999 0.27787500000000004 0.00023816868011111193
v 0.7366102813742385 0.28036028137423863 -0.008247112694127458
v 0.7341249999999999 0.27787500000000004 -0.01673239406836603
v 0.7281249999999999 0.27187500000000003 -0.02024711269412746
v 0.7221249999999999 0.26587500000000003 -0.016732394068366033
v 0.6893272186257614 0.29370221862576146 -0.0129693141402112
v 0.6918124999999999 0.29618750000000005 -0.00448403276597263
v 0.6978125 0.30218750000000005 -0.0009693141402111992
v 0.7038125 0.30818750000000006 -0.004484032765972628
v 0.7062977813742385 0.31067278137423865 -0.012969314140211198
v 0.7038125 0.30818750000000006 -0.021454595514449767
v 0.6978125 0.30218750000000005 -0.0249693141402112
v 0.6918124999999999 0.29618750000000005 -0.021454595514449774
v 0.6590147186257614 0.3240147186257614 -0.006792481341307347
v 0.6615 0.3265 0.0016928000329312224
v 0.6675 0.3325 0.005207518658692653
v 0.6735 0.3385 0.001692800032931224
v 0.6759852813742385 0.3409852813742386 -0.006792481341307346
v 0.6735 0.3385 -0.015277762715545918
v 0.6675 0.3325 -0.018792481341307347
v 0.6615 0.3265 -0.015277762715545921
v 0.6287022186257615 0.3543272186257614 0.00509255514107543
v 0.6311875 0.3568125 0.013577836515314
v 0.6371875 0.3628125 0.01709255514107543
v 0.6431875 0.3688125 0.013577836515314003
v 0.6456727813742386 0.3712977813742386 0.005092555141075432
v 0.6431875 0.3688125 -0.0033927262331631394
v 0.6371875 0.3628125 -0.00690744485892457
v 0.6311875 0.3568125 -0.003392726233163143
v 0.5983897186257615 0.3846397186257614 0.012697956457171335
v 0.600875 0.387125 0.021183237831409907
v 0.606875 0.393125 0.024697956457171336
v 0.6128750000000001 0.399125 0.021183237831409907
v 0.6153602813742386 0.4016102813742386 0.012697956457171337
v 0.6128750000000001 0.399125 0.004212675082932766
v 0.606875 0.393125 0.0006979564571713351
v 0.600875 0.387125 0.004212675082932762
v 0.5680772186257614 0.4149522186257614 0.009632364629614474
v 0.5705625 0.4174375 0.018117646003853044
v 0.5765625 0.4234375 0.021632364629614473
v 0.5825625 0.4294375 0.018117646003853044
v 0.5850477813742385 0.4319227813742386 0.009632364629614476
v 0.5825625 0.4294375 0.0011470832553759046
v 0.5765625 0.4234375 -0.002367635370385526
v 0.5705625 0.4174375 0.0011470832553759011
v 0.5377647186257615 0.4452647186257614 -0.0015279861669518988
v 0.54025 0.44775 0.006957295207286671
v 0.54625 0.45375 0.010472013833048101
v 0.55225 0.45975 0.006957295207286673
v 0.5547352813742386 0.4622352813742386 -0.0015279861669518972
v 0.55225 0.45975 -0.010013267541190468
v 0.54625 0.45375 -0.013527986166951899
v 0.54025 0.44775 -0.010013267541190472
v 0.5074522186257615 0.47557721862576136 -0.011404261847484005
v 0.5099375 0.47806249999999995 -0.0029189804732454357
v 0.5159375 0.48406249999999995 0.0005957381525159948
v 0.5219375 0.49006249999999996 -0.002918980473245434
v 0.5244227813742386 0.49254778137423855 -0.011404261847484004
v 0.5219375 0.49006249999999996 -0.019889543221722573
v 0.5159375 0.48406249999999995 -0.023404261847484006
v 0.5099375 0.47806249999999995 -0.01988954322172258
v 0.47713971862576143 0.5058897186257615 -0.011696727692678878
v 0.479625 0.508375 -0.0032114463184403086
v 0.48562500000000003 0.514375 0.00030327230732112194
v 0.49162500000000003 0.520375 -0.003211446318440307
v 0.4941102813742386 0.5228602813742386 -0.011696727692678877
v 0.49162500000000003 0.520375 -0.020182009066917448
v 0.48562500000000003 0.514375 -0.02369672769267888
v 0.479625 0.508375 -0.02018200906691745
v 0.4468272186257614 0.5362022186257615 -0.0021596039158949354
v 0.4493125 0.5386875 0.006325677458343634
v 0.4553125 0.5446875 0.009840396084105064
v 0.4613125 0.5506875 0.006325677458343636
v 0.4637977813742386 0.5531727813742385 -0.002159603915894934
v 0.4613125 0.5506875 -0.010644885290133506
v 0.4553125 0.5446875 -0.014159603915894936
v 0.4493125 0.5386875 -0.010644885290133509
v 0.41651471862576145 0.5665147186257614 0.009192388155425108
v 0.41900000000000004 0.569 0.017677669529663678
v 0.42500000000000004 0.575 0.02119238815542511
v 0.43100000000000005 0.581 0.01767766952966368
v 0.43348528137423864 0.5834852813742385 0.00919238815542511
v 0.43100000000000005 0.581 0.0007071067811865381
v 0.42500000000000004 0.575 -0.0028076118445748924
v 0.41900000000000004 0.569 0.0007071067811865346
v 0.9015147186257614 0.28151471862576166 0.012363734711837004
v 0.9039999999999999 0.28400000000000025 0.020849016086075575
v 0.9099999999999999 0.29000000000000026 0.024363734711837004
v 0.9159999999999999 0.29600000000000026 0.020849016086075575
v 0.9184852813742385 0.29848528137423885 0.012363734711837005
v 0.9159999999999999 0.29600000000000026 0.003878453337598434
v 0.9099999999999999 0.29000000000000026 0.0003637347118370035
v 0.9039999999999999 0.28400000000000025 0.0038784533375984306
v 0.8698480519590948 0.3131813852924283 0.010102897498940586
v 0.8723333333333333 0.3156666666666669 0.018588178873179158
v 0.8783333333333333 0.3216666666666669 0.022102897498940587
v 0.8843333333333333 0.3276666666666669 0.018588178873179158
v 0.8868186147075718 0.3301519480409055 0.010102897498940588
v 0.8843333333333333 0.3276666666666669 0.0016176161247020166
v 0.8783333333333333 0.3216666666666669 -0.001897102501059414
v 0.8723333333333333 0.3156666666666669 0.0016176161247020131
v 0.8381813852924281 0.3448480519590949 -0.0013588700224794836
v 0.8406666666666667 0.3473333333333335 0.007126411351759086
v 0.8466666666666667 0.3533333333333335 0.010641129977520517
v 0.8526666666666667 0.3593333333333335 0.007126411351759088
v 0.8551519480409052 0.3618186147075721 -0.0013588700224794821
v 0.8526666666666667 0.3593333333333335 -0.009844151396718053
v 0.8466666666666667 0.3533333333333335 -0.013358870022479484
v 0.8406666666666667 0.3473333333333335 -0.009844151396718057
v 0.8065147186257615 0.3765147186257615 -0.011583084814448788
v 0.809 0.3790000000000001 -0.0030978034402102186
v 0.8150000000000001 0.3850000000000001 0.0004169151855512119
v 0.8210000000000001 0.3910000000000001 -0.003097803440210217
v 0.8234852813742386 0.3934852813742387 -0.011583084814448787
v 0.8210000000000001 0.3910000000000001 -0.020068366188687358
v 0.8150000000000001 0.3850000000000001 -0.02358308481444879
v 0.809 0.3790000000000001 -0.02006836618868736
v 0.7748480519590949 0.4081813852924282 -0.011258330249197705
v 0.7773333333333334 0.4106666666666668 -0.002773048874959135
v 0.7833333333333334 0.4166666666666668 0.0007416697508022957
v 0.7893333333333334 0.4226666666666668 -0.002773048874959133
v 0.791818614707572 0.4251519480409054 -0.011258330249197703
v 0.7893333333333334 0.4226666666666668 -0.019743611623436276
v 0.7833333333333334 0.4166666666666668 -0.023258330249197705
v 0.7773333333333334 0.4106666666666668 -0.019743611623436276
v 0.7431813852924282 0.4398480519590948 -0.0006803674311582482
v 0.7456666666666667 0.4423333333333334 0.007804913943080321
v 0.7516666666666667 0.4483333333333334 0.011319632568841753
v 0.7576666666666667 0.4543333333333334 0.007804913943080323
v 0.7601519480409052 0.456818614707572 -0.0006803674311582467
v 0.7576666666666667 0.4543333333333334 -0.009165648805396817
v 0.7516666666666667 0.4483333333333334 -0.012680367431158248
v 0.7456666666666667 0.4423333333333334 -0.00916564880539682
v 0.7115147186257617 0.47151471862576144 0.01051722092687429
v 0.7140000000000002 0.47400000000000003 0.01900250230111286
v 0.7200000000000002 0.48000000000000004 0.02251722092687429
v 0.7260000000000002 0.48600000000000004 0.01900250230111286
v 0.7284852813742387 0.48848528137423863 0.010517220926874292
v 0.7260000000000002 0.48600000000000004 0.00203193955263572
v 0.7200000000000002 0.48000000000000004 -0.0014827790731257104
v 0.7140000000000002 0.47400000000000003 0.0020319395526357167
v 0.6798480519590949 0.5031813852924282 0.012136545544463645
v 0.6823333333333335 0.5056666666666667 0.020621826918702214
v 0.6883333333333335 0.5116666666666667 0.024136545544463643
v 0.6943333333333335 0.5176666666666667 0.020621826918702214
v 0.696818614707572 0.5201519480409053 0.012136545544463646
v 0.6943333333333335 0.5176666666666667 0.003651264170225075
v 0.6883333333333335 0.5116666666666667 0.00013654554446364438
v 0.6823333333333335 0.5056666666666667 0.0036512641702250714
v 0.6481813852924283 0.5348480519590948 0.002702851980630908
v 0.6506666666666668 0.5373333333333333 0.011188133354869477
v 0.6566666666666668 0.5433333333333333 0.01470285198063091
v 0.6626666666666668 0.5493333333333333 0.01118813335486948
v 0.6651519480409054 0.5518186147075719 0.0027028519806309094
v 0.6626666666666668 0.5493333333333333 -0.005782429393607662
v 0.6566666666666668 0.5433333333333333 -0.009297148019369091
v 0.6506666666666668 0.5373333333333333 -0.005782429393607665
v 0.6165147186257617 0.5665147186257614 -0.009192388155425077
v 0.6190000000000002 0.569 -0.0007071067811865069
v 0.6250000000000002 0.575 0.0028076118445749237
v 0.6310000000000002 0.581 -0.0007071067811865051
v 0.6334852813742388 0.5834852813742385 -0.009192388155425075
v 0.6310000000000002 0.581 -0.017677669529663646
v 0.6250000000000002 0.575 -0.021192388155425075
v 0.6190000000000002 0.569 -0.01767766952966365
v 0.9015147186257614 0.4815147186257616 -0.012363734711837004
v 0.9039999999999999 0.4840000000000002 -0.003878453337598434
v 0.9099999999999999 0.4900000000000002 -0.0003637347118370035
v 0.9159999999999999 0.4960000000000002 -0.0038784533375984323
v 0.9184852813742385 0.4984852813742388 -0.012363734711837002
v 0.9159999999999999 0.4960000000000002 -0.020849016086075575
v 0.9099999999999999 0.4900000000000002 -0.024363734711837004
v 0.9039999999999999 0.4840000000000002 -0.020849016086075575
v 0.8731813852924282 0.5098480519590949 -0.010902717383290511
v 0.8756666666666667 0.5123333333333334 -0.0024174360090519417
v 0.8816666666666667 0.5183333333333334 0.0010972826167094888
v 0.8876666666666667 0.5243333333333334 -0.00241743600905194
v 0.8901519480409052 0.526818614707572 -0.01090271738329051
v 0.8876666666666667 0.5243333333333334 -0.01938799875752908
v 0.8816666666666667 0.5183333333333334 -0.022902717383290513
v 0.8756666666666667 0.5123333333333334 -0.019387998757529085
v 0.8448480519590948 0.5381813852924282 -0.001358870022479523
v 0.8473333333333334 0.5406666666666667 0.007126411351759046
v 0.8533333333333334 0.5466666666666667 0.010641129977520477
v 0.8593333333333334 0.5526666666666668 0.007126411351759048
v 0.8618186147075719 0.5551519480409053 -0.0013588700224795216
v 0.8593333333333334 0.5526666666666668 -0.009844151396718093
v 0.8533333333333334 0.5466666666666667 -0.013358870022479524
v 0.8473333333333334 0.5406666666666667 -0.009844151396718097
v 0.8165147186257616 0.5665147186257614 0.009192388155425078
v 0.8190000000000002 0.569 0.017677669529663646
v 0.8250000000000002 0.575 0.02119238815542508
v 0.8310000000000002 0.581 0.01767766952966365
v 0.8334852813742387 0.5834852813742385 0.00919238815542508
v 0.8310000000000002 0.581 0.0007071067811865086
v 0.8250000000000002 0.575 -0.002807611844574922
v 0.8190000000000002 0.569 0.0007071067811865051
v 0.9184852813742385 -0.4984852813742388 0.012363734711836997
v 0.9159999999999999 -0.4960000000000002 0.02084901608607557
v 0.9099999999999999 -0.4900000000000002 0.024363734711836997
v 0.9039999999999999 -0.4840000000000002 0.02084901608607557
v 0.9015147186257614 -0.4815147186257616 0.012363734711836999
v 0.9039999999999999 -0.4840000000000002 0.003878453337598427
v 0.9099999999999999 -0.4900000000000002 0.00036373471183699657
v 0.9159999999999999 -0.4960000000000002 0.0038784533375984236
v 0.8901519480409052 -0.526818614707572 0.010902717383290525
v 0.8876666666666667 -0.5243333333333334 0.019387998757529095
v 0.8816666666666667 -0.5183333333333334 0.022902717383290527
v 0.8756666666666667 -0.5123333333333334 0.0193879987575291
v 0.8731813852924282 -0.5098480519590949 0.010902717383290527
v 0.8756666666666667 -0.5123333333333334 0.0024174360090519556
v 0.8816666666666667 -0.5183333333333334 -0.001097282616709475
v 0.8876666666666667 -0.5243333333333334 0.002417436009051952
v 0.8618186147075719 -0.5551519480409053 0.001358870022479547
v 0.8593333333333334 -0.5526666666666668 0.009844151396718117
v 0.8533333333333334 -0.5466666666666667 0.013358870022479548
v 0.8473333333333334 -0.5406666666666667 0.009844151396718119
v 0.8448480519590948 -0.5381813852924282 0.0013588700224795485
v 0.8473333333333334 -0.5406666666666667 -0.007126411351759023
v 0.8533333333333334 -0.5466666666666667 -0.010641129977520453
v 0.8593333333333334 -0.5526666666666668 -0.0071264113517590265
v 0.8334852813742387 -0.5834852813742385 -0.009192388155425061
v 0.8310000000000002 -0.581 -0.0007071067811864912
v 0.8250000000000002 -0.575 0.0028076118445749393
v 0.8190000000000002 -0.569 -0.0007071067811864895
v 0.8165147186257616 -0.5665147186257614 -0.00919238815542506
v 0.8190000000000002 -0.569 -0.017677669529663632
v 0.8250000000000002 -0.575 -0.02119238815542506
v 0.8310000000000002 -0.581 -0.017677669529663632
v 0.9184852813742385 -0.29848528137423885 -0.012363734711837009
v 0.9159999999999999 -0.29600000000000026 -0.0038784533375984392
v 0.9099999999999999 -0.29000000000000026 -0.0003637347118370087
v 0.9039999999999999 -0.28400000000000025 -0.0038784533375984375
v 0.9015147186257614 -0.28151471862576166 -0.012363734711837007
v 0.9039999999999999 -0.28400000000000025 -0.02084901608607558
v 0.9099999999999999 -0.29000000000000026 -0.02436373471183701
v 0.9159999999999999 -0.29600000000000026 -0.020849016086075582
v 0.8868186147075718 -0.3301519480409055 -0.010102897498940604
v 0.8843333333333333 -0.3276666666666669 -0.001617616124702034
v 0.8783333333333333 -0.3216666666666669 0.0018971025010593966
v 0.8723333333333333 -0.3156666666666669 -0.0016176161247020322
v 0.8698480519590948 -0.3131813852924283 -0.010102897498940602
v 0.8723333333333333 -0.3156666666666669 -0.01858817887317917
v 0.8783333333333333 -0.3216666666666669 -0.022102897498940604
v 0.8843333333333333 -0.3276666666666669 -0.01858817887317918
v 0.8551519480409052 -0.3618186147075721 0.0013588700224795027
v 0.8526666666666667 -0.3593333333333335 0.009844151396718072
v 0.8466666666666667 -0.3533333333333335 0.013358870022479503
v 0.8406666666666667 -0.3473333333333335 0.009844151396718074
v 0.8381813852924281 -0.3448480519590949 0.0013588700224795042
v 0.8406666666666667 -0.3473333333333335 -0.007126411351759067
v 0.8466666666666667 -0.3533333333333335 -0.010641129977520498
v 0.8526666666666667 -0.3593333333333335 -0.007126411351759071
v 0.8234852813742386 -0.3934852813742387 0.011583084814448776
v 0.8210000000000001 -0.3910000000000001 0.020068366188687348
v 0.8150000000000001 -0.3850000000000001 0.023583084814448776
v 0.809 -0.3790000000000001 0.020068366188687348
v 0.8065147186257615 -0.3765147186257615 0.011583084814448778
v 0.809 -0.3790000000000001 0.0030978034402102065
v 0.8150000000000001 -0.3850000000000001 -0.00041691518555122403
v 0.8210000000000001 -0.3910000000000001 0.003097803440210203
v 0.791818614707572 -0.4251519480409054 0.011258330249197717
v 0.7893333333333334 -0.4226666666666668 0.019743611623436286
v 0.7833333333333334 -0.4166666666666668 0.02325833024919772
v 0.7773333333333334 -0.4106666666666668 0.01974361162343629
v 0.7748480519590949 -0.4081813852924282 0.011258330249197718
v 0.7773333333333334 -0.4106666666666668 0.002773048874959147
v 0.7833333333333334 -0.4166666666666668 -0.0007416697508022835
v 0.7893333333333334 -0.4226666666666668 0.0027730488749591435
v 0.7601519480409052 -0.456818614707572 0.000680367431158229
v 0.7576666666666667 -0.4543333333333334 0.009165648805396798
v 0.7516666666666667 -0.4483333333333334 0.012680367431158229
v 0.7456666666666667 -0.4423333333333334 0.0091656488053968
v 0.7431813852924282 -0.4398480519590948 0.0006803674311582305
v 0.7456666666666667 -0.4423333333333334 -0.0078049139430803405
v 0.7516666666666667 -0.4483333333333334 -0.011319632568841772
v 0.7576666666666667 -0.4543333333333334 -0.007804913943080344
v 0.7284852813742387 -0.48848528137423863 -0.010517220926874274
v 0.7260000000000002 -0.48600000000000004 -0.0020319395526357045
v 0.7200000000000002 -0.48000000000000004 0.001482779073125726
v 0.7140000000000002 -0.47400000000000003 -0.002031939552635703
v 0.7115147186257617 -0.47151471862576144 -0.010517220926874273
v 0.7140000000000002 -0.47400000000000003 -0.019002502301112844
v 0.7200000000000002 -0.48000000000000004 -0.022517220926874276
v 0.7260000000000002 -0.48600000000000004 -0.019002502301112847
v 0.696818614707572 -0.5201519480409053 -0.012136545544463655
v 0.6943333333333335 -0.5176666666666667 -0.0036512641702250853
v 0.6883333333333335 -0.5116666666666667 -0.00013654554446365479
v 0.6823333333333335 -0.5056666666666667 -0.0036512641702250836
v 0.6798480519590949 -0.5031813852924282 -0.012136545544463653
v 0.6823333333333335 -0.5056666666666667 -0.020621826918702225
v 0.6883333333333335 -0.5116666666666667 -0.024136545544463657
v 0.6943333333333335 -0.5176666666666667 -0.020621826918702228
v 0.6651519480409054 -0.5518186147075719 -0.0027028519806308895
v 0.6626666666666668 -0.5493333333333333 0.00578242939360768
v 0.6566666666666668 -0.5433333333333333 0.00929714801936911
v 0.6506666666666668 -0.5373333333333333 0.0057824293936076816
v 0.6481813852924283 -0.5348480519590948 -0.002702851980630888
v 0.6506666666666668 -0.5373333333333333 -0.01118813335486946
v 0.6566666666666668 -0.5433333333333333 -0.01470285198063089
v 0.6626666666666668 -0.5493333333333333 -0.011188133354869463
v 0.6334852813742388 -0.5834852813742385 0.00919238815542509
v 0.6310000000000002 -0.581 0.01767766952966366
v 0.6250000000000002 -0.575 0.02119238815542509
v 0.6190000000000002 -0.569 0.01767766952966366
v 0.6165147186257617 -0.5665147186257614 0.009192388155425092
v 0.6190000000000002 -0.569 0.0007071067811865207
v 0.6250000000000002 -0.575 -0.00280761184457491
v 0.6310000000000002 -0.581 0.0007071067811865173
v 0.9184852813742385 -0.09848528137423865 0.012363734711837025
v 0.9159999999999999 -0.09600000000000009 0.020849016086075596
v 0.9099999999999999 -0.09000000000000008 0.024363734711837025
v 0.9039999999999999 -0.08400000000000007 0.020849016086075596
v 0.9015147186257614 -0.08151471862576151 0.012363734711837026
v 0.9039999999999999 -0.08400000000000007 0.003878453337598455
v 0.9099999999999999 -0.09000000000000008 0.0003637347118370243
v 0.9159999999999999 -0.09600000000000009 0.0038784533375984514
v 0.8881727813742385 -0.12879778137423864 0.010441697909248347
v 0.8856875 -0.12631250000000008 0.018926979283486918
v 0.8796875 -0.12031250000000007 0.022441697909248347
v 0.8736875 -0.11431250000000007 0.018926979283486918
v 0.8712022186257614 -0.1118272186257615 0.010441697909248348
v 0.8736875 -0.11431250000000007 0.001956416535009777
v 0.8796875 -0.12031250000000007 -0.0015583020907516537
v 0.8856875 -0.12631250000000008 0.0019564165350097733
v 0.8578602813742385 -0.15911028137423863 -0.0002552380019882024
v 0.855375 -0.15662500000000007 0.008230043372250367
v 0.849375 -0.15062500000000006 0.011744761998011798
v 0.843375 -0.14462500000000006 0.008230043372250369
v 0.8408897186257615 -0.1421397186257615 -0.0002552380019882009
v 0.843375 -0.14462500000000006 -0.008740519376226772
v 0.849375 -0.15062500000000006 -0.012255238001988203
v 0.855375 -0.15662500000000007 -0.008740519376226776
v 0.8275477813742385 -0.18942278137423862 -0.010737679322823355
v 0.8250624999999999 -0.18693750000000006 -0.002252397948584785
v 0.8190624999999999 -0.18093750000000006 0.0012623206771766454
v 0.8130624999999999 -0.17493750000000005 -0.0022523979485847834
v 0.8105772186257614 -0.1724522186257615 -0.010737679322823353
v 0.8130624999999999 -0.17493750000000005 -0.019222960697061926
v 0.8190624999999999 -0.18093750000000006 -0.022737679322823355
v 0.8250624999999999 -0.18693750000000006 -0.019222960697061926
v 0.7972352813742385 -0.21973528137423862 -0.0121964873669923
v 0.79475 -0.21725000000000005 -0.0037112059927537303
v 0.78875 -0.21125000000000005 -0.0001964873669922998
v 0.78275 -0.20525000000000004 -0.0037112059927537286
v 0.7802647186257614 -0.20276471862576148 -0.012196487366992298
v 0.78275 -0.20525000000000004 -0.02068176874123087
v 0.78875 -0.21125000000000005 -0.0241964873669923
v 0.79475 -0.21725000000000005 -0.02068176874123087
v 0.7669227813742385 -0.2500477813742386 -0.003405722300023348
v 0.7644375 -0.24756250000000005 0.005079559074215222
v 0.7584375 -0.24156250000000004 0.008594277699976652
v 0.7524375 -0.23556250000000004 0.005079559074215223
v 0.7499522186257614 -0.23307721862576147 -0.003405722300023347
v 0.7524375 -0.23556250000000004 -0.011891003674261918
v 0.7584375 -0.24156250000000004 -0.015405722300023348
v 0.7644375 -0.24756250000000005 -0.011891003674261921
v 0.7366102813742385 -0.28036028137423863 0.008247112694127472
v 0.7341249999999999 -0.27787500000000004 0.01673239406836604
v 0.7281249999999999 -0.27187500000000003 0.020247112694127472
v 0.7221249999999999 -0.26587500000000003 0.016732394068366043
v 0.7196397186257614 -0.26338971862576144 0.008247112694127473
v 0.7221249999999999 -0.26587500000000003 -0.00023816868011109806
v 0.7281249999999999 -0.27187500000000003 -0.0037528873058725286
v 0.7341249999999999 -0.27787500000000004 -0.00023816868011110152
v 0.7062977813742385 -0.31067278137423865 0.012969314140211198
v 0.7038125 -0.30818750000000006 0.021454595514449767
v 0.6978125 -0.30218750000000005 0.024969314140211196
v 0.6918124999999999 -0.29618750000000005 0.021454595514449767
v 0.6893272186257614 -0.29370221862576146 0.0129693141402112
v 0.6918124999999999 -0.29618750000000005 0.004484032765972628
v 0.6978125 -0.30218750000000005 0.0009693141402111975
v 0.7038125 -0.30818750000000006 0.0044840327659726245
v 0.6759852813742385 -0.3409852813742386 0.006792481341307295
v 0.6735 -0.3385 0.015277762715545866
v 0.6675 -0.3325 0.018792481341307295
v 0.6615 -0.3265 0.015277762715545866
v 0.6590147186257614 -0.3240147186257614 0.006792481341307297
v 0.6615 -0.3265 -0.0016928000329312744
v 0.6675 -0.3325 -0.005207518658692705
v 0.6735 -0.3385 -0.0016928000329312779
v 0.6456727813742386 -0.3712977813742386 -0.005092555141075445
v 0.6431875 -0.3688125 0.0033927262331631246
v 0.6371875 -0.3628125 0.006907444858924555
v 0.6311875 -0.3568125 0.0033927262331631264
v 0.6287022186257615 -0.3543272186257614 -0.005092555141075443
v 0.6311875 -0.3568125 -0.013577836515314015
v 0.6371875 -0.3628125 -0.017092555141075445
v 0.6431875 -0.3688125 -0.013577836515314018
v 0.6153602813742386 -0.4016102813742386 -0.012697956457171339
v 0.6128750000000001 -0.399125 -0.004212675082932769
v 0.606875 -0.393125 -0.0006979564571713386
v 0.600875 -0.387125 -0.004212675082932767
v 0.5983897186257615 -0.3846397186257614 -0.012697956457171337
v 0.600875 -0.387125 -0.021183237831409907
v 0.606875 -0.393125 -0.02469795645717134
v 0.6128750000000001 -0.399125 -0.021183237831409914
v 0.5850477813742385 -0.4319227813742386 -0.009632364629614493
v 0.5825625 -0.4294375 -0.0011470832553759237
v 0.5765625 -0.4234375 0.002367635370385507
v 0.5705625 -0.4174375 -0.001147083255375922
v 0.5680772186257614 -0.4149522186257614 -0.009632364629614492
v 0.5705625 -0.4174375 -0.018117646003853065
v 0.5765625 -0.4234375 -0.021632364629614494
v 0.5825625 -0.4294375 -0.018117646003853065
v 0.5547352813742386 -0.4622352813742386 0.0015279861669519144
v 0.55225 -0.45975 0.010013267541190484
v 0.54625 -0.45375 0.013527986166951915
v 0.54025 -0.44775 0.010013267541190486
v 0.5377647186257615 -0.4452647186257614 0.0015279861669519159
v 0.54025 -0.44775 -0.006957295207286655
v 0.54625 -0.45375 -0.010472013833048086
v 0.55225 -0.45975 -0.006957295207286659
v 0.5244227813742386 -0.49254778137423855 0.011404261847484012
v 0.5219375 -0.49006249999999996 0.01988954322172258
v 0.5159375 -0.48406249999999995 0.023404261847484013
v 0.5099375 -0.47806249999999995 0.019889543221722584
v 0.5074522186257615 -0.47557721862576136 0.011404261847484014
v 0.5099375 -0.47806249999999995 0.0029189804732454427
v 0.5159375 -0.48406249999999995 -0.0005957381525159879
v 0.5219375 -0.49006249999999996 0.002918980473245439
v 0.4941102813742386 -0.5228602813742386 0.011696727692678871
v 0.49162500000000003 -0.520375 0.02018200906691744
v 0.48562500000000003 -0.514375 0.023696727692678873
v 0.479625 -0.508375 0.020182009066917445
v 0.47713971862576143 -0.5058897186257615 0.011696727692678873
v 0.479625 -0.508375 0.0032114463184403017
v 0.48562500000000003 -0.514375 -0.0003032723073211289
v 0.49162500000000003 -0.520375 0.003211446318440298
v 0.4637977813742386 -0.5531727813742385 0.0021596039158949198
v 0.4613125 -0.5506875 0.01064488529013349
v 0.4553125 -0.5446875 0.01415960391589492
v 0.4493125 -0.5386875 0.010644885290133492
v 0.4468272186257614 -0.5362022186257615 0.002159603915894921
v 0.4493125 -0.5386875 -0.0063256774583436495
v 0.4553125 -0.5446875 -0.00984039608410508
v 0.4613125 -0.5506875 -0.006325677458343653
v 0.43348528137423864 -0.5834852813742385 -0.00919238815542512
v 0.43100000000000005 -0.581 -0.0007071067811865502
v 0.42500000000000004 -0.575 0.0028076118445748803
v 0.41900000000000004 -0.569 -0.0007071067811865485
v 0.41651471862576145 -0.5665147186257614 -0.009192388155425118
v 0.41900000000000004 -0.569 -0.017677669529663688
v 0.42500000000000004 -0.575 -0.02119238815542512
v 0.43100000000000005 -0.581 -0.017677669529663695
v 0.9184852813742385 0.10151471862576131 -0.012363734711837009
v 0.9159999999999999 0.10399999999999987 -0.0038784533375984392
v 0.9099999999999999 0.10999999999999988 -0.0003637347118370087
v 0.9039999999999999 0.11599999999999988 -0.0038784533375984375
v 0.9015147186257614 0.11848528137423844 -0.012363734711837007
v 0.9039999999999999 0.11599999999999988 -0.02084901608607558
v 0.9099999999999999 0.10999999999999988 -0.02436373471183701
v 0.9159999999999999 0.10399999999999987 -0.020849016086075582
v 0.8873489177378748 0.07037835498939768 -0.010237787066684038
v 0.8848636363636363 0.07286363636363624 -0.0017525056924454687
v 0.8788636363636363 0.07886363636363625 0.0017622129333159618
v 0.8728636363636363 0.08486363636363625 -0.001752505692445467
v 0.8703783549893978 0.08734891773787481 -0.010237787066684037
v 0.8728636363636363 0.08486363636363625 -0.018723068440922606
v 0.8788636363636363 0.07886363636363625 -0.02223778706668404
v 0.8848636363636363 0.07286363636363624 -0.018723068440922613
v 0.8562125541015112 0.03924199135303405 0.0009274093815900224
v 0.8537272727272727 0.04172727272727262 0.009412690755828592
v 0.8477272727272727 0.04772727272727262 0.012927409381590023
v 0.8417272727272727 0.05372727272727262 0.009412690755828594
v 0.8392419913530341 0.056212554101511186 0.0009274093815900239
v 0.8417272727272727 0.053727272727272624 -0.007557871992648547
v 0.8477272727272727 0.04772727272727262 -0.011072590618409978
v 0.8537272727272727 0.04172727272727262 -0.007557871992648551
v 0.8250761904651476 0.00810562771667042 0.01127376831273885
v 0.822590909090909 0.01059090909090899 0.01975904968697742
v 0.816590909090909 0.01659090909090899 0.02327376831273885
v 0.810590909090909 0.022590909090908988 0.01975904968697742
v 0.8081056277166705 0.025076190465147558 0.011273768312738852
v 0.810590909090909 0.02259090909090899 0.0027884869385002807
v 0.816590909090909 0.01659090909090899 -0.0007262316872611498
v 0.822590909090909 0.010590909090908991 0.0027884869385002772
v 0.793939826828784 -0.023030735919693207 0.011666179572987635
v 0.7914545454545454 -0.020545454545454638 0.020151460947226203
v 0.7854545454545454 -0.014545454545454639 0.023666179572987635
v 0.7794545454545454 -0.00854545454545464 0.020151460947226207
v 0.7769692640803069 -0.006060173171216069 0.011666179572987637
v 0.7794545454545454 -0.008545454545454637 0.0031808981987490655
v 0.7854545454545454 -0.014545454545454637 -0.000333820427012365
v 0.7914545454545454 -0.020545454545454638 0.003180898198749062
v 0.7628034631924203 -0.054167099556056836 0.0017581715087035194
v 0.7603181818181818 -0.051681818181818266 0.01024345288294209
v 0.7543181818181818 -0.04568181818181827 0.01375817150870352
v 0.7483181818181818 -0.03968181818181827 0.010243452882942091
v 0.7458329004439432 -0.0371965368075797 0.001758171508703521
v 0.7483181818181818 -0.03968181818181826 -0.00672710986553505
v 0.7543181818181818 -0.04568181818181827 -0.01024182849129648
v 0.7603181818181818 -0.051681818181818266 -0.0067271098655350536
v 0.7316670995560567 -0.08530346319242046 -0.00970217883445528
v 0.7291818181818182 -0.0828181818181819 -0.00121689746021671
v 0.7231818181818181 -0.0768181818181819 0.0022978211655447205
v 0.7171818181818181 -0.07081818181818189 -0.0012168974602167083
v 0.7146965368075796 -0.06833290044394333 -0.009702178834455278
v 0.7171818181818181 -0.07081818181818189 -0.01818746020869385
v 0.7231818181818181 -0.0768181818181819 -0.021702178834455278
v 0.7291818181818182 -0.0828181818181819 -0.018187460208693853
v 0.7005307359196931 -0.1164398268287841 -0.012596184923159585
v 0.6980454545454545 -0.11395454545454553 -0.004110903548921015
v 0.6920454545454545 -0.10795454545454553 -0.0005961849231595848
v 0.6860454545454545 -0.10195454545454552 -0.004110903548921014
v 0.683560173171216 -0.09946926408030696 -0.012596184923159583
v 0.6860454545454545 -0.10195454545454552 -0.021081466297398155
v 0.6920454545454545 -0.10795454545454553 -0.024596184923159584
v 0.6980454545454545 -0.11395454545454553 -0.02108146629739816
v 0.6693943722833294 -0.14757619046514772 -0.004368642111800534
v 0.6669090909090909 -0.14509090909090916 0.004116639262438036
v 0.6609090909090909 -0.13909090909090915 0.007631357888199466
v 0.6549090909090909 -0.13309090909090915 0.0041166392624380375
v 0.6524238095348524 -0.13060562771667059 -0.004368642111800532
v 0.6549090909090909 -0.13309090909090915 -0.012853923486039105
v 0.6609090909090909 -0.13909090909090915 -0.016368642111800533
v 0.6669090909090909 -0.14509090909090916 -0.012853923486039108
v 0.6382580086469658 -0.17871255410151135 0.007716105652459352
v 0.6357727272727273 -0.1762272727272728 0.016201387026697923
v 0.6297727272727273 -0.17022727272727278 0.01971610565245935
v 0.6237727272727273 -0.16422727272727278 0.016201387026697923
v 0.6212874458984887 -0.16174199135303421 0.007716105652459354
v 0.6237727272727273 -0.16422727272727278 -0.0007691757217792175
v 0.6297727272727273 -0.17022727272727278 -0.004283894347540648
v 0.6357727272727273 -0.1762272727272728 -0.000769175721779221
v 0.6071216450106022 -0.20984891773787498 0.012988072653704143
v 0.6046363636363636 -0.20736363636363642 0.02147335402794271
v 0.5986363636363636 -0.2013636363636364 0.024988072653704143
v 0.5926363636363636 -0.1953636363636364 0.021473354027942714
v 0.5901510822621251 -0.19287835498939784 0.012988072653704144
v 0.5926363636363636 -0.1953636363636364 0.004502791279465573
v 0.5986363636363636 -0.2013636363636364 0.0009880726537041425
v 0.6046363636363636 -0.20736363636363642 0.0045027912794655695
v 0.5759852813742385 -0.2409852813742386 0.006792481341307296
v 0.5735 -0.23850000000000005 0.015277762715545866
v 0.5675 -0.23250000000000004 0.018792481341307295
v 0.5615 -0.22650000000000003 0.015277762715545868
v 0.5590147186257615 -0.22401471862576147 0.006792481341307298
v 0.5615 -0.22650000000000003 -0.0016928000329312735
v 0.5675 -0.23250000000000004 -0.005207518658692704
v 0.5735 -0.23850000000000005 -0.001692800032931277
v 0.5448489177378749 -0.27212164501060226 -0.005400395169024544
v 0.5423636363636364 -0.2696363636363637 0.0030848862052140257
v 0.5363636363636364 -0.26363636363636367 0.006599604830975456
v 0.5303636363636364 -0.25763636363636366 0.0030848862052140274
v 0.5278783549893978 -0.2551510822621251 -0.005400395169024542
v 0.5303636363636364 -0.25763636363636366 -0.013885676543263115
v 0.5363636363636364 -0.26363636363636367 -0.017400395169024543
v 0.5423636363636364 -0.2696363636363637 -0.013885676543263118
v 0.5137125541015113 -0.3032580086469659 -0.012825101053221526
v 0.5112272727272728 -0.3007727272727273 -0.004339819678982957
v 0.5052272727272727 -0.2947727272727273 -0.0008251010532215261
v 0.49922727272727274 -0.2887727272727273 -0.004339819678982955
v 0.49674199135303415 -0.2862874458984887 -0.012825101053221525
v 0.49922727272727274 -0.2887727272727273 -0.021310382427460098
v 0.5052272727272727 -0.2947727272727273 -0.024825101053221527
v 0.5112272727272728 -0.3007727272727273 -0.021310382427460098
v 0.4825761904651477 -0.3343943722833295 -0.008926141130527554
v 0.4800909090909091 -0.33190909090909093 -0.0004408597562889846
v 0.4740909090909091 -0.3259090909090909 0.003073858869472446
v 0.4680909090909091 -0.3199090909090909 -0.00044085975628898287
v 0.4656056277166705 -0.31742380953485233 -0.008926141130527553
v 0.4680909090909091 -0.3199090909090909 -0.017411422504766124
v 0.4740909090909091 -0.3259090909090909 -0.020926141130527556
v 0.4800909090909091 -0.33190909090909093 -0.017411422504766128
v 0.45143982682878414 -0.3655307359196931 0.002853976116992973
v 0.44895454545454555 -0.3630454545454545 0.011339257491231543
v 0.44295454545454555 -0.3570454545454545 0.014853976116992972
v 0.43695454545454554 -0.3510454545454545 0.011339257491231543
v 0.43446926408030695 -0.3485601731712159 0.002853976116992974
v 0.43695454545454554 -0.3510454545454545 -0.005631305257245597
v 0.44295454545454555 -0.3570454545454545 -0.009146023883007028
v 0.44895454545454555 -0.3630454545454545 -0.0056313052572456
v 0.42030346319242046 -0.3966670995560568 0.012114232379748876
v 0.41781818181818187 -0.3941818181818182 0.020599513753987445
v 0.41181818181818186 -0.3881818181818182 0.024114232379748878
v 0.40581818181818186 -0.3821818181818182 0.02059951375398745
v 0.40333290044394327 -0.3796965368075796 0.012114232379748877
v 0.40581818181818186 -0.3821818181818182 0.003628951005510306
v 0.41181818181818186 -0.3881818181818182 0.00011423237974887528
v 0.41781818181818187 -0.3941818181818182 0.0036289510055103023
v 0.38916709955605683 -0.4278034631924204 0.010678470076566382
v 0.38668181818181824 -0.4253181818181818 0.019163751450804952
v 0.38068181818181823 -0.4193181818181818 0.022678470076566384
v 0.3746818181818182 -0.4133181818181818 0.019163751450804956
v 0.37219653680757964 -0.4108329004439432 0.010678470076566384
v 0.3746818181818182 -0.4133181818181818 0.0021931887023278127
v 0.38068181818181823 -0.4193181818181818 -0.0013215299234336179
v 0.38668181818181824 -0.4253181818181818 0.002193188702327809
v 0.3580307359196932 -0.45893982682878404 -0.0001856332567672246
v 0.3555454545454546 -0.45645454545454545 0.008299648117471345
v 0.3495454545454546 -0.45045454545454544 0.011814366743232775
v 0.3435454545454546 -0.44445454545454544 0.008299648117471347
v 0.341060173171216 -0.44196926408030685 -0.00018563325676722314
v 0.3435454545454546 -0.44445454545454544 -0.008670914631005795
v 0.3495454545454546 -0.45045454545454544 -0.012185633256767225
v 0.3555454545454546 -0.45645454545454545 -0.008670914631005798
v 0.32689437228332957 -0.49007619046514767 -0.010885835428343607
v 0.324409090909091 -0.4875909090909091 -0.0024005540541050373
v 0.318409090909091 -0.48159090909090907 0.0011141645716563932
v 0.31240909090909097 -0.47559090909090906 -0.0024005540541050356
v 0.3099238095348524 -0.4731056277166705 -0.010885835428343605
v 0.31240909090909097 -0.47559090909090906 -0.019371116802582175
v 0.318409090909091 -0.48159090909090907 -0.022885835428343607
v 0.324409090909091 -0.4875909090909091 -0.019371116802582182
v 0.29575800864696594 -0.5212125541015112 -0.011974607490493054
v 0.29327272727272735 -0.5187272727272727 -0.0034893261162544844
v 0.28727272727272735 -0.5127272727272727 0.00002539250950694613
v 0.28127272727272734 -0.5067272727272727 -0.0034893261162544827
v 0.27878744589848875 -0.5042419913530342 -0.011974607490493052
v 0.28127272727272734 -0.5067272727272727 -0.020459888864731622
v 0.28727272727272735 -0.5127272727272727 -0.023974607490493054
v 0.29327272727272735 -0.5187272727272727 -0.02045988886473163
v 0.2646216450106023 -0.5523489177378749 -0.0024906399829237847
v 0.2621363636363637 -0.5498636363636363 0.005994641391314785
v 0.2561363636363637 -0.5438636363636363 0.009509360017076215
v 0.2501363636363637 -0.5378636363636363 0.005994641391314786
v 0.24765108226212515 -0.5353783549893978 -0.0024906399829237834
v 0.2501363636363637 -0.5378636363636363 -0.010975921357162355
v 0.2561363636363637 -0.5438636363636363 -0.014490639982923785
v 0.2621363636363637 -0.5498636363636363 -0.010975921357162358
v 0.23348528137423866 -0.5834852813742385 0.009192388155425084
v 0.2310000000000001 -0.581 0.017677669529663653
v 0.2250000000000001 -0.575 0.021192388155425082
v 0.21900000000000008 -0.569 0.017677669529663653
v 0.21651471862576152 -0.5665147186257614 0.009192388155425085
v 0.21900000000000008 -0.569 0.0007071067811865138
v 0.2250000000000001 -0.575 -0.0028076118445749167
v 0.2310000000000001 -0.581 0.0007071067811865103
v 0.9184852813742385 0.30151471862576124 0.012363734711836995
v 0.9159999999999999 0.3039999999999998 0.020849016086075565
v 0.9099999999999999 0.30999999999999983 0.024363734711836997
v 0.9039999999999999 0.31599999999999984 0.02084901608607557
v 0.9015147186257614 0.3184852813742384 0.012363734711836997
v 0.9039999999999999 0.31599999999999984 0.0038784533375984254
v 0.9099999999999999 0.30999999999999983 0.00036373471183699484
v 0.9159999999999999 0.3039999999999998 0.003878453337598422
v 0.8868781385170956 0.2699075757686184 0.010118178568632213
v 0.8843928571428571 0.272392857142857 0.018603459942870784
v 0.8783928571428571 0.278392857142857 0.022118178568632213
v 0.8723928571428571 0.284392857142857 0.018603459942870784
v 0.8699075757686185 0.2868781385170956 0.010118178568632214
v 0.8723928571428571 0.284392857142857 0.001632897194393643
v 0.8783928571428571 0.278392857142857 -0.0018818214313677875
v 0.8843928571428571 0.272392857142857 0.0016328971943936395
v 0.8552709956599528 0.23830043291147557 -0.0013105070901131399
v 0.8527857142857143 0.24078571428571413 0.00717477428412543
v 0.8467857142857143 0.24678571428571414 0.01068949290988686
v 0.8407857142857142 0.2527857142857141 0.007174774284125432
v 0.8383004329114757 0.2552709956599527 -0.0013105070901131383
v 0.8407857142857142 0.2527857142857141 -0.00979578846435171
v 0.8467857142857143 0.24678571428571414 -0.01331050709011314
v 0.8527857142857143 0.24078571428571413 -0.009795788464351713
v 0.82366385280281 0.2066932900543327 -0.011549793267725353
v 0.8211785714285714 0.20917857142857127 -0.0030645118934867835
v 0.8151785714285714 0.21517857142857127 0.00045020673227464704
v 0.8091785714285714 0.22117857142857128 -0.0030645118934867818
v 0.8066932900543329 0.22366385280280984 -0.011549793267725351
v 0.8091785714285714 0.22117857142857128 -0.020035074641963923
v 0.8151785714285714 0.21517857142857127 -0.023549793267725355
v 0.8211785714285714 0.20917857142857127 -0.020035074641963926
v 0.7920567099456671 0.17508614719718987 -0.011306634731024048
v 0.7895714285714286 0.17757142857142844 -0.0028213533567854783
v 0.7835714285714286 0.18357142857142844 0.0006933652689759522
v 0.7775714285714286 0.18957142857142845 -0.0028213533567854766
v 0.77508614719719 0.192056709945667 -0.011306634731024046
v 0.7775714285714286 0.18957142857142845 -0.019791916105262618
v 0.7835714285714286 0.18357142857142844 -0.023306634731024047
v 0.7895714285714286 0.17757142857142844 -0.01979191610526262
v 0.7604495670885242 0.143479004340047 -0.0008017190593190927
v 0.7579642857142856 0.14596428571428557 0.007683562314919477
v 0.7519642857142856 0.15196428571428558 0.011198280940680908
v 0.7459642857142856 0.15796428571428558 0.007683562314919479
v 0.7434790043400471 0.16044956708852415 -0.0008017190593190912
v 0.7459642857142856 0.15796428571428558 -0.009287000433557662
v 0.7519642857142856 0.15196428571428558 -0.012801719059319093
v 0.7579642857142856 0.14596428571428557 -0.009287000433557666
v 0.7288424242313813 0.11187186148290418 0.010430826581244954
v 0.7263571428571428 0.11435714285714274 0.018916107955483524
v 0.7203571428571428 0.12035714285714275 0.022430826581244956
v 0.7143571428571428 0.12635714285714275 0.018916107955483527
v 0.7118718614829043 0.12884242423138131 0.010430826581244956
v 0.7143571428571428 0.12635714285714275 0.0019455452070063842
v 0.7203571428571428 0.12035714285714275 -0.0015691734187550464
v 0.7263571428571428 0.11435714285714274 0.0019455452070063807
v 0.6972352813742385 0.08026471862576132 0.012196487366992286
v 0.69475 0.08274999999999988 0.020681768741230858
v 0.68875 0.08874999999999988 0.024196487366992286
v 0.68275 0.09474999999999989 0.020681768741230858
v 0.6802647186257614 0.09723528137423845 0.012196487366992288
v 0.68275 0.09474999999999989 0.0037112059927537164
v 0.68875 0.08874999999999988 0.00019648736699228592
v 0.69475 0.08274999999999988 0.003711205992753713
v 0.6656281385170957 0.04865757576861848 0.0028927721414320723
v 0.6631428571428571 0.05114285714285705 0.011378053515670642
v 0.6571428571428571 0.05714285714285705 0.014892772141432073
v 0.6511428571428571 0.06314285714285706 0.011378053515670644
v 0.6486575757686186 0.06562813851709562 0.0028927721414320736
v 0.6511428571428571 0.06314285714285706 -0.005592509232806497
v 0.6571428571428571 0.05714285714285705 -0.009107227858567928
v 0.6631428571428571 0.05114285714285705 -0.0055925092328065005
v 0.6340209956599528 0.017050432911475594 -0.009036386097762288
v 0.6315357142857143 0.019535714285714163 -0.0005511047235237185
v 0.6255357142857143 0.02553571428571416 0.002963613902237712
v 0.6195357142857143 0.03153571428571416 -0.0005511047235237168
v 0.6170504329114758 0.03402099565995273 -0.009036386097762287
v 0.6195357142857143 0.03153571428571417 -0.01752166747200086
v 0.6255357142857143 0.02553571428571416 -0.02103638609776229
v 0.6315357142857143 0.019535714285714163 -0.01752166747200086
v 0.6024138528028099 -0.014556709945667242 -0.01276423583806953
v 0.5999285714285714 -0.012071428571428672 -0.0042789544638309595
v 0.5939285714285714 -0.006071428571428673 -0.000764235838069529
v 0.5879285714285714 -0.00007142857142867359 -0.004278954463830958
v 0.5854432900543328 0.0024138528028098977 -0.012764235838069527
v 0.5879285714285714 -0.00007142857142867012 -0.021249517212308097
v 0.5939285714285714 -0.00607142857142867 -0.02476423583806953
v 0.5999285714285714 -0.01207142857142867 -0.021249517212308104
v 0.5708067099456672 -0.046163852802810074 -0.004907428312959333
v 0.5683214285714286 -0.043678571428571504 0.0035778530612792367
v 0.5623214285714286 -0.037678571428571506 0.007092571687040667
v 0.5563214285714286 -0.03167857142857151 0.0035778530612792384
v 0.5538361471971901 -0.029193290054332938 -0.004907428312959331
v 0.5563214285714286 -0.0316785714285715 -0.013392709687197902
v 0.5623214285714286 -0.037678571428571506 -0.016907428312959334
v 0.5683214285714286 -0.043678571428571504 -0.013392709687197905
v 0.5391995670885242 -0.07777099565995291 0.0074032984111899154
v 0.5367142857142857 -0.07528571428571434 0.015888579785428486
v 0.5307142857142857 -0.06928571428571434 0.019403298411189915
v 0.5247142857142857 -0.06328571428571433 0.015888579785428486
v 0.5222290043400472 -0.06080043291147577 0.007403298411189917
v 0.5247142857142857 -0.06328571428571433 -0.0010819829630486543
v 0.5307142857142857 -0.06928571428571434 -0.004596701588810085
v 0.5367142857142857 -0.07528571428571434 -0.0010819829630486577
v 0.5075924242313814 -0.1093781385170958 0.012994886142979686
v 0.5051071428571429 -0.10689285714285723 0.021480167517218256
v 0.49910714285714286 -0.10089285714285723 0.024994886142979685
v 0.49310714285714285 -0.09489285714285722 0.021480167517218256
v 0.49062186148290426 -0.09240757576861866 0.012994886142979688
v 0.49310714285714285 -0.09489285714285722 0.004509604768741116
v 0.49910714285714286 -0.10089285714285723 0.0009948861429796858
v 0.5051071428571429 -0.10689285714285723 0.004509604768741113
v 0.4759852813742386 -0.14098528137423863 0.0067924813413073395
v 0.47350000000000003 -0.13850000000000007 0.01527776271554591
v 0.4675 -0.13250000000000006 0.01879248134130734
v 0.4615 -0.12650000000000006 0.015277762715545911
v 0.45901471862576143 -0.1240147186257615 0.006792481341307341
v 0.4615 -0.12650000000000006 -0.0016928000329312302
v 0.4675 -0.13250000000000006 -0.005207518658692661
v 0.47350000000000003 -0.13850000000000007 -0.0016928000329312336
v 0.4443781385170958 -0.17259242423138146 -0.005574692688938695
v 0.4418928571428572 -0.1701071428571429 0.0029105886852998746
v 0.4358928571428572 -0.1641071428571429 0.006425307311061305
v 0.4298928571428572 -0.1581071428571429 0.0029105886852998763
v 0.4274075757686186 -0.15562186148290433 -0.0055746926889386934
v 0.4298928571428572 -0.1581071428571429 -0.014059974063177265
v 0.4358928571428572 -0.1641071428571429 -0.017574692688938694
v 0.4418928571428572 -0.1701071428571429 -0.014059974063177268
v 0.41277099565995296 -0.2041995670885243 -0.01288234690298315
v 0.41028571428571436 -0.20171428571428573 -0.00439706552874458
v 0.40428571428571436 -0.19571428571428573 -0.0008823469029831492
v 0.39828571428571435 -0.18971428571428572 -0.004397065528744578
v 0.39580043291147576 -0.18722900434004716 -0.012882346902983148
v 0.39828571428571435 -0.18971428571428572 -0.021367628277221717
v 0.40428571428571436 -0.19571428571428573 -0.02488234690298315
v 0.41028571428571436 -0.20171428571428573 -0.021367628277221724
v 0.3811638528028101 -0.23580670994566713 -0.008498147759056239
v 0.37867857142857153 -0.23332142857142857 -0.000012866384817669316
v 0.3726785714285715 -0.22732142857142856 0.003501852240943761
v 0.3666785714285715 -0.22132142857142856 -0.000012866384817667581
v 0.36419329005433293 -0.21883614719719 -0.008498147759056237
v 0.3666785714285715 -0.22132142857142856 -0.016983429133294807
v 0.3726785714285715 -0.22732142857142856 -0.02049814775905624
v 0.37867857142857153 -0.23332142857142857 -0.016983429133294814
v 0.3495567099456672 -0.2674138528028101 0.0035988616485230682
v 0.3470714285714286 -0.2649285714285715 0.012084143022761638
v 0.3410714285714286 -0.2589285714285715 0.015598861648523069
v 0.3350714285714286 -0.2529285714285715 0.01208414302276164
v 0.33258614719719 -0.2504432900543329 0.0035988616485230695
v 0.3350714285714286 -0.2529285714285715 -0.004886419725715501
v 0.3410714285714286 -0.2589285714285715 -0.008401138351476932
v 0.3470714285714286 -0.2649285714285715 -0.0048864197257155045
v 0.31794956708852434 -0.29902099565995294 0.012429590232658968
v 0.31546428571428575 -0.29653571428571435 0.020914871606897537
v 0.30946428571428575 -0.29053571428571434 0.02442959023265897
v 0.30346428571428574 -0.28453571428571434 0.02091487160689754
v 0.30097900434004715 -0.28205043291147575 0.01242959023265897
v 0.30346428571428574 -0.28453571428571434 0.003944308858420398
v 0.30946428571428575 -0.29053571428571434 0.00042959023265896727
v 0.31546428571428575 -0.29653571428571435 0.003944308858420394
v 0.2863424242313815 -0.33062813851709577 0.009979381624654131
v 0.2838571428571429 -0.3281428571428572 0.0184646629988927
v 0.2778571428571429 -0.3221428571428572 0.021979381624654133
v 0.2718571428571429 -0.31614285714285717 0.018464662998892704
v 0.2693718614829043 -0.3136575757686186 0.009979381624654133
v 0.2718571428571429 -0.31614285714285717 0.0014941002504155615
v 0.2778571428571429 -0.3221428571428572 -0.002020618375345869
v 0.2838571428571429 -0.3281428571428572 0.001494100250415558
v 0.2547352813742387 -0.3622352813742386 -0.0015279861669518606
v 0.2522500000000001 -0.35975 0.006957295207286709
v 0.24625000000000008 -0.35375 0.01047201383304814
v 0.24025000000000007 -0.34775 0.006957295207286711
v 0.2377647186257615 -0.3452647186257614 -0.001527986166951859
v 0.24025000000000007 -0.34775 -0.01001326754119043
v 0.24625000000000008 -0.35375 -0.01352798616695186
v 0.2522500000000001 -0.35975 -0.010013267541190434
v 0.22312813851709581 -0.39384242423138144 -0.011648573247593412
v 0.22064285714285725 -0.39135714285714285 -0.003163291873354842
v 0.21464285714285725 -0.38535714285714284 0.0003514267524065886
v 0.20864285714285724 -0.37935714285714284 -0.00316329187335484
v 0.20615757576861868 -0.37687186148290425 -0.01164857324759341
v 0.20864285714285724 -0.37935714285714284 -0.02013385462183198
v 0.21464285714285725 -0.38535714285714284 -0.02364857324759341
v 0.22064285714285725 -0.39135714285714285 -0.020133854621831985
v 0.19152099565995298 -0.42544956708852427 -0.011197064167021334
v 0.18903571428571442 -0.4229642857142857 -0.002711782792782764
v 0.1830357142857144 -0.4169642857142857 0.0008029358329786664
v 0.1770357142857144 -0.41096428571428567 -0.0027117827927827624
v 0.17455043291147584 -0.4084790043400471 -0.011197064167021332
v 0.1770357142857144 -0.41096428571428567 -0.019682345541259902
v 0.1830357142857144 -0.4169642857142857 -0.023197064167021334
v 0.18903571428571442 -0.4229642857142857 -0.01968234554125991
v 0.15991385280281015 -0.4570567099456671 -0.000583242794556733
v 0.15742857142857158 -0.4545714285714285 0.007902038579681837
v 0.15142857142857158 -0.4485714285714285 0.011416757205443268
v 0.14542857142857157 -0.4425714285714285 0.007902038579681839
v 0.142943290054333 -0.4400861471971899 -0.0005832427945567315
v 0.14542857142857157 -0.4425714285714285 -0.009068524168795302
v 0.15142857142857158 -0.4485714285714285 -0.012583242794556733
v 0.15742857142857158 -0.4545714285714285 -0.009068524168795306
v 0.1283067099456672 -0.48866385280281005 0.010559922281924393
v 0.12582142857142864 -0.48617857142857146 0.01904520365616296
v 0.11982142857142863 -0.48017857142857145 0.022559922281924393
v 0.11382142857142863 -0.47417857142857145 0.019045203656162964
v 0.11133614719719007 -0.47169329005433286 0.010559922281924395
v 0.11382142857142863 -0.47417857142857145 0.002074640907685823
v 0.11982142857142863 -0.48017857142857145 -0.0014400777180756073
v 0.12582142857142864 -0.48617857142857146 0.0020746409076858197
v 0.09669956708852437 -0.5202709956599528 0.012119036896044193
v 0.0942142857142858 -0.5177857142857143 0.020604318270282765
v 0.0882142857142858 -0.5117857142857143 0.024119036896044194
v 0.0822142857142858 -0.5057857142857143 0.020604318270282765
v 0.07972900434004723 -0.5033004329114757 0.012119036896044195
v 0.0822142857142858 -0.5057857142857143 0.0036337555218056237
v 0.0882142857142858 -0.5117857142857143 0.00011903689604419315
v 0.0942142857142858 -0.5177857142857143 0.00363375552180562
v 0.06509242423138153 -0.5518781385170957 0.0026790685561425506
v 0.06260714285714297 -0.5493928571428571 0.01116434993038112
v 0.05660714285714297 -0.5433928571428571 0.01467906855614255
v 0.05060714285714297 -0.5373928571428571 0.011164349930381122
v 0.0481218614829044 -0.5349075757686186 0.002679068556142552
v 0.05060714285714296 -0.5373928571428571 -0.00580621281809602
v 0.05660714285714297 -0.5433928571428571 -0.00932093144385745
v 0.06260714285714297 -0.5493928571428571 -0.005806212818096023
v 0.0334852813742387 -0.5834852813742385 -0.00919238815542508
v 0.03100000000000013 -0.581 -0.0007071067811865103
v 0.025000000000000133 -0.575 0.00280761184457492
v 0.019000000000000135 -0.569 -0.0007071067811865086
v 0.016514718625761565 -0.5665147186257614 -0.009192388155425078
v 0.01900000000000013 -0.569 -0.01767766952966365
v 0.025000000000000133 -0.575 -0.021192388155425082
v 0.03100000000000013 -0.581 -0.017677669529663653
v 0.9184852813742385 0.5015147186257614 -0.012363734711837009
v 0.9159999999999999 0.5039999999999999 -0.0038784533375984392
v 0.9099999999999999 0.5099999999999999 -0.0003637347118370087
v 0.9039999999999999 0.5159999999999999 -0.0038784533375984375
v 0.9015147186257614 0.5184852813742384 -0.012363734711837007
v 0.9039999999999999 0.5159999999999999 -0.02084901608607558
v 0.9099999999999999 0.5099999999999999 -0.02436373471183701
v 0.9159999999999999 0.5039999999999999 -0.020849016086075582
v 0.8874852813742384 0.47051471862576133 -0.010272015160883894
v 0.8849999999999999 0.4729999999999999 -0.001786733786645324
v 0.8789999999999999 0.4789999999999999 0.0017279848391161066
v 0.8729999999999999 0.48499999999999993 -0.0017867337866453222
v 0.8705147186257614 0.4874852813742385 -0.010272015160883892
v 0.8729999999999999 0.48499999999999993 -0.018757296535122463
v 0.8789999999999999 0.4789999999999999 -0.022272015160883896
v 0.8849999999999999 0.4729999999999999 -0.018757296535122467
v 0.8564852813742385 0.4395147186257613 0.000816276753881109
v 0.854 0.4419999999999999 0.00930155812811968
v 0.848 0.4479999999999999 0.01281627675388111
v 0.842 0.4539999999999999 0.009301558128119681
v 0.8395147186257614 0.4564852813742385 0.0008162767538811105
v 0.842 0.4539999999999999 -0.007669004620357461
v 0.848 0.4479999999999999 -0.01118372324611889
v 0.854 0.4419999999999999 -0.007669004620357464
v 0.8254852813742385 0.40851471862576133 0.011189646351051307
v 0.823 0.4109999999999999 0.01967492772528988
v 0.817 0.4169999999999999 0.023189646351051307
v 0.8109999999999999 0.42299999999999993 0.01967492772528988
v 0.8085147186257614 0.4254852813742385 0.011189646351051309
v 0.8109999999999999 0.42299999999999993 0.0027043649768127374
v 0.817 0.4169999999999999 -0.0008103536489486932
v 0.823 0.4109999999999999 0.002704364976812734
v 0.7944852813742385 0.3775147186257613 0.01176275168205822
v 0.7919999999999999 0.3799999999999999 0.020248033056296792
v 0.7859999999999999 0.3859999999999999 0.02376275168205822
v 0.7799999999999999 0.3919999999999999 0.020248033056296792
v 0.7775147186257614 0.3944852813742385 0.011762751682058223
v 0.7799999999999999 0.3919999999999999 0.003277470307819651
v 0.7859999999999999 0.3859999999999999 -0.00023724831794177947
v 0.7919999999999999 0.3799999999999999 0.0032774703078196476
v 0.7634852813742384 0.3465147186257613 0.0020336480455228835
v 0.7609999999999999 0.34899999999999987 0.010518929419761453
v 0.7549999999999999 0.35499999999999987 0.014033648045522883
v 0.7489999999999999 0.3609999999999999 0.010518929419761455
v 0.7465147186257614 0.36348528137423847 0.002033648045522885
v 0.7489999999999999 0.3609999999999999 -0.006451633328715687
v 0.7549999999999999 0.35499999999999987 -0.009966351954477117
v 0.7609999999999999 0.34899999999999987 -0.00645163332871569
v 0.7324852813742385 0.3155147186257613 -0.009476592156478397
v 0.73 0.3179999999999999 -0.0009913107822398272
v 0.724 0.3239999999999999 0.0025234078435216033
v 0.718 0.3299999999999999 -0.0009913107822398255
v 0.7155147186257614 0.3324852813742385 -0.009476592156478395
v 0.718 0.3299999999999999 -0.017961873530716967
v 0.724 0.3239999999999999 -0.021476592156478395
v 0.73 0.3179999999999999 -0.01796187353071697
v 0.7014852813742385 0.28451471862576133 -0.01268691790520371
v 0.699 0.2869999999999999 -0.00420163653096514
v 0.693 0.2929999999999999 -0.0006869179052037093
v 0.6869999999999999 0.29899999999999993 -0.004201636530965138
v 0.6845147186257614 0.3014852813742385 -0.012686917905203708
v 0.6869999999999999 0.29899999999999993 -0.021172199279442278
v 0.693 0.2929999999999999 -0.02468691790520371
v 0.699 0.2869999999999999 -0.021172199279442284
v 0.6704852813742385 0.2535147186257613 -0.004785619184900753
v 0.6679999999999999 0.2559999999999999 0.0036996621893378165
v 0.6619999999999999 0.2619999999999999 0.007214380815099247
v 0.6559999999999999 0.2679999999999999 0.0036996621893378183
v 0.6535147186257614 0.2704852813742385 -0.0047856191849007515
v 0.6559999999999999 0.2679999999999999 -0.013270900559139324
v 0.6619999999999999 0.2619999999999999 -0.016785619184900753
v 0.6679999999999999 0.2559999999999999 -0.013270900559139327
v 0.6394852813742385 0.22251471862576136 0.00730708391207771
v 0.637 0.22499999999999992 0.01579236528631628
v 0.631 0.23099999999999993 0.01930708391207771
v 0.625 0.23699999999999993 0.015792365286316282
v 0.6225147186257615 0.2394852813742385 0.007307083912077712
v 0.625 0.23699999999999993 -0.0011781974621608597
v 0.631 0.23099999999999993 -0.00469291608792229
v 0.637 0.22499999999999992 -0.0011781974621608632
v 0.6084852813742384 0.19151471862576133 0.013
v 0.6059999999999999 0.1939999999999999 0.02148528137423857
v 0.5999999999999999 0.1999999999999999 0.025
v 0.5939999999999999 0.2059999999999999 0.021485281374238573
v 0.5915147186257613 0.20848528137423847 0.013000000000000001
v 0.5939999999999999 0.2059999999999999 0.00451471862576143
v 0.5999999999999999 0.1999999999999999 0.0009999999999999992
v 0.6059999999999999 0.1939999999999999 0.004514718625761426
v 0.5774852813742385 0.16051471862576136 0.007307083912077651
v 0.575 0.16299999999999992 0.01579236528631622
v 0.569 0.16899999999999993 0.019307083912077652
v 0.563 0.17499999999999993 0.015792365286316223
v 0.5605147186257614 0.1774852813742385 0.007307083912077653
v 0.563 0.17499999999999993 -0.0011781974621609187
v 0.569 0.16899999999999993 -0.004692916087922349
v 0.575 0.16299999999999992 -0.0011781974621609221
v 0.5464852813742385 0.12951471862576133 -0.0047856191849008625
v 0.5439999999999999 0.1319999999999999 0.0036996621893377072
v 0.5379999999999999 0.1379999999999999 0.007214380815099138
v 0.5319999999999999 0.1439999999999999 0.003699662189337709
v 0.5295147186257614 0.14648528137423847 -0.004785619184900861
v 0.5319999999999999 0.1439999999999999 -0.013270900559139431
v 0.5379999999999999 0.1379999999999999 -0.016785619184900864
v 0.5439999999999999 0.1319999999999999 -0.013270900559139435
v 0.5154852813742384 0.0985147186257613 -0.012686917905203727
v 0.5129999999999999 0.10099999999999987 -0.004201636530965157
v 0.5069999999999999 0.10699999999999987 -0.0006869179052037266
v 0.5009999999999999 0.11299999999999988 -0.0042016365309651554
v 0.4985147186257613 0.11548528137423844 -0.012686917905203725
v 0.5009999999999999 0.11299999999999988 -0.0211721992794423
v 0.5069999999999999 0.10699999999999987 -0.024686917905203727
v 0.5129999999999999 0.10099999999999987 -0.0211721992794423
v 0.4844852813742385 0.06751471862576133 -0.009476592156478317
v 0.48199999999999993 0.0699999999999999 -0.0009913107822397474
v 0.4759999999999999 0.0759999999999999 0.002523407843521683
v 0.4699999999999999 0.0819999999999999 -0.0009913107822397457
v 0.4675147186257613 0.08448528137423847 -0.009476592156478315
v 0.4699999999999999 0.0819999999999999 -0.017961873530716887
v 0.4759999999999999 0.0759999999999999 -0.02147659215647832
v 0.48199999999999993 0.0699999999999999 -0.01796187353071689
v 0.45348528137423855 0.03651471862576136 0.0020336480455230457
v 0.45099999999999996 0.038999999999999924 0.010518929419761616
v 0.44499999999999995 0.04499999999999993 0.014033648045523046
v 0.43899999999999995 0.05099999999999993 0.010518929419761618
v 0.43651471862576136 0.0534852813742385 0.002033648045523047
v 0.43899999999999995 0.050999999999999934 -0.006451633328715524
v 0.44499999999999995 0.04499999999999993 -0.009966351954476954
v 0.45099999999999996 0.03899999999999993 -0.006451633328715527
v 0.4224852813742386 0.0055147186257613855 0.01176275168205825
v 0.42 0.007999999999999955 0.02024803305629682
v 0.414 0.013999999999999957 0.02376275168205825
v 0.408 0.019999999999999955 0.02024803305629682
v 0.4055147186257614 0.02248528137423853 0.011762751682058252
v 0.408 0.01999999999999996 0.0032774703078196805
v 0.414 0.013999999999999959 -0.00023724831794174998
v 0.42 0.007999999999999959 0.003277470307819677
v 0.3914852813742385 -0.025485281374238698 0.011189646351051246
v 0.3889999999999999 -0.023000000000000128 0.019674927725289816
v 0.3829999999999999 -0.017000000000000126 0.023189646351051245
v 0.3769999999999999 -0.011000000000000126 0.019674927725289816
v 0.3745147186257613 -0.008514718625761555 0.011189646351051248
v 0.3769999999999999 -0.011000000000000124 0.0027043649768126767
v 0.3829999999999999 -0.017000000000000126 -0.0008103536489487539
v 0.3889999999999999 -0.023000000000000125 0.002704364976812673
v 0.3604852813742386 -0.05648528137423861 0.0008162767538810374
v 0.358 -0.05400000000000005 0.009301558128119607
v 0.352 -0.04800000000000004 0.012816276753881037
v 0.346 -0.042000000000000044 0.009301558128119608
v 0.3435147186257614 -0.039514718625761475 0.0008162767538810389
v 0.346 -0.04200000000000004 -0.007669004620357533
v 0.352 -0.04800000000000004 -0.011183723246118963
v 0.358 -0.05400000000000004 -0.007669004620357536
v 0.32948528137423855 -0.08748528137423864 -0.010272015160883994
v 0.32699999999999996 -0.08500000000000008 -0.0017867337866454246
v 0.32099999999999995 -0.07900000000000007 0.001727984839116006
v 0.31499999999999995 -0.07300000000000006 -0.0017867337866454228
v 0.31251471862576136 -0.0705147186257615 -0.010272015160883993
v 0.31499999999999995 -0.07300000000000006 -0.018757296535122564
v 0.32099999999999995 -0.07900000000000007 -0.022272015160883993
v 0.32699999999999996 -0.08500000000000008 -0.018757296535122567
v 0.2984852813742385 -0.11848528137423867 -0.01236373471183698
v 0.29599999999999993 -0.1160000000000001 -0.0038784533375984098
v 0.2899999999999999 -0.1100000000000001 -0.0003637347118369792
v 0.2839999999999999 -0.10400000000000009 -0.003878453337598408
v 0.28151471862576133 -0.10151471862576153 -0.012363734711836978
v 0.2839999999999999 -0.10400000000000009 -0.020849016086075547
v 0.2899999999999999 -0.1100000000000001 -0.02436373471183698
v 0.29599999999999993 -0.1160000000000001 -0.020849016086075554
v 0.2674852813742386 -0.14948528137423858 -0.0036268843785099755
v 0.265 -0.14700000000000002 0.004858396995728594
v 0.259 -0.14100000000000001 0.008373115621490025
v 0.253 -0.135 0.004858396995728596
v 0.2505147186257614 -0.13251471862576145 -0.003626884378509974
v 0.253 -0.135 -0.012112165752748545
v 0.259 -0.14100000000000001 -0.015626884378509974
v 0.265 -0.14700000000000002 -0.012112165752748549
v 0.23648528137423855 -0.1804852813742386 0.008286511866732986
v 0.23399999999999999 -0.17800000000000005 0.016771793240971555
v 0.22799999999999998 -0.17200000000000004 0.020286511866732984
v 0.22199999999999998 -0.16600000000000004 0.016771793240971555
v 0.2195147186257614 -0.16351471862576147 0.008286511866732987
v 0.22199999999999998 -0.16600000000000004 -0.00019876950750558411
v 0.22799999999999998 -0.17200000000000004 -0.0037134881332670146
v 0.23399999999999999 -0.17800000000000005 -0.00019876950750558758
v 0.20548528137423852 -0.21148528137423864 0.012942305539840038
v 0.20299999999999996 -0.20900000000000007 0.02142758691407861
v 0.19699999999999995 -0.20300000000000007 0.02494230553984004
v 0.19099999999999995 -0.19700000000000006 0.02142758691407861
v 0.18851471862576138 -0.1945147186257615 0.01294230553984004
v 0.19099999999999995 -0.19700000000000006 0.004457024165601469
v 0.19699999999999995 -0.20300000000000007 0.0009423055398400382
v 0.20299999999999996 -0.20900000000000007 0.004457024165601465
v 0.1744852813742385 -0.24248528137423866 0.006262797763322261
v 0.17199999999999993 -0.2400000000000001 0.014748079137560832
v 0.16599999999999993 -0.2340000000000001 0.01826279776332226
v 0.15999999999999992 -0.2280000000000001 0.014748079137560832
v 0.15751471862576136 -0.22551471862576153 0.006262797763322263
v 0.15999999999999992 -0.2280000000000001 -0.002222483610916309
v 0.16599999999999993 -0.2340000000000001 -0.005737202236677739
v 0.17199999999999993 -0.2400000000000001 -0.0022224836109163123
v 0.14348528137423847 -0.2734852813742387 -0.005901876496614164
v 0.1409999999999999 -0.27100000000000013 0.0025834048776244055
v 0.1349999999999999 -0.2650000000000001 0.006098123503385836
v 0.1289999999999999 -0.2590000000000001 0.0025834048776244073
v 0.12651471862576133 -0.25651471862576153 -0.0059018764966141625
v 0.1289999999999999 -0.2590000000000001 -0.014387157870852735
v 0.1349999999999999 -0.2650000000000001 -0.017901876496614164
v 0.1409999999999999 -0.27100000000000013 -0.014387157870852738
v 0.11248528137423844 -0.30448528137423875 -0.01289749111708822
v 0.10999999999999988 -0.30200000000000016 -0.00441220974284965
v 0.10399999999999987 -0.29600000000000015 -0.0008974911170882196
v 0.09799999999999986 -0.29000000000000015 -0.004412209742849648
v 0.0955147186257613 -0.28751471862576156 -0.012897491117088218
v 0.09799999999999986 -0.29000000000000015 -0.02138277249132679
v 0.10399999999999987 -0.29600000000000015 -0.024897491117088222
v 0.10999999999999988 -0.30200000000000016 -0.021382772491326793
v 0.08148528137423852 -0.33548528137423866 -0.008597054249207467
v 0.07899999999999996 -0.3330000000000001 -0.00011177287496889725
v 0.07299999999999995 -0.32700000000000007 0.0034029457507925333
v 0.06699999999999995 -0.32100000000000006 -0.00011177287496889551
v 0.06451471862576139 -0.3185147186257615 -0.008597054249207465
v 0.06699999999999995 -0.32100000000000006 -0.017082335623446035
v 0.07299999999999995 -0.32700000000000007 -0.020597054249207467
v 0.07899999999999996 -0.3330000000000001 -0.017082335623446042
v 0.050485281374238494 -0.3664852813742387 0.0032329685331431426
v 0.04799999999999993 -0.3640000000000001 0.011718249907381711
v 0.041999999999999926 -0.3580000000000001 0.015232968533143144
v 0.03599999999999993 -0.3520000000000001 0.011718249907381715
v 0.03351471862576136 -0.3495147186257615 0.003232968533143144
v 0.03599999999999992 -0.3520000000000001 -0.005252312841095427
v 0.041999999999999926 -0.3580000000000001 -0.008767031466856857
v 0.047999999999999925 -0.3640000000000001 -0.005252312841095431
v 0.01948528137423847 -0.3974852813742387 0.012231449996404945
v 0.0169999999999999 -0.39500000000000013 0.020716731370643515
v 0.010999999999999899 -0.3890000000000001 0.024231449996404947
v 0.004999999999999899 -0.3830000000000001 0.020716731370643518
v 0.0025147186257613273 -0.3805147186257615 0.012231449996404947
v 0.004999999999999897 -0.3830000000000001 0.003746168622166375
v 0.010999999999999897 -0.3890000000000001 0.00023144999640494456
v 0.016999999999999897 -0.39500000000000013 0.0037461686221663716
v -0.011514718625761446 -0.42848528137423864 0.010517220926874307
v -0.014000000000000016 -0.42600000000000005 0.019002502301112875
v -0.020000000000000018 -0.42000000000000004 0.022517220926874307
v -0.026000000000000016 -0.41400000000000003 0.01900250230111288
v -0.02848528137423859 -0.41151471862576144 0.010517220926874309
v -0.02600000000000002 -0.41400000000000003 0.0020319395526357375
v -0.020000000000000018 -0.42000000000000004 -0.001482779073125693
v -0.01400000000000002 -0.42600000000000005 0.002031939552635734
v -0.04251471862576148 -0.45948528137423866 -0.000408339868015691
v -0.04500000000000004 -0.4570000000000001 0.008076941506222879
v -0.051000000000000045 -0.45100000000000007 0.011591660131984309
v -0.057000000000000044 -0.44500000000000006 0.00807694150622288
v -0.05948528137423861 -0.44251471862576147 -0.0004083398680156895
v -0.05700000000000005 -0.44500000000000006 -0.008893621242254261
v -0.051000000000000045 -0.45100000000000007 -0.012408339868015691
v -0.04500000000000005 -0.4570000000000001 -0.008893621242254264
v -0.0735147186257614 -0.4904852813742386 -0.010976263031526186
v -0.07599999999999996 -0.488 -0.0024909816572876164
v -0.08199999999999996 -0.482 0.001023736968473814
v -0.08799999999999997 -0.476 -0.0024909816572876147
v -0.09048528137423853 -0.4735147186257614 -0.010976263031526184
v -0.08799999999999997 -0.476 -0.019461544405764756
v -0.08199999999999996 -0.482 -0.022976263031526188
v -0.07599999999999996 -0.488 -0.01946154440576476
v -0.10451471862576142 -0.5214852813742386 -0.011930810133891757
v -0.10699999999999998 -0.519 -0.0034455287596531874
v -0.11299999999999999 -0.513 0.00006918986610824317
v -0.119 -0.507 -0.0034455287596531856
v -0.12148528137423856 -0.5045147186257615 -0.011930810133891755
v -0.119 -0.507 -0.020416091508130327
v -0.11299999999999999 -0.513 -0.023930810133891756
v -0.10699999999999998 -0.519 -0.02041609150813033
v -0.13551471862576156 -0.5524852813742387 -0.002435957089614372
v -0.13800000000000012 -0.5500000000000002 0.0060493242846241975
v -0.14400000000000013 -0.5440000000000002 0.009564042910385628
v -0.15000000000000013 -0.5380000000000001 0.006049324284624199
v -0.1524852813742387 -0.5355147186257616 -0.0024359570896143705
v -0.15000000000000013 -0.5380000000000001 -0.010921238463852942
v -0.14400000000000013 -0.5440000000000002 -0.014435957089614372
v -0.13800000000000012 -0.5500000000000002 -0.010921238463852945
v -0.16651471862576148 -0.5834852813742386 0.009192388155425125
v -0.16900000000000004 -0.5810000000000001 0.017677669529663695
v -0.17500000000000004 -0.5750000000000001 0.021192388155425124
v -0.18100000000000005 -0.5690000000000001 0.017677669529663695
v -0.1834852813742386 -0.5665147186257615 0.009192388155425127
v -0.18100000000000005 -0.5690000000000001 0.0007071067811865554
v -0.17500000000000004 -0.5750000000000001 -0.002807611844574875
v -0.16900000000000004 -0.5810000000000001 0.000707106781186552
v -0.38348528137423854 -0.5665147186257614 -0.009192388155425089
v -0.38099999999999995 -0.569 -0.000707106781186519
v -0.37499999999999994 -0.575 0.0028076118445749115
v -0.36899999999999994 -0.581 -0.0007071067811865173
v -0.36651471862576135 -0.5834852813742385 -0.009192388155425087
v -0.36899999999999994 -0.581 -0.01767766952966366
v -0.37499999999999994 -0.575 -0.02119238815542509
v -0.38099999999999995 -0.569 -0.01767766952966366
v -0.35240420029315744 -0.5354336375446803 0.0024684766949365886
v -0.34991891891891885 -0.5379189189189189 0.010953758069175158
v -0.34391891891891885 -0.5439189189189189 0.014468476694936588
v -0.33791891891891884 -0.5499189189189189 0.01095375806917516
v -0.33543363754468025 -0.5524042002931574 0.00246847669493659
v -0.33791891891891884 -0.5499189189189189 -0.006016804679301982
v -0.34391891891891885 -0.5439189189189189 -0.009531523305063412
v -0.34991891891891885 -0.5379189189189189 -0.006016804679301985
v -0.3213231192120764 -0.5043525564635992 0.011956957574090613
v -0.3188378378378378 -0.5068378378378378 0.02044223894832918
v -0.3128378378378378 -0.5128378378378378 0.023956957574090613
v -0.3068378378378378 -0.5188378378378378 0.020442238948329184
v -0.3043525564635992 -0.5213231192120763 0.011956957574090614
v -0.3068378378378378 -0.5188378378378378 0.003471676199852043
v -0.3128378378378378 -0.5128378378378378 -0.0000430424259093877
v -0.3188378378378378 -0.5068378378378378 0.0034716761998520394
v -0.2902420381309953 -0.4732714753825181 0.01092271282587879
v -0.2877567567567567 -0.4757567567567567 0.019407994200117358
v -0.2817567567567567 -0.4817567567567567 0.02292271282587879
v -0.2757567567567567 -0.4877567567567567 0.01940799420011736
v -0.2732714753825181 -0.4902420381309953 0.010922712825878792
v -0.2757567567567567 -0.4877567567567567 0.0024374314516402203
v -0.2817567567567567 -0.4817567567567567 -0.0010772871741212102
v -0.2877567567567567 -0.4757567567567567 0.002437431451640217
v -0.2591609570499142 -0.44219039430143703 0.00027592998333706955
v -0.2566756756756756 -0.4446756756756756 0.008761211357575639
v -0.2506756756756756 -0.4506756756756756 0.01227592998333707
v -0.2446756756756756 -0.45667567567567563 0.00876121135757564
v -0.24219039430143705 -0.4591609570499142 0.000275929983337071
v -0.2446756756756756 -0.45667567567567563 -0.0082093513909015
v -0.2506756756756756 -0.4506756756756756 -0.011724070016662931
v -0.2566756756756756 -0.4446756756756756 -0.008209351390901504
v -0.2280798759688331 -0.411109313220356 -0.010613685159062523
v -0.22559459459459455 -0.4135945945945946 -0.0021284037848239533
v -0.21959459459459454 -0.4195945945945946 0.0013863148409374772
v -0.21359459459459454 -0.4255945945945946 -0.0021284037848239516
v -0.21110931322035598 -0.4280798759688332 -0.010613685159062521
v -0.21359459459459454 -0.4255945945945946 -0.019098966533301093
v -0.21959459459459454 -0.4195945945945946 -0.02261368515906252
v -0.22559459459459455 -0.4135945945945946 -0.019098966533301096
v -0.19699879488775204 -0.3800282321392749 -0.0121627221374927
v -0.19451351351351348 -0.3825135135135135 -0.0036774407632541306
v -0.18851351351351348 -0.3885135135135135 -0.00016272213749270008
v -0.18251351351351347 -0.3945135135135135 -0.003677440763254129
v -0.1800282321392749 -0.3969987948877521 -0.012162722137492699
v -0.18251351351351347 -0.3945135135135135 -0.02064800351173127
v -0.18851351351351348 -0.3885135135135135 -0.024162722137492702
v -0.19451351351351348 -0.3825135135135135 -0.020648003511731274
v -0.16591771380667095 -0.3489471510581938 -0.0030079502965244115
v -0.16343243243243238 -0.3514324324324324 0.005477331077714158
v -0.15743243243243238 -0.3574324324324324 0.008992049703475589
v -0.15143243243243237 -0.3634324324324324 0.00547733107771416
v -0.1489471510581938 -0.365917713806671 -0.00300795029652441
v -0.15143243243243237 -0.3634324324324324 -0.011493231670762981
v -0.15743243243243238 -0.3574324324324324 -0.015007950296524412
v -0.16343243243243238 -0.3514324324324324 -0.011493231670762985
v -0.13483663272558988 -0.3178660699771127 0.008793969489475141
v -0.13235135135135132 -0.3203513513513513 0.01727925086371371
v -0.1263513513513513 -0.3263513513513513 0.020793969489475143
v -0.1203513513513513 -0.3323513513513513 0.017279250863713715
v -0.11786606997711274 -0.3348366327255899 0.008793969489475143
v -0.1203513513513513 -0.3323513513513513 0.0003086881152365717
v -0.1263513513513513 -0.3263513513513513 -0.003206030510524859
v -0.13235135135135132 -0.3203513513513513 0.0003086881152365682
v -0.10375555164450881 -0.28678498889603166 0.012856752664863188
v -0.10127027027027025 -0.28927027027027025 0.02134203403910176
v -0.09527027027027024 -0.29527027027027025 0.024856752664863188
v -0.08927027027027024 -0.30127027027027026 0.02134203403910176
v -0.08678498889603167 -0.30375555164450885 0.01285675266486319
v -0.08927027027027024 -0.30127027027027026 0.004371471290624618
v -0.09527027027027024 -0.29527027027027025 0.0008567526648631876
v -0.10127027027027025 -0.28927027027027025 0.004371471290624615
v -0.07267447056342771 -0.25570390781495056 0.005604945158386298
v -0.07018918918918915 -0.25818918918918915 0.014090226532624869
v -0.06418918918918914 -0.26418918918918916 0.017604945158386297
v -0.058189189189189146 -0.27018918918918916 0.014090226532624869
v -0.055703907814950576 -0.27267447056342775 0.0056049451583863
v -0.05818918918918914 -0.27018918918918916 -0.0028803362158522717
v -0.06418918918918914 -0.26418918918918916 -0.006395054841613702
v -0.07018918918918915 -0.25818918918918915 -0.002880336215852275
v -0.041593389482346615 -0.2246228267338695 -0.006579496732102554
v -0.039108108108108046 -0.22710810810810805 0.001905784642136016
v -0.03310810810810805 -0.23310810810810806 0.0054205032678974465
v -0.02710810810810805 -0.23910810810810806 0.0019057846421360177
v -0.02462282673386948 -0.24159338948234663 -0.006579496732102552
v -0.027108108108108046 -0.23910810810810806 -0.015064778106341124
v -0.03310810810810805 -0.23310810810810806 -0.018579496732102553
v -0.039108108108108046 -0.22710810810810805 -0.015064778106341128
v -0.010512308401265576 -0.19354174565278845 -0.012973649709290562
v -0.008027027027027006 -0.196027027027027 -0.004488368335051993
v -0.0020270270270270068 -0.20202702702702702 -0.0009736497092905621
v 0.003972972972972992 -0.20802702702702702 -0.004488368335051991
v 0.006458254347211563 -0.21051230840126559 -0.01297364970929056
v 0.0039729729729729955 -0.20802702702702702 -0.021458931083529132
v -0.0020270270270270046 -0.20202702702702702 -0.024973649709290564
v -0.008027027027027005 -0.196027027027027 -0.021458931083529136
v 0.020568772679815522 -0.16246066457170735 -0.007950336710665577
v 0.023054054054054092 -0.16494594594594592 0.0005349446635729924
v 0.02905405405405409 -0.17094594594594592 0.004049663289334423
v 0.03505405405405409 -0.17694594594594593 0.0005349446635729942
v 0.03753933542829266 -0.1794312273201845 -0.007950336710665576
v 0.035054054054054096 -0.17694594594594593 -0.016435618084904145
v 0.02905405405405409 -0.17094594594594592 -0.019950336710665578
v 0.023054054054054092 -0.16494594594594592 -0.016435618084904152
v 0.05164985376089662 -0.13137958349062626 0.004069673510736908
v 0.05413513513513519 -0.13386486486486482 0.012554954884975478
v 0.06013513513513519 -0.13986486486486482 0.016069673510736907
v 0.06613513513513519 -0.14586486486486483 0.012554954884975478
v 0.06862041650937376 -0.1483501462391034 0.00406967351073691
v 0.06613513513513519 -0.14586486486486483 -0.004415607863501662
v 0.06013513513513519 -0.13986486486486482 -0.007930326489263093
v 0.05413513513513519 -0.13386486486486482 -0.004415607863501665
v 0.08273093484197772 -0.10029850240954516 0.012508165818315048
v 0.08521621621621628 -0.10278378378378372 0.020993447192553617
v 0.09121621621621628 -0.10878378378378373 0.024508165818315046
v 0.09721621621621629 -0.11478378378378373 0.020993447192553617
v 0.09970149759045485 -0.1172690651580223 0.01250816581831505
v 0.09721621621621629 -0.11478378378378373 0.004022884444076478
v 0.09121621621621628 -0.10878378378378373 0.0005081658183150473
v 0.08521621621621628 -0.10278378378378372 0.004022884444076474
v 0.11381201592305876 -0.06921742132846412 0.009938841447432198
v 0.11629729729729732 -0.07170270270270268 0.018424122821670767
v 0.12229729729729732 -0.07770270270270269 0.021938841447432196
v 0.12829729729729733 -0.08370270270270269 0.018424122821670767
v 0.1307825786715359 -0.08618798407694125 0.0099388414474322
v 0.12829729729729733 -0.08370270270270269 0.0014535600731936278
v 0.12229729729729732 -0.07770270270270269 -0.0020611585525678027
v 0.11629729729729732 -0.07170270270270268 0.0014535600731936243
v 0.1448930970041399 -0.038136340247382966 -0.0013771645903524418
v 0.14737837837837847 -0.040621621621621536 0.007108116783886128
v 0.15337837837837848 -0.046621621621621534 0.010622835409647558
v 0.15937837837837848 -0.05262162162162153 0.00710811678388613
v 0.16186365975261705 -0.0551069029958601 -0.0013771645903524403
v 0.15937837837837848 -0.05262162162162154 -0.009862445964591012
v 0.15337837837837848 -0.046621621621621534 -0.013377164590352443
v 0.14737837837837847 -0.040621621621621536 -0.009862445964591016
v 0.1759741780852209 -0.007055259166301979 -0.011481196341349916
v 0.17845945945945946 -0.009540540540540548 -0.0029959149671113464
v 0.18445945945945946 -0.015540540540540548 0.0005188036586500841
v 0.19045945945945947 -0.021540540540540547 -0.0029959149671113447
v 0.19294474083369803 -0.024025821914779116 -0.011481196341349914
v 0.19045945945945947 -0.02154054054054055 -0.019966477715588488
v 0.18445945945945946 -0.01554054054054055 -0.023481196341349916
v 0.17845945945945946 -0.00954054054054055 -0.019966477715588488
v 0.207055259166302 0.024025821914779116 -0.011481196341349921
v 0.20954054054054055 0.021540540540540547 -0.0029959149671113516
v 0.21554054054054056 0.015540540540540548 0.0005188036586500789
v 0.22154054054054056 0.00954054054054055 -0.00299591496711135
v 0.22402582191477913 0.007055259166301979 -0.01148119634134992
v 0.22154054054054056 0.009540540540540546 -0.01996647771558849
v 0.21554054054054056 0.015540540540540547 -0.023481196341349923
v 0.20954054054054055 0.021540540540540547 -0.019966477715588495
v 0.2381363402473831 0.05510690299586021 -0.0013771645903524054
v 0.24062162162162165 0.05262162162162164 0.007108116783886165
v 0.24662162162162166 0.046621621621621645 0.010622835409647594
v 0.25262162162162166 0.04062162162162165 0.007108116783886166
v 0.25510690299586025 0.03813634024738308 -0.0013771645903524038
v 0.25262162162162166 0.04062162162162164 -0.009862445964590976
v 0.24662162162162166 0.046621621621621645 -0.013377164590352406
v 0.24062162162162165 0.05262162162162164 -0.00986244596459098
v 0.26921742132846405 0.0861879840769412 0.009938841447432178
v 0.27170270270270264 0.08370270270270264 0.018424122821670746
v 0.27770270270270264 0.07770270270270263 0.02193884144743218
v 0.28370270270270265 0.07170270270270263 0.01842412282167075
v 0.28618798407694124 0.06921742132846406 0.00993884144743218
v 0.28370270270270265 0.07170270270270263 0.0014535600731936087
v 0.27770270270270264 0.07770270270270263 -0.002061158552567822
v 0.27170270270270264 0.08370270270270264 0.0014535600731936053
v 0.30029850240954525 0.1172690651580224 0.012508165818315039
v 0.30278378378378384 0.11478378378378384 0.02099344719255361
v 0.30878378378378385 0.10878378378378384 0.02450816581831504
v 0.31478378378378385 0.10278378378378383 0.02099344719255361
v 0.31726906515802245 0.10029850240954527 0.01250816581831504
v 0.31478378378378385 0.10278378378378383 0.004022884444076469
v 0.30878378378378385 0.10878378378378384 0.0005081658183150387
v 0.30278378378378384 0.11478378378378384 0.004022884444076466
v 0.33137958349062624 0.1483501462391034 0.0040696735107369165
v 0.33386486486486483 0.14586486486486483 0.012554954884975485
v 0.33986486486486484 0.13986486486486482 0.016069673510736918
v 0.34586486486486484 0.13386486486486482 0.012554954884975489
v 0.34835014623910343 0.13137958349062626 0.004069673510736918
v 0.34586486486486484 0.13386486486486482 -0.004415607863501653
v 0.33986486486486484 0.13986486486486482 -0.007930326489263083
v 0.33386486486486483 0.14586486486486483 -0.004415607863501657
v 0.36246066457170734 0.1794312273201845 -0.007950336710665588
v 0.3649459459459459 0.17694594594594593 0.000534944663572982
v 0.37094594594594593 0.17094594594594592 0.0040496632893344126
v 0.37694594594594594 0.16494594594594592 0.0005349446635729838
v 0.3794312273201845 0.16246066457170735 -0.007950336710665586
v 0.37694594594594594 0.16494594594594592 -0.01643561808490416
v 0.37094594594594593 0.17094594594594592 -0.019950336710665588
v 0.3649459459459459 0.17694594594594593 -0.01643561808490416
v 0.39354174565278843 0.21051230840126559 -0.012973649709290562
v 0.396027027027027 0.20802702702702702 -0.004488368335051993
v 0.40202702702702703 0.20202702702702702 -0.0009736497092905621
v 0.40802702702702703 0.196027027027027 -0.004488368335051991
v 0.4105123084012656 0.19354174565278845 -0.01297364970929056
v 0.40802702702702703 0.196027027027027 -0.021458931083529132
v 0.40202702702702703 0.20202702702702702 -0.024973649709290564
v 0.396027027027027 0.20802702702702702 -0.021458931083529136
v 0.42462282673386953 0.24159338948234668 -0.006579496732102561
v 0.4271081081081081 0.23910810810810812 0.001905784642136009
v 0.4331081081081081 0.23310810810810811 0.00542050326789744
v 0.43910810810810813 0.2271081081081081 0.0019057846421360108
v 0.4415933894823467 0.22462282673386955 -0.006579496732102559
v 0.43910810810810813 0.2271081081081081 -0.015064778106341131
v 0.4331081081081081 0.23310810810810811 -0.01857949673210256
v 0.4271081081081081 0.23910810810810812 -0.015064778106341135
v 0.4557039078149505 0.2726744705634277 0.005604945158386249
v 0.4581891891891891 0.2701891891891891 0.014090226532624818
v 0.4641891891891891 0.2641891891891891 0.01760494515838625
v 0.4701891891891891 0.2581891891891891 0.01409022653262482
v 0.4726744705634277 0.2557039078149505 0.00560494515838625
v 0.4701891891891891 0.2581891891891891 -0.002880336215852321
v 0.4641891891891891 0.2641891891891891 -0.006395054841613752
v 0.4581891891891891 0.2701891891891891 -0.0028803362158523246
v 0.4867849888960317 0.3037555516445089 0.012856752664863184
v 0.4892702702702703 0.3012702702702703 0.021342034039101752
v 0.4952702702702703 0.2952702702702703 0.024856752664863185
v 0.5012702702702703 0.2892702702702703 0.021342034039101756
v 0.5037555516445089 0.2867849888960317 0.012856752664863186
v 0.5012702702702703 0.2892702702702703 0.004371471290624615
v 0.4952702702702703 0.2952702702702703 0.0008567526648631842
v 0.4892702702702703 0.3012702702702703 0.004371471290624611
v 0.5178660699771128 0.3348366327255899 0.008793969489475145
v 0.5203513513513514 0.3323513513513513 0.017279250863713715
v 0.5263513513513514 0.3263513513513513 0.020793969489475143
v 0.5323513513513514 0.3203513513513513 0.017279250863713715
v 0.5348366327255899 0.3178660699771127 0.008793969489475147
v 0.5323513513513514 0.3203513513513513 0.00030868811523657516
v 0.5263513513513514 0.3263513513513513 -0.0032060305105248554
v 0.5203513513513514 0.3323513513513513 0.0003086881152365717
v 0.5489471510581939 0.3659177138066711 -0.0030079502965244245
v 0.5514324324324325 0.3634324324324325 0.005477331077714145
v 0.5574324324324325 0.3574324324324325 0.008992049703475575
v 0.5634324324324325 0.3514324324324325 0.005477331077714147
v 0.565917713806671 0.3489471510581939 -0.003007950296524423
v 0.5634324324324325 0.3514324324324325 -0.011493231670762993
v 0.5574324324324325 0.3574324324324325 -0.015007950296524426
v 0.5514324324324325 0.3634324324324325 -0.011493231670762997
v 0.580028232139275 0.3969987948877521 -0.012162722137492704
v 0.5825135135135135 0.3945135135135135 -0.003677440763254134
v 0.5885135135135136 0.3885135135135135 -0.00016272213749270355
v 0.5945135135135136 0.3825135135135135 -0.0036774407632541323
v 0.5969987948877521 0.3800282321392749 -0.012162722137492702
v 0.5945135135135136 0.3825135135135135 -0.020648003511731274
v 0.5885135135135136 0.3885135135135135 -0.024162722137492702
v 0.5825135135135135 0.3945135135135135 -0.020648003511731277
v 0.6111093132203561 0.4280798759688332 -0.010613685159062516
v 0.6135945945945946 0.4255945945945946 -0.0021284037848239463
v 0.6195945945945946 0.4195945945945946 0.0013863148409374842
v 0.6255945945945947 0.4135945945945946 -0.0021284037848239446
v 0.6280798759688332 0.411109313220356 -0.010613685159062514
v 0.6255945945945947 0.4135945945945946 -0.019098966533301086
v 0.6195945945945946 0.4195945945945946 -0.022613685159062515
v 0.6135945945945946 0.4255945945945946 -0.01909896653330109
v 0.642190394301437 0.45916095704991416 0.0002759299833370139
v 0.6446756756756755 0.4566756756756756 0.008761211357575583
v 0.6506756756756755 0.45067567567567557 0.012275929983337014
v 0.6566756756756755 0.44467567567567556 0.008761211357575585
v 0.6591609570499141 0.442190394301437 0.00027592998333701534
v 0.6566756756756755 0.44467567567567556 -0.008209351390901556
v 0.6506756756756755 0.45067567567567557 -0.011724070016662987
v 0.6446756756756755 0.4566756756756756 -0.00820935139090156
v 0.6732714753825183 0.4902420381309955 0.010922712825878833
v 0.6757567567567568 0.4877567567567569 0.019407994200117403
v 0.6817567567567568 0.4817567567567569 0.022922712825878835
v 0.6877567567567568 0.4757567567567569 0.019407994200117407
v 0.6902420381309954 0.4732714753825183 0.010922712825878835
v 0.6877567567567568 0.4757567567567569 0.0024374314516402637
v 0.6817567567567568 0.4817567567567569 -0.0010772871741211668
v 0.6757567567567568 0.4877567567567569 0.0024374314516402602
v 0.7043525564635992 0.5213231192120763 0.011956957574090635
v 0.7068378378378377 0.5188378378378378 0.020442238948329205
v 0.7128378378378377 0.5128378378378378 0.023956957574090637
v 0.7188378378378377 0.5068378378378378 0.02044223894832921
v 0.7213231192120763 0.5043525564635992 0.011956957574090637
v 0.7188378378378377 0.5068378378378378 0.0034716761998520654
v 0.7128378378378377 0.5128378378378378 -0.00004304242590936515
v 0.7068378378378377 0.5188378378378378 0.003471676199852062
v 0.7354336375446803 0.5524042002931574 0.002468476694936598
v 0.7379189189189188 0.5499189189189189 0.010953758069175168
v 0.7439189189189188 0.5439189189189189 0.014468476694936599
v 0.7499189189189188 0.5379189189189189 0.01095375806917517
v 0.7524042002931574 0.5354336375446803 0.0024684766949365994
v 0.7499189189189188 0.5379189189189189 -0.006016804679301971
v 0.7439189189189188 0.5439189189189189 -0.009531523305063402
v 0.7379189189189188 0.5499189189189189 -0.006016804679301975
v 0.7665147186257614 0.5834852813742385 -0.009192388155425066
v 0.7689999999999999 0.581 -0.0007071067811864964
v 0.7749999999999999 0.575 0.002807611844574934
v 0.7809999999999999 0.569 -0.0007071067811864947
v 0.7834852813742385 0.5665147186257614 -0.009192388155425064
v 0.7809999999999999 0.569 -0.017677669529663636
v 0.7749999999999999 0.575 -0.021192388155425068
v 0.7689999999999999 0.581 -0.01767766952966364
v -0.5834852813742385 -0.5665147186257614 0.00919238815542507
v -0.581 -0.569 0.01767766952966364
v -0.575 -0.575 0.021192388155425068
v -0.569 -0.581 0.01767766952966364
v -0.5665147186257614 -0.5834852813742385 0.009192388155425071
v -0.569 -0.581 0.0007071067811864999
v -0.575 -0.575 -0.0028076118445749306
v -0.581 -0.569 0.0007071067811864964
v -0.5524042002931574 -0.5354336375446803 -0.0024684766949365933
v -0.5499189189189189 -0.5379189189189189 0.006016804679301976
v -0.5439189189189189 -0.5439189189189189 0.009531523305063407
v -0.5379189189189189 -0.5499189189189189 0.006016804679301978
v -0.5354336375446803 -0.5524042002931574 -0.002468476694936592
v -0.5379189189189189 -0.5499189189189189 -0.010953758069175163
v -0.5439189189189189 -0.5439189189189189 -0.014468476694936594
v -0.5499189189189189 -0.5379189189189189 -0.010953758069175167
v -0.5213231192120763 -0.5043525564635992 -0.011956957574090633
v -0.5188378378378378 -0.5068378378378378 -0.0034716761998520636
v -0.5128378378378378 -0.5128378378378378 0.00004304242590936688
v -0.5068378378378378 -0.5188378378378378 -0.003471676199852062
v -0.5043525564635992 -0.5213231192120763 -0.011956957574090632
v -0.5068378378378378 -0.5188378378378378 -0.0204422389483292
v -0.5128378378378378 -0.5128378378378378 -0.023956957574090634
v -0.5188378378378378 -0.5068378378378378 -0.02044223894832921
v -0.4902420381309953 -0.4732714753825181 -0.010922712825878787
v -0.4877567567567567 -0.4757567567567567 -0.002437431451640217
v -0.4817567567567567 -0.4817567567567567 0.0010772871741212137
v -0.4757567567567567 -0.4877567567567567 -0.002437431451640215
v -0.4732714753825181 -0.4902420381309953 -0.010922712825878785
v -0.4757567567567567 -0.4877567567567567 -0.019407994200117358
v -0.4817567567567567 -0.4817567567567567 -0.022922712825878787
v -0.4877567567567567 -0.4757567567567567 -0.019407994200117358
v -0.4591609570499142 -0.44219039430143703 -0.00027592998333708787
v -0.45667567567567563 -0.4446756756756756 0.008209351390901481
v -0.4506756756756756 -0.4506756756756756 0.011724070016662912
v -0.4446756756756756 -0.45667567567567563 0.008209351390901483
v -0.44219039430143703 -0.4591609570499142 -0.0002759299833370864
v -0.4446756756756756 -0.45667567567567563 -0.008761211357575658
v -0.4506756756756756 -0.4506756756756756 -0.012275929983337088
v -0.45667567567567563 -0.4446756756756756 -0.008761211357575661
v -0.4280798759688332 -0.411109313220356 0.010613685159062526
v -0.4255945945945946 -0.4135945945945946 0.019098966533301096
v -0.4195945945945946 -0.4195945945945946 0.02261368515906253
v -0.4135945945945946 -0.4255945945945946 0.0190989665333011
v -0.411109313220356 -0.4280798759688332 0.010613685159062528
v -0.4135945945945946 -0.4255945945945946 0.0021284037848239568
v -0.4195945945945946 -0.4195945945945946 -0.0013863148409374738
v -0.4255945945945946 -0.4135945945945946 0.0021284037848239533
v -0.3969987948877521 -0.3800282321392749 0.012162722137492699
v -0.3945135135135135 -0.3825135135135135 0.020648003511731267
v -0.3885135135135135 -0.3885135135135135 0.0241627221374927
v -0.3825135135135135 -0.3945135135135135 0.02064800351173127
v -0.3800282321392749 -0.3969987948877521 0.0121627221374927
v -0.3825135135135135 -0.3945135135135135 0.003677440763254129
v -0.3885135135135135 -0.3885135135135135 0.00016272213749269834
v -0.3945135135135135 -0.3825135135135135 0.0036774407632541254
v -0.365917713806671 -0.3489471510581938 0.003007950296524429
v -0.3634324324324324 -0.3514324324324324 0.011493231670762999
v -0.3574324324324324 -0.3574324324324324 0.015007950296524429
v -0.3514324324324324 -0.3634324324324324 0.011493231670763
v -0.3489471510581938 -0.365917713806671 0.00300795029652443
v -0.3514324324324324 -0.3634324324324324 -0.005477331077714141
v -0.3574324324324324 -0.3574324324324324 -0.008992049703475571
v -0.3634324324324324 -0.3514324324324324 -0.005477331077714144
v -0.3348366327255899 -0.3178660699771127 -0.008793969489475157
v -0.3323513513513513 -0.3203513513513513 -0.0003086881152365873
v -0.3263513513513513 -0.3263513513513513 0.0032060305105248432
v -0.3203513513513513 -0.3323513513513513 -0.00030868811523658557
v -0.3178660699771127 -0.3348366327255899 -0.008793969489475155
v -0.3203513513513513 -0.3323513513513513 -0.01727925086371373
v -0.3263513513513513 -0.3263513513513513 -0.020793969489475157
v -0.3323513513513513 -0.3203513513513513 -0.01727925086371373
v -0.30375555164450885 -0.28678498889603166 -0.012856752664863184
v -0.30127027027027026 -0.28927027027027025 -0.004371471290624615
v -0.29527027027027025 -0.29527027027027025 -0.0008567526648631842
v -0.28927027027027025 -0.30127027027027026 -0.004371471290624613
v -0.28678498889603166 -0.30375555164450885 -0.012856752664863183
v -0.28927027027027025 -0.30127027027027026 -0.021342034039101752
v -0.29527027027027025 -0.29527027027027025 -0.024856752664863185
v -0.30127027027027026 -0.28927027027027025 -0.02134203403910176
v -0.27267447056342775 -0.25570390781495056 -0.005604945158386294
v -0.27018918918918916 -0.25818918918918915 0.002880336215852276
v -0.26418918918918916 -0.26418918918918916 0.0063950548416137065
v -0.25818918918918915 -0.27018918918918916 0.0028803362158522777
v -0.25570390781495056 -0.27267447056342775 -0.005604945158386292
v -0.25818918918918915 -0.27018918918918916 -0.014090226532624863
v -0.26418918918918916 -0.26418918918918916 -0.017604945158386294
v -0.27018918918918916 -0.25818918918918915 -0.014090226532624867
v -0.24159338948234663 -0.2246228267338695 0.006579496732102548
v -0.23910810810810806 -0.22710810810810805 0.015064778106341117
v -0.23310810810810806 -0.23310810810810806 0.018579496732102546
v -0.22710810810810805 -0.23910810810810806 0.015064778106341119
v -0.2246228267338695 -0.24159338948234663 0.006579496732102549
v -0.22710810810810805 -0.23910810810810806 -0.001905784642136022
v -0.23310810810810806 -0.23310810810810806 -0.005420503267897453
v -0.23910810810810806 -0.22710810810810805 -0.0019057846421360256
v -0.21051230840126559 -0.19354174565278845 0.012973649709290562
v -0.20802702702702702 -0.196027027027027 0.021458931083529132
v -0.20202702702702702 -0.20202702702702702 0.024973649709290564
v -0.196027027027027 -0.20802702702702702 0.021458931083529136
v -0.19354174565278845 -0.21051230840126559 0.012973649709290564
v -0.196027027027027 -0.20802702702702702 0.004488368335051993
v -0.20202702702702702 -0.20202702702702702 0.0009736497092905621
v -0.20802702702702702 -0.196027027027027 0.004488368335051989
v -0.1794312273201845 -0.16246066457170735 0.007950336710665574
v -0.17694594594594593 -0.16494594594594592 0.016435618084904145
v -0.17094594594594592 -0.17094594594594592 0.019950336710665574
v -0.16494594594594592 -0.17694594594594593 0.016435618084904145
v -0.16246066457170735 -0.1794312273201845 0.007950336710665576
v -0.16494594594594592 -0.17694594594594593 -0.0005349446635729959
v -0.17094594594594592 -0.17094594594594592 -0.004049663289334426
v -0.17694594594594593 -0.16494594594594592 -0.0005349446635729994
v -0.1483501462391034 -0.13137958349062626 -0.004069673510736912
v -0.14586486486486483 -0.13386486486486482 0.0044156078635016575
v -0.13986486486486482 -0.13986486486486482 0.007930326489263088
v -0.13386486486486482 -0.14586486486486483 0.004415607863501659
v -0.13137958349062626 -0.1483501462391034 -0.0040696735107369104
v -0.13386486486486482 -0.14586486486486483 -0.012554954884975482
v -0.13986486486486482 -0.13986486486486482 -0.01606967351073691
v -0.14586486486486483 -0.13386486486486482 -0.012554954884975485
v -0.1172690651580223 -0.10029850240954516 -0.01250816581831505
v -0.11478378378378373 -0.10278378378378372 -0.00402288444407648
v -0.10878378378378373 -0.10878378378378373 -0.0005081658183150491
v -0.10278378378378372 -0.11478378378378373 -0.004022884444076478
v -0.10029850240954516 -0.1172690651580223 -0.012508165818315048
v -0.10278378378378372 -0.11478378378378373 -0.020993447192553617
v -0.10878378378378373 -0.10878378378378373 -0.02450816581831505
v -0.11478378378378373 -0.10278378378378372 -0.020993447192553624
v -0.08618798407694125 -0.06921742132846412 -0.009938841447432196
v -0.08370270270270269 -0.07170270270270268 -0.001453560073193626
v -0.07770270270270269 -0.07770270270270269 0.0020611585525678044
v -0.07170270270270268 -0.08370270270270269 -0.0014535600731936243
v -0.06921742132846412 -0.08618798407694125 -0.009938841447432194
v -0.07170270270270268 -0.08370270270270269 -0.018424122821670767
v -0.07770270270270269 -0.07770270270270269 -0.021938841447432196
v -0.08370270270270269 -0.07170270270270268 -0.018424122821670767
v -0.0551069029958601 -0.038136340247382966 0.0013771645903524466
v -0.05262162162162153 -0.040621621621621536 0.009862445964591016
v -0.046621621621621534 -0.046621621621621534 0.013377164590352446
v -0.040621621621621536 -0.05262162162162153 0.009862445964591017
v -0.038136340247382966 -0.0551069029958601 0.001377164590352448
v -0.04062162162162153 -0.05262162162162154 -0.007108116783886123
v -0.046621621621621534 -0.046621621621621534 -0.010622835409647554
v -0.05262162162162153 -0.040621621621621536 -0.007108116783886126
v -0.024025821914779116 -0.007055259166301979 0.01148119634134992
v -0.021540540540540547 -0.009540540540540548 0.019966477715588488
v -0.015540540540540548 -0.015540540540540548 0.02348119634134992
v -0.00954054054054055 -0.021540540540540547 0.01996647771558849
v -0.007055259166301979 -0.024025821914779116 0.011481196341349921
v -0.009540540540540546 -0.02154054054054055 0.00299591496711135
v -0.015540540540540547 -0.01554054054054055 -0.0005188036586500806
v -0.021540540540540547 -0.00954054054054055 0.0029959149671113464
v 0.007055259166301979 0.024025821914779116 0.01148119634134992
v 0.009540540540540548 0.021540540540540547 0.019966477715588488
v 0.015540540540540548 0.015540540540540548 0.02348119634134992
v 0.021540540540540547 0.00954054054054055 0.01996647771558849
v 0.024025821914779116 0.007055259166301979 0.011481196341349921
v 0.02154054054054055 0.009540540540540546 0.00299591496711135
v 0.01554054054054055 0.015540540540540547 -0.0005188036586500806
v 0.00954054054054055 0.021540540540540547 0.0029959149671113464
v 0.03813634024738308 0.05510690299586021 0.0013771645903523978
v 0.04062162162162165 0.05262162162162164 0.009862445964590967
v 0.046621621621621645 0.046621621621621645 0.013377164590352398
v 0.05262162162162164 0.04062162162162165 0.009862445964590969
v 0.05510690299586021 0.03813634024738308 0.0013771645903523993
v 0.05262162162162165 0.04062162162162164 -0.007108116783886172
v 0.046621621621621645 0.046621621621621645 -0.010622835409647603
v 0.04062162162162165 0.05262162162162164 -0.007108116783886176
v 0.06921742132846406 0.0861879840769412 -0.00993884144743218
v 0.07170270270270263 0.08370270270270264 -0.0014535600731936105
v 0.07770270270270263 0.07770270270270263 0.00206115855256782
v 0.08370270270270264 0.07170270270270263 -0.0014535600731936087
v 0.0861879840769412 0.06921742132846406 -0.009938841447432178
v 0.08370270270270264 0.07170270270270263 -0.01842412282167075
v 0.07770270270270263 0.07770270270270263 -0.021938841447432182
v 0.07170270270270263 0.08370270270270264 -0.018424122821670753
v 0.10029850240954527 0.1172690651580224 -0.012508165818315037
v 0.10278378378378383 0.11478378378378384 -0.0040228844440764674
v 0.10878378378378384 0.10878378378378384 -0.0005081658183150369
v 0.11478378378378384 0.10278378378378383 -0.004022884444076466
v 0.1172690651580224 0.10029850240954527 -0.012508165818315035
v 0.11478378378378384 0.10278378378378383 -0.020993447192553607
v 0.10878378378378384 0.10878378378378384 -0.02450816581831504
v 0.10278378378378383 0.11478378378378384 -0.02099344719255361
v 0.13137958349062626 0.1483501462391034 -0.004069673510736912
v 0.13386486486486482 0.14586486486486483 0.0044156078635016575
v 0.13986486486486482 0.13986486486486482 0.007930326489263088
v 0.14586486486486483 0.13386486486486482 0.004415607863501659
v 0.1483501462391034 0.13137958349062626 -0.0040696735107369104
v 0.14586486486486483 0.13386486486486482 -0.012554954884975482
v 0.13986486486486482 0.13986486486486482 -0.01606967351073691
v 0.13386486486486482 0.14586486486486483 -0.012554954884975485
v 0.16246066457170735 0.1794312273201845 0.007950336710665574
v 0.16494594594594592 0.17694594594594593 0.016435618084904145
v 0.17094594594594592 0.17094594594594592 0.019950336710665574
v 0.17694594594594593 0.16494594594594592 0.016435618084904145
v 0.1794312273201845 0.16246066457170735 0.007950336710665576
v 0.17694594594594593 0.16494594594594592 -0.0005349446635729959
v 0.17094594594594592 0.17094594594594592 -0.004049663289334426
v 0.16494594594594592 0.17694594594594593 -0.0005349446635729994
v 0.19354174565278845 0.21051230840126559 0.012973649709290562
v 0.196027027027027 0.20802702702702702 0.021458931083529132
v 0.20202702702702702 0.20202702702702702 0.024973649709290564
v 0.20802702702702702 0.196027027027027 0.021458931083529136
v 0.21051230840126559 0.19354174565278845 0.012973649709290564
v 0.20802702702702702 0.196027027027027 0.004488368335051993
v 0.20202702702702702 0.20202702702702702 0.0009736497092905621
v 0.196027027027027 0.20802702702702702 0.004488368335051989
v 0.22462282673386955 0.24159338948234668 0.006579496732102537
v 0.2271081081081081 0.23910810810810812 0.015064778106341107
v 0.23310810810810811 0.23310810810810811 0.01857949673210254
v 0.23910810810810812 0.2271081081081081 0.015064778106341109
v 0.24159338948234668 0.22462282673386955 0.006579496732102539
v 0.23910810810810812 0.2271081081081081 -0.0019057846421360325
v 0.23310810810810811 0.23310810810810811 -0.005420503267897463
v 0.2271081081081081 0.23910810810810812 -0.001905784642136036
v 0.2557039078149505 0.2726744705634277 -0.005604945158386273
v 0.2581891891891891 0.2701891891891891 0.002880336215852297
v 0.2641891891891891 0.2641891891891891 0.006395054841613727
v 0.2701891891891891 0.2581891891891891 0.0028803362158522985
v 0.2726744705634277 0.2557039078149505 -0.005604945158386271
v 0.2701891891891891 0.2581891891891891 -0.014090226532624843
v 0.2641891891891891 0.2641891891891891 -0.017604945158386273
v 0.2581891891891891 0.2701891891891891 -0.014090226532624846
v 0.2867849888960317 0.3037555516445089 -0.01285675266486319
v 0.2892702702702703 0.3012702702702703 -0.00437147129062462
v 0.2952702702702703 0.2952702702702703 -0.0008567526648631894
v 0.3012702702702703 0.2892702702702703 -0.004371471290624618
v 0.3037555516445089 0.2867849888960317 -0.012856752664863188
v 0.3012702702702703 0.2892702702702703 -0.02134203403910176
v 0.2952702702702703 0.2952702702702703 -0.024856752664863188
v 0.2892702702702703 0.3012702702702703 -0.021342034039101763
v 0.3178660699771127 0.3348366327255899 -0.008793969489475157
v 0.3203513513513513 0.3323513513513513 -0.0003086881152365873
v 0.3263513513513513 0.3263513513513513 0.0032060305105248432
v 0.3323513513513513 0.3203513513513513 -0.00030868811523658557
v 0.3348366327255899 0.3178660699771127 -0.008793969489475155
v 0.3323513513513513 0.3203513513513513 -0.01727925086371373
v 0.3263513513513513 0.3263513513513513 -0.020793969489475157
v 0.3203513513513513 0.3323513513513513 -0.01727925086371373
v 0.3489471510581939 0.3659177138066711 0.003007950296524452
v 0.3514324324324325 0.3634324324324325 0.011493231670763021
v 0.3574324324324325 0.3574324324324325 0.015007950296524452
v 0.3634324324324325 0.3514324324324325 0.011493231670763023
v 0.3659177138066711 0.3489471510581939 0.003007950296524453
v 0.3634324324324325 0.3514324324324325 -0.005477331077714118
v 0.3574324324324325 0.3574324324324325 -0.008992049703475549
v 0.3514324324324325 0.3634324324324325 -0.005477331077714122
v 0.3800282321392749 0.3969987948877521 0.012162722137492699
v 0.3825135135135135 0.3945135135135135 0.020648003511731267
v 0.3885135135135135 0.3885135135135135 0.0241627221374927
v 0.3945135135135135 0.3825135135135135 0.02064800351173127
v 0.3969987948877521 0.3800282321392749 0.0121627221374927
v 0.3945135135135135 0.3825135135135135 0.003677440763254129
v 0.3885135135135135 0.3885135135135135 0.00016272213749269834
v 0.3825135135135135 0.3945135135135135 0.0036774407632541254
v 0.411109313220356 0.4280798759688332 0.010613685159062526
v 0.4135945945945946 0.4255945945945946 0.019098966533301096
v 0.4195945945945946 0.4195945945945946 0.02261368515906253
v 0.4255945945945946 0.4135945945945946 0.0190989665333011
v 0.4280798759688332 0.411109313220356 0.010613685159062528
v 0.4255945945945946 0.4135945945945946 0.0021284037848239568
v 0.4195945945945946 0.4195945945945946 -0.0013863148409374738
v 0.4135945945945946 0.4255945945945946 0.0021284037848239533
v 0.442190394301437 0.45916095704991416 -0.00027592998333704174
v 0.44467567567567556 0.4566756756756756 0.008209351390901528
v 0.45067567567567557 0.45067567567567557 0.011724070016662959
v 0.4566756756756756 0.44467567567567556 0.00820935139090153
v 0.45916095704991416 0.442190394301437 -0.0002759299833370403
v 0.4566756756756756 0.44467567567567556 -0.008761211357575611
v 0.45067567567567557 0.45067567567567557 -0.012275929983337042
v 0.44467567567567556 0.4566756756756756 -0.008761211357575615
v 0.4732714753825183 0.4902420381309955 -0.010922712825878837
v 0.4757567567567569 0.4877567567567569 -0.002437431451640267
v 0.4817567567567569 0.4817567567567569 0.0010772871741211634
v 0.4877567567567569 0.4757567567567569 -0.0024374314516402654
v 0.4902420381309955 0.4732714753825183 -0.010922712825878835
v 0.4877567567567569 0.4757567567567569 -0.019407994200117407
v 0.4817567567567569 0.4817567567567569 -0.022922712825878835
v 0.4757567567567569 0.4877567567567569 -0.01940799420011741
v 0.5043525564635992 0.5213231192120763 -0.011956957574090633
v 0.5068378378378378 0.5188378378378378 -0.0034716761998520636
v 0.5128378378378378 0.5128378378378378 0.00004304242590936688
v 0.5188378378378378 0.5068378378378378 -0.003471676199852062
v 0.5213231192120763 0.5043525564635992 -0.011956957574090632
v 0.5188378378378378 0.5068378378378378 -0.0204422389483292
v 0.5128378378378378 0.5128378378378378 -0.023956957574090634
v 0.5068378378378378 0.5188378378378378 -0.02044223894832921
v 0.5354336375446803 0.5524042002931574 -0.0024684766949365933
v 0.5379189189189189 0.5499189189189189 0.006016804679301976
v 0.5439189189189189 0.5439189189189189 0.009531523305063407
v 0.5499189189189189 0.5379189189189189 0.006016804679301978
v 0.5524042002931574 0.5354336375446803 -0.002468476694936592
v 0.5499189189189189 0.5379189189189189 -0.010953758069175163
v 0.5439189189189189 0.5439189189189189 -0.014468476694936594
v 0.5379189189189189 0.5499189189189189 -0.010953758069175167
v 0.5665147186257614 0.5834852813742385 0.00919238815542507
v 0.569 0.581 0.01767766952966364
v 0.575 0.575 0.021192388155425068
v 0.581 0.569 0.01767766952966364
v 0.5834852813742385 0.5665147186257614 0.009192388155425071
v 0.581 0.569 0.0007071067811864999
v 0.575 0.575 -0.0028076118445749306
v 0.569 0.581 0.0007071067811864964
v -0.7834852813742385 -0.5665147186257614 -0.009192388155425066
v -0.7809999999999999 -0.569 -0.0007071067811864964
v -0.7749999999999999 -0.575 0.002807611844574934
v -0.7689999999999999 -0.581 -0.0007071067811864947
v -0.7665147186257614 -0.5834852813742385 -0.009192388155425064
v -0.7689999999999999 -0.581 -0.017677669529663636
v -0.7749999999999999 -0.575 -0.021192388155425068
v -0.7809999999999999 -0.569 -0.01767766952966364
v -0.7524042002931574 -0.5354336375446803 0.002468476694936598
v -0.7499189189189188 -0.5379189189189189 0.010953758069175168
v -0.7439189189189188 -0.5439189189189189 0.014468476694936599
v -0.7379189189189188 -0.5499189189189189 0.01095375806917517
v -0.7354336375446803 -0.5524042002931574 0.0024684766949365994
v -0.7379189189189188 -0.5499189189189189 -0.006016804679301971
v -0.7439189189189188 -0.5439189189189189 -0.009531523305063402
v -0.7499189189189188 -0.5379189189189189 -0.006016804679301975
v -0.7213231192120763 -0.5043525564635992 0.011956957574090635
v -0.7188378378378377 -0.5068378378378378 0.020442238948329205
v -0.7128378378378377 -0.5128378378378378 0.023956957574090637
v -0.7068378378378377 -0.5188378378378378 0.02044223894832921
v -0.7043525564635992 -0.5213231192120763 0.011956957574090637
v -0.7068378378378377 -0.5188378378378378 0.0034716761998520654
v -0.7128378378378377 -0.5128378378378378 -0.00004304242590936515
v -0.7188378378378377 -0.5068378378378378 0.003471676199852062
v -0.6902420381309952 -0.4732714753825181 0.010922712825878759
v -0.6877567567567566 -0.4757567567567567 0.01940799420011733
v -0.6817567567567566 -0.4817567567567567 0.02292271282587876
v -0.6757567567567566 -0.4877567567567567 0.01940799420011733
v -0.6732714753825181 -0.4902420381309953 0.01092271282587876
v -0.6757567567567566 -0.4877567567567567 0.002437431451640189
v -0.6817567567567566 -0.4817567567567567 -0.0010772871741212414
v -0.6877567567567566 -0.4757567567567567 0.0024374314516401856
v -0.6591609570499142 -0.44219039430143703 0.00027592998333706006
v -0.6566756756756756 -0.4446756756756756 0.00876121135757563
v -0.6506756756756756 -0.4506756756756756 0.01227592998333706
v -0.6446756756756756 -0.45667567567567563 0.008761211357575632
v -0.6421903943014371 -0.4591609570499142 0.0002759299833370615
v -0.6446756756756756 -0.45667567567567563 -0.00820935139090151
v -0.6506756756756756 -0.4506756756756756 -0.01172407001666294
v -0.6566756756756756 -0.4446756756756756 -0.008209351390901513
v -0.6280798759688331 -0.411109313220356 -0.010613685159062542
v -0.6255945945945945 -0.4135945945945946 -0.0021284037848239724
v -0.6195945945945945 -0.4195945945945946 0.0013863148409374582
v -0.6135945945945945 -0.4255945945945946 -0.0021284037848239706
v -0.611109313220356 -0.4280798759688332 -0.01061368515906254
v -0.6135945945945945 -0.4255945945945946 -0.019098966533301114
v -0.6195945945945945 -0.4195945945945946 -0.022613685159062542
v -0.6255945945945945 -0.4135945945945946 -0.019098966533301114
v -0.596998794887752 -0.3800282321392749 -0.012162722137492688
v -0.5945135135135134 -0.3825135135135135 -0.0036774407632541185
v -0.5885135135135134 -0.3885135135135135 -0.00016272213749268793
v -0.5825135135135134 -0.3945135135135135 -0.0036774407632541167
v -0.5800282321392749 -0.3969987948877521 -0.012162722137492686
v -0.5825135135135134 -0.3945135135135135 -0.02064800351173126
v -0.5885135135135134 -0.3885135135135135 -0.02416272213749269
v -0.5945135135135134 -0.3825135135135135 -0.02064800351173126
v -0.5659177138066709 -0.3489471510581938 -0.0030079502965243794
v -0.5634324324324324 -0.3514324324324324 0.00547733107771419
v -0.5574324324324323 -0.3574324324324324 0.00899204970347562
v -0.5514324324324323 -0.3634324324324324 0.005477331077714192
v -0.5489471510581938 -0.365917713806671 -0.003007950296524378
v -0.5514324324324323 -0.3634324324324324 -0.011493231670762948
v -0.5574324324324323 -0.3574324324324324 -0.01500795029652438
v -0.5634324324324324 -0.3514324324324324 -0.011493231670762952
v -0.5348366327255898 -0.3178660699771127 0.008793969489475178
v -0.5323513513513513 -0.3203513513513513 0.01727925086371375
v -0.5263513513513512 -0.3263513513513513 0.020793969489475178
v -0.5203513513513512 -0.3323513513513513 0.01727925086371375
v -0.5178660699771127 -0.3348366327255899 0.00879396948947518
v -0.5203513513513512 -0.3323513513513513 0.0003086881152366081
v -0.5263513513513512 -0.3263513513513513 -0.0032060305105248224
v -0.5323513513513513 -0.3203513513513513 0.00030868811523660465
v -0.5037555516445088 -0.28678498889603166 0.012856752664863184
v -0.5012702702702702 -0.28927027027027025 0.021342034039101752
v -0.4952702702702702 -0.29527027027027025 0.024856752664863185
v -0.4892702702702702 -0.30127027027027026 0.021342034039101756
v -0.4867849888960316 -0.30375555164450885 0.012856752664863186
v -0.4892702702702702 -0.30127027027027026 0.004371471290624615
v -0.4952702702702702 -0.29527027027027025 0.0008567526648631842
v -0.5012702702702702 -0.28927027027027025 0.004371471290624611
v -0.4726744705634277 -0.25570390781495056 0.005604945158386249
v -0.4701891891891891 -0.25818918918918915 0.014090226532624818
v -0.4641891891891891 -0.26418918918918916 0.01760494515838625
v -0.4581891891891891 -0.27018918918918916 0.01409022653262482
v -0.4557039078149505 -0.27267447056342775 0.00560494515838625
v -0.4581891891891891 -0.27018918918918916 -0.002880336215852321
v -0.4641891891891891 -0.26418918918918916 -0.006395054841613752
v -0.4701891891891891 -0.25818918918918915 -0.0028803362158523246
v -0.4415933894823466 -0.2246228267338695 -0.006579496732102561
v -0.439108108108108 -0.22710810810810805 0.001905784642136009
v -0.433108108108108 -0.23310810810810806 0.00542050326789744
v -0.427108108108108 -0.23910810810810806 0.0019057846421360108
v -0.4246228267338694 -0.24159338948234663 -0.006579496732102559
v -0.427108108108108 -0.23910810810810806 -0.015064778106341131
v -0.433108108108108 -0.23310810810810806 -0.01857949673210256
v -0.439108108108108 -0.22710810810810805 -0.015064778106341135
v -0.41051230840126557 -0.19354174565278845 -0.012973649709290564
v -0.408027027027027 -0.196027027027027 -0.004488368335051994
v -0.402027027027027 -0.20202702702702702 -0.0009736497092905638
v -0.39602702702702697 -0.20802702702702702 -0.004488368335051993
v -0.3935417456527884 -0.21051230840126559 -0.012973649709290562
v -0.39602702702702697 -0.20802702702702702 -0.021458931083529136
v -0.402027027027027 -0.20202702702702702 -0.024973649709290564
v -0.408027027027027 -0.196027027027027 -0.021458931083529136
v -0.37943122732018447 -0.16246066457170735 -0.007950336710665551
v -0.3769459459459459 -0.16494594594594592 0.0005349446635730185
v -0.3709459459459459 -0.17094594594594592 0.004049663289334449
v -0.36494594594594587 -0.17694594594594593 0.0005349446635730202
v -0.3624606645717073 -0.1794312273201845 -0.00795033671066555
v -0.36494594594594587 -0.17694594594594593 -0.01643561808490412
v -0.3709459459459459 -0.17094594594594592 -0.019950336710665553
v -0.3769459459459459 -0.16494594594594592 -0.016435618084904124
v -0.3483501462391034 -0.13137958349062626 0.004069673510736938
v -0.3458648648648648 -0.13386486486486482 0.012554954884975508
v -0.3398648648648648 -0.13986486486486482 0.01606967351073694
v -0.3338648648648648 -0.14586486486486483 0.01255495488497551
v -0.3313795834906262 -0.1483501462391034 0.00406967351073694
v -0.3338648648648648 -0.14586486486486483 -0.0044156078635016315
v -0.3398648648648648 -0.13986486486486482 -0.007930326489263062
v -0.3458648648648648 -0.13386486486486482 -0.004415607863501635
v -0.3172690651580223 -0.10029850240954516 0.012508165818315056
v -0.3147837837837837 -0.10278378378378372 0.020993447192553624
v -0.3087837837837837 -0.10878378378378373 0.024508165818315057
v -0.3027837837837837 -0.11478378378378373 0.020993447192553628
v -0.3002985024095451 -0.1172690651580223 0.012508165818315058
v -0.3027837837837837 -0.11478378378378373 0.0040228844440764865
v -0.3087837837837837 -0.10878378378378373 0.000508165818315056
v -0.3147837837837837 -0.10278378378378372 0.004022884444076483
v -0.28618798407694124 -0.06921742132846412 0.009938841447432178
v -0.28370270270270265 -0.07170270270270268 0.018424122821670746
v -0.27770270270270264 -0.07770270270270269 0.02193884144743218
v -0.27170270270270264 -0.08370270270270269 0.01842412282167075
v -0.26921742132846405 -0.08618798407694125 0.00993884144743218
v -0.27170270270270264 -0.08370270270270269 0.0014535600731936087
v -0.27770270270270264 -0.07770270270270269 -0.002061158552567822
v -0.28370270270270265 -0.07170270270270268 0.0014535600731936053
v -0.2551069029958601 -0.038136340247382966 -0.001377164590352474
v -0.2526216216216215 -0.040621621621621536 0.007108116783886096
v -0.2466216216216215 -0.046621621621621534 0.010622835409647527
v -0.24062162162162148 -0.05262162162162153 0.007108116783886098
v -0.23813634024738292 -0.0551069029958601 -0.0013771645903524726
v -0.24062162162162148 -0.05262162162162154 -0.009862445964591043
v -0.2466216216216215 -0.046621621621621534 -0.013377164590352474
v -0.2526216216216215 -0.040621621621621536 -0.009862445964591047
v -0.22402582191477907 -0.007055259166301979 -0.011481196341349932
v -0.2215405405405405 -0.009540540540540548 -0.002995914967111362
v -0.2155405405405405 -0.015540540540540548 0.0005188036586500685
v -0.2095405405405405 -0.021540540540540547 -0.0029959149671113603
v -0.20705525916630194 -0.024025821914779116 -0.01148119634134993
v -0.2095405405405405 -0.02154054054054055 -0.0199664777155885
v -0.2155405405405405 -0.01554054054054055 -0.02348119634134993
v -0.2215405405405405 -0.00954054054054055 -0.019966477715588505
v -0.19294474083369798 0.024025821914779116 -0.011481196341349906
v -0.1904594594594594 0.021540540540540547 -0.002995914967111336
v -0.1844594594594594 0.015540540540540548 0.0005188036586500945
v -0.1784594594594594 0.00954054054054055 -0.0029959149671113343
v -0.17597417808522084 0.007055259166301979 -0.011481196341349904
v -0.1784594594594594 0.009540540540540546 -0.019966477715588474
v -0.1844594594594594 0.015540540540540547 -0.023481196341349906
v -0.1904594594594594 0.021540540540540547 -0.01996647771558848
v -0.16186365975261688 0.05510690299586021 -0.001377164590352373
v -0.15937837837837832 0.05262162162162164 0.007108116783886197
v -0.1533783783783783 0.046621621621621645 0.010622835409647627
v -0.1473783783783783 0.04062162162162165 0.007108116783886198
v -0.14489309700413974 0.03813634024738308 -0.0013771645903523715
v -0.1473783783783783 0.04062162162162164 -0.009862445964590943
v -0.1533783783783783 0.046621621621621645 -0.013377164590352373
v -0.15937837837837832 0.05262162162162164 -0.009862445964590946
v -0.1307825786715359 0.0861879840769412 0.009938841447432198
v -0.12829729729729733 0.08370270270270264 0.018424122821670767
v -0.12229729729729732 0.07770270270270263 0.021938841447432196
v -0.11629729729729732 0.07170270270270263 0.018424122821670767
v -0.11381201592305876 0.06921742132846406 0.0099388414474322
v -0.11629729729729732 0.07170270270270263 0.0014535600731936278
v -0.12229729729729732 0.07770270270270263 -0.0020611585525678027
v -0.12829729729729733 0.08370270270270264 0.0014535600731936243
v -0.09970149759045469 0.1172690651580224 0.01250816581831503
v -0.09721621621621612 0.11478378378378384 0.0209934471925536
v -0.09121621621621612 0.10878378378378384 0.024508165818315032
v -0.08521621621621611 0.10278378378378383 0.020993447192553603
v -0.08273093484197755 0.10029850240954527 0.012508165818315032
v -0.08521621621621611 0.10278378378378383 0.0040228844440764605
v -0.09121621621621612 0.10878378378378384 0.00050816581831503
v -0.09721621621621612 0.11478378378378384 0.004022884444076457
v -0.0686204165093737 0.1483501462391034 0.004069673510736885
v -0.06613513513513514 0.14586486486486483 0.012554954884975454
v -0.06013513513513513 0.13986486486486482 0.016069673510736886
v -0.05413513513513513 0.13386486486486482 0.012554954884975458
v -0.051649853760896564 0.13137958349062626 0.004069673510736887
v -0.054135135135135126 0.13386486486486482 -0.004415607863501684
v -0.06013513513513513 0.13986486486486482 -0.007930326489263114
v -0.06613513513513514 0.14586486486486483 -0.004415607863501688
v -0.0375393354282926 0.1794312273201845 -0.007950336710665596
v -0.03505405405405403 0.17694594594594593 0.0005349446635729734
v -0.029054054054054035 0.17094594594594592 0.004049663289334404
v -0.023054054054054036 0.16494594594594592 0.0005349446635729751
v -0.020568772679815467 0.16246066457170735 -0.007950336710665595
v -0.023054054054054033 0.16494594594594592 -0.016435618084904166
v -0.029054054054054035 0.17094594594594592 -0.019950336710665595
v -0.03505405405405403 0.17694594594594593 -0.01643561808490417
v -0.006458254347211508 0.21051230840126559 -0.01297364970929056
v -0.003972972972972938 0.20802702702702702 -0.004488368335051991
v 0.0020270270270270614 0.20202702702702702 -0.0009736497092905604
v 0.00802702702702706 0.196027027027027 -0.004488368335051989
v 0.010512308401265632 0.19354174565278845 -0.012973649709290559
v 0.008027027027027064 0.196027027027027 -0.02145893108352913
v 0.0020270270270270636 0.20202702702702702 -0.02497364970929056
v -0.0039729729729729366 0.20802702702702702 -0.021458931083529136
v 0.02462282673386959 0.24159338948234668 -0.006579496732102513
v 0.02710810810810816 0.23910810810810812 0.0019057846421360568
v 0.03310810810810816 0.23310810810810811 0.005420503267897487
v 0.03910810810810816 0.2271081081081081 0.0019057846421360585
v 0.041593389482346727 0.22462282673386955 -0.006579496732102511
v 0.039108108108108164 0.2271081081081081 -0.015064778106341083
v 0.03310810810810816 0.23310810810810811 -0.01857949673210251
v 0.02710810810810816 0.23910810810810812 -0.015064778106341086
v 0.055703907814950576 0.2726744705634277 0.005604945158386298
v 0.058189189189189146 0.2701891891891891 0.014090226532624869
v 0.06418918918918914 0.2641891891891891 0.017604945158386297
v 0.07018918918918915 0.2581891891891891 0.014090226532624869
v 0.07267447056342771 0.2557039078149505 0.0056049451583863
v 0.07018918918918915 0.2581891891891891 -0.0028803362158522717
v 0.06418918918918914 0.2641891891891891 -0.006395054841613702
v 0.058189189189189146 0.2701891891891891 -0.002880336215852275
v 0.08678498889603178 0.3037555516445089 0.012856752664863193
v 0.08927027027027035 0.3012702702702703 0.021342034039101763
v 0.09527027027027035 0.2952702702702703 0.024856752664863195
v 0.10127027027027036 0.2892702702702703 0.021342034039101766
v 0.10375555164450892 0.2867849888960317 0.012856752664863195
v 0.10127027027027036 0.2892702702702703 0.004371471290624623
v 0.09527027027027035 0.2952702702702703 0.0008567526648631928
v 0.08927027027027035 0.3012702702702703 0.00437147129062462
v 0.11786606997711277 0.3348366327255899 0.008793969489475138
v 0.12035135135135133 0.3323513513513513 0.017279250863713708
v 0.12635135135135134 0.3263513513513513 0.020793969489475136
v 0.13235135135135134 0.3203513513513513 0.017279250863713708
v 0.1348366327255899 0.3178660699771127 0.00879396948947514
v 0.13235135135135134 0.3203513513513513 0.0003086881152365682
v 0.12635135135135134 0.3263513513513513 -0.0032060305105248623
v 0.12035135135135133 0.3323513513513513 0.00030868811523656475
v 0.14894715105819398 0.3659177138066711 -0.0030079502965244787
v 0.15143243243243254 0.3634324324324325 0.005477331077714091
v 0.15743243243243255 0.3574324324324325 0.008992049703475521
v 0.16343243243243255 0.3514324324324325 0.005477331077714092
v 0.1659177138066711 0.3489471510581939 -0.0030079502965244774
v 0.16343243243243255 0.3514324324324325 -0.011493231670763049
v 0.15743243243243255 0.3574324324324325 -0.01500795029652448
v 0.15143243243243254 0.3634324324324325 -0.011493231670763052
v 0.18002823213927496 0.3969987948877521 -0.012162722137492712
v 0.18251351351351353 0.3945135135135135 -0.0036774407632541427
v 0.18851351351351353 0.3885135135135135 -0.00016272213749271222
v 0.19451351351351354 0.3825135135135135 -0.003677440763254141
v 0.1969987948877521 0.3800282321392749 -0.01216272213749271
v 0.19451351351351354 0.3825135135135135 -0.02064800351173128
v 0.18851351351351353 0.3885135135135135 -0.024162722137492713
v 0.18251351351351353 0.3945135135135135 -0.020648003511731287
v 0.21110931322035606 0.4280798759688332 -0.01061368515906251
v 0.21359459459459462 0.4255945945945946 -0.002128403784823941
v 0.21959459459459463 0.4195945945945946 0.0013863148409374894
v 0.22559459459459463 0.4135945945945946 -0.0021284037848239394
v 0.2280798759688332 0.411109313220356 -0.010613685159062509
v 0.22559459459459463 0.4135945945945946 -0.01909896653330108
v 0.21959459459459463 0.4195945945945946 -0.02261368515906251
v 0.21359459459459462 0.4255945945945946 -0.019098966533301086
v 0.24219039430143705 0.45916095704991416 0.00027592998333706955
v 0.2446756756756756 0.4566756756756756 0.008761211357575639
v 0.2506756756756756 0.45067567567567557 0.01227592998333707
v 0.2566756756756756 0.44467567567567556 0.00876121135757564
v 0.2591609570499142 0.442190394301437 0.000275929983337071
v 0.2566756756756756 0.44467567567567556 -0.0082093513909015
v 0.2506756756756756 0.45067567567567557 -0.011724070016662931
v 0.2446756756756756 0.4566756756756756 -0.008209351390901504
v 0.27327147538251834 0.4902420381309955 0.010922712825878839
v 0.2757567567567569 0.4877567567567569 0.019407994200117407
v 0.28175675675675693 0.4817567567567569 0.02292271282587884
v 0.28775675675675694 0.4757567567567569 0.01940799420011741
v 0.2902420381309955 0.4732714753825183 0.01092271282587884
v 0.28775675675675694 0.4757567567567569 0.002437431451640269
v 0.28175675675675693 0.4817567567567569 -0.0010772871741211616
v 0.2757567567567569 0.4877567567567569 0.0024374314516402654
v 0.3043525564635992 0.5213231192120763 0.011956957574090613
v 0.3068378378378378 0.5188378378378378 0.02044223894832918
v 0.3128378378378378 0.5128378378378378 0.023956957574090613
v 0.3188378378378378 0.5068378378378378 0.020442238948329184
v 0.3213231192120764 0.5043525564635992 0.011956957574090614
v 0.3188378378378378 0.5068378378378378 0.003471676199852043
v 0.3128378378378378 0.5128378378378378 -0.0000430424259093877
v 0.3068378378378378 0.5188378378378378 0.0034716761998520394
v 0.3354336375446803 0.5524042002931574 0.0024684766949365886
v 0.3379189189189189 0.5499189189189189 0.010953758069175158
v 0.3439189189189189 0.5439189189189189 0.014468476694936588
v 0.3499189189189189 0.5379189189189189 0.01095375806917516
v 0.3524042002931575 0.5354336375446803 0.00246847669493659
v 0.3499189189189189 0.5379189189189189 -0.006016804679301982
v 0.3439189189189189 0.5439189189189189 -0.009531523305063412
v 0.3379189189189189 0.5499189189189189 -0.006016804679301985
v 0.3665147186257614 0.5834852813742385 -0.009192388155425106
v 0.369 0.581 -0.0007071067811865363
v 0.375 0.575 0.002807611844574894
v 0.381 0.569 -0.0007071067811865346
v 0.3834852813742386 0.5665147186257614 -0.009192388155425104
v 0.381 0.569 -0.017677669529663674
v 0.375 0.575 -0.021192388155425106
v 0.369 0.581 -0.01767766952966368
v -0.9184852813742385 -0.5015147186257614 -0.012363734711837009
v -0.9159999999999999 -0.5039999999999999 -0.0038784533375984392
v -0.9099999999999999 -0.5099999999999999 -0.0003637347118370087
v -0.9039999999999999 -0.5159999999999999 -0.0038784533375984375
v -0.9015147186257614 -0.5184852813742384 -0.012363734711837007
v -0.9039999999999999 -0.5159999999999999 -0.02084901608607558
v -0.9099999999999999 -0.5099999999999999 -0.02436373471183701
v -0.9159999999999999 -0.5039999999999999 -0.020849016086075582
v -0.8874852813742384 -0.47051471862576133 -0.010272015160883894
v -0.8849999999999999 -0.4729999999999999 -0.001786733786645324
v -0.8789999999999999 -0.4789999999999999 0.0017279848391161066
v -0.8729999999999999 -0.48499999999999993 -0.0017867337866453222
v -0.8705147186257614 -0.4874852813742385 -0.010272015160883892
v -0.8729999999999999 -0.48499999999999993 -0.018757296535122463
v -0.8789999999999999 -0.4789999999999999 -0.022272015160883896
v -0.8849999999999999 -0.4729999999999999 -0.018757296535122467
v -0.8564852813742385 -0.4395147186257613 0.000816276753881109
v -0.854 -0.4419999999999999 0.00930155812811968
v -0.848 -0.4479999999999999 0.01281627675388111
v -0.842 -0.4539999999999999 0.009301558128119681
v -0.8395147186257614 -0.4564852813742385 0.0008162767538811105
v -0.842 -0.4539999999999999 -0.007669004620357461
v -0.848 -0.4479999999999999 -0.01118372324611889
v -0.854 -0.4419999999999999 -0.007669004620357464
v -0.8254852813742385 -0.40851471862576133 0.011189646351051307
v -0.823 -0.4109999999999999 0.01967492772528988
v -0.817 -0.4169999999999999 0.023189646351051307
v -0.8109999999999999 -0.42299999999999993 0.01967492772528988
v -0.8085147186257614 -0.4254852813742385 0.011189646351051309
v -0.8109999999999999 -0.42299999999999993 0.0027043649768127374
v -0.817 -0.4169999999999999 -0.0008103536489486932
v -0.823 -0.4109999999999999 0.002704364976812734
v -0.7944852813742385 -0.3775147186257613 0.01176275168205822
v -0.7919999999999999 -0.3799999999999999 0.020248033056296792
v -0.7859999999999999 -0.3859999999999999 0.02376275168205822
v -0.7799999999999999 -0.3919999999999999 0.020248033056296792
v -0.7775147186257614 -0.3944852813742385 0.011762751682058223
v -0.7799999999999999 -0.3919999999999999 0.003277470307819651
v -0.7859999999999999 -0.3859999999999999 -0.00023724831794177947
v -0.7919999999999999 -0.3799999999999999 0.0032774703078196476
v -0.7634852813742384 -0.3465147186257613 0.0020336480455228835
v -0.7609999999999999 -0.34899999999999987 0.010518929419761453
v -0.7549999999999999 -0.35499999999999987 0.014033648045522883
v -0.7489999999999999 -0.3609999999999999 0.010518929419761455
v -0.7465147186257614 -0.36348528137423847 0.002033648045522885
v -0.7489999999999999 -0.3609999999999999 -0.006451633328715687
v -0.7549999999999999 -0.35499999999999987 -0.009966351954477117
v -0.7609999999999999 -0.34899999999999987 -0.00645163332871569
v -0.7324852813742385 -0.3155147186257613 -0.009476592156478397
v -0.73 -0.3179999999999999 -0.0009913107822398272
v -0.724 -0.3239999999999999 0.0025234078435216033
v -0.718 -0.3299999999999999 -0.0009913107822398255
v -0.7155147186257614 -0.3324852813742385 -0.009476592156478395
v -0.718 -0.3299999999999999 -0.017961873530716967
v -0.724 -0.3239999999999999 -0.021476592156478395
v -0.73 -0.3179999999999999 -0.01796187353071697
v -0.7014852813742385 -0.28451471862576133 -0.01268691790520371
v -0.699 -0.2869999999999999 -0.00420163653096514
v -0.693 -0.2929999999999999 -0.0006869179052037093
v -0.6869999999999999 -0.29899999999999993 -0.004201636530965138
v -0.6845147186257614 -0.3014852813742385 -0.012686917905203708
v -0.6869999999999999 -0.29899999999999993 -0.021172199279442278
v -0.693 -0.2929999999999999 -0.02468691790520371
v -0.699 -0.2869999999999999 -0.021172199279442284
v -0.6704852813742385 -0.2535147186257613 -0.004785619184900753
v -0.6679999999999999 -0.2559999999999999 0.0036996621893378165
v -0.6619999999999999 -0.2619999999999999 0.007214380815099247
v -0.6559999999999999 -0.2679999999999999 0.0036996621893378183
v -0.6535147186257614 -0.2704852813742385 -0.0047856191849007515
v -0.6559999999999999 -0.2679999999999999 -0.013270900559139324
v -0.6619999999999999 -0.2619999999999999 -0.016785619184900753
v -0.6679999999999999 -0.2559999999999999 -0.013270900559139327
v -0.6394852813742385 -0.22251471862576136 0.00730708391207771
v -0.637 -0.22499999999999992 0.01579236528631628
v -0.631 -0.23099999999999993 0.01930708391207771
v -0.625 -0.23699999999999993 0.015792365286316282
v -0.6225147186257615 -0.2394852813742385 0.007307083912077712
v -0.625 -0.23699999999999993 -0.0011781974621608597
v -0.631 -0.23099999999999993 -0.00469291608792229
v -0.637 -0.22499999999999992 -0.0011781974621608632
v -0.6084852813742384 -0.19151471862576133 0.013
v -0.6059999999999999 -0.1939999999999999 0.02148528137423857
v -0.5999999999999999 -0.1999999999999999 0.025
v -0.5939999999999999 -0.2059999999999999 0.021485281374238573
v -0.5915147186257613 -0.20848528137423847 0.013000000000000001
v -0.5939999999999999 -0.2059999999999999 0.00451471862576143
v -0.5999999999999999 -0.1999999999999999 0.0009999999999999992
v -0.6059999999999999 -0.1939999999999999 0.004514718625761426
v -0.5774852813742385 -0.16051471862576136 0.007307083912077651
v -0.575 -0.16299999999999992 0.01579236528631622
v -0.569 -0.16899999999999993 0.019307083912077652
v -0.563 -0.17499999999999993 0.015792365286316223
v -0.5605147186257614 -0.1774852813742385 0.007307083912077653
v -0.563 -0.17499999999999993 -0.0011781974621609187
v -0.569 -0.16899999999999993 -0.004692916087922349
v -0.575 -0.16299999999999992 -0.0011781974621609221
v -0.5464852813742385 -0.12951471862576133 -0.0047856191849008625
v -0.5439999999999999 -0.1319999999999999 0.0036996621893377072
v -0.5379999999999999 -0.1379999999999999 0.007214380815099138
v -0.5319999999999999 -0.1439999999999999 0.003699662189337709
v -0.5295147186257614 -0.14648528137423847 -0.004785619184900861
v -0.5319999999999999 -0.1439999999999999 -0.013270900559139431
v -0.5379999999999999 -0.1379999999999999 -0.016785619184900864
v -0.5439999999999999 -0.1319999999999999 -0.013270900559139435
v -0.5154852813742384 -0.0985147186257613 -0.012686917905203727
v -0.5129999999999999 -0.10099999999999987 -0.004201636530965157
v -0.5069999999999999 -0.10699999999999987 -0.0006869179052037266
v -0.5009999999999999 -0.11299999999999988 -0.0042016365309651554
v -0.4985147186257613 -0.11548528137423844 -0.012686917905203725
v -0.5009999999999999 -0.11299999999999988 -0.0211721992794423
v -0.5069999999999999 -0.10699999999999987 -0.024686917905203727
v -0.5129999999999999 -0.10099999999999987 -0.0211721992794423
v -0.4844852813742385 -0.06751471862576133 -0.009476592156478317
v -0.48199999999999993 -0.0699999999999999 -0.0009913107822397474
v -0.4759999999999999 -0.0759999999999999 0.002523407843521683
v -0.4699999999999999 -0.0819999999999999 -0.0009913107822397457
v -0.4675147186257613 -0.08448528137423847 -0.009476592156478315
v -0.4699999999999999 -0.0819999999999999 -0.017961873530716887
v -0.4759999999999999 -0.0759999999999999 -0.02147659215647832
v -0.48199999999999993 -0.0699999999999999 -0.01796187353071689
v -0.45348528137423855 -0.03651471862576136 0.0020336480455230457
v -0.45099999999999996 -0.038999999999999924 0.010518929419761616
v -0.44499999999999995 -0.04499999999999993 0.014033648045523046
v -0.43899999999999995 -0.05099999999999993 0.010518929419761618
v -0.43651471862576136 -0.0534852813742385 0.002033648045523047
v -0.43899999999999995 -0.050999999999999934 -0.006451633328715524
v -0.44499999999999995 -0.04499999999999993 -0.009966351954476954
v -0.45099999999999996 -0.03899999999999993 -0.006451633328715527
v -0.4224852813742386 -0.0055147186257613855 0.01176275168205825
v -0.42 -0.007999999999999955 0.02024803305629682
v -0.414 -0.013999999999999957 0.02376275168205825
v -0.408 -0.019999999999999955 0.02024803305629682
v -0.4055147186257614 -0.02248528137423853 0.011762751682058252
v -0.408 -0.01999999999999996 0.0032774703078196805
v -0.414 -0.013999999999999959 -0.00023724831794174998
v -0.42 -0.007999999999999959 0.003277470307819677
v -0.3914852813742385 0.025485281374238698 0.011189646351051246
v -0.3889999999999999 0.023000000000000128 0.019674927725289816
v -0.3829999999999999 0.017000000000000126 0.023189646351051245
v -0.3769999999999999 0.011000000000000126 0.019674927725289816
v -0.3745147186257613 0.008514718625761555 0.011189646351051248
v -0.3769999999999999 0.011000000000000124 0.0027043649768126767
v -0.3829999999999999 0.017000000000000126 -0.0008103536489487539
v -0.3889999999999999 0.023000000000000125 0.002704364976812673
v -0.3604852813742386 0.05648528137423861 0.0008162767538810374
v -0.358 0.05400000000000005 0.009301558128119607
v -0.352 0.04800000000000004 0.012816276753881037
v -0.346 0.042000000000000044 0.009301558128119608
v -0.3435147186257614 0.039514718625761475 0.0008162767538810389
v -0.346 0.04200000000000004 -0.007669004620357533
v -0.352 0.04800000000000004 -0.011183723246118963
v -0.358 0.05400000000000004 -0.007669004620357536
v -0.32948528137423855 0.08748528137423864 -0.010272015160883994
v -0.32699999999999996 0.08500000000000008 -0.0017867337866454246
v -0.32099999999999995 0.07900000000000007 0.001727984839116006
v -0.31499999999999995 0.07300000000000006 -0.0017867337866454228
v -0.31251471862576136 0.0705147186257615 -0.010272015160883993
v -0.31499999999999995 0.07300000000000006 -0.018757296535122564
v -0.32099999999999995 0.07900000000000007 -0.022272015160883993
v -0.32699999999999996 0.08500000000000008 -0.018757296535122567
v -0.2984852813742385 0.11848528137423867 -0.01236373471183698
v -0.29599999999999993 0.1160000000000001 -0.0038784533375984098
v -0.2899999999999999 0.1100000000000001 -0.0003637347118369792
v -0.2839999999999999 0.10400000000000009 -0.003878453337598408
v -0.28151471862576133 0.10151471862576153 -0.012363734711836978
v -0.2839999999999999 0.10400000000000009 -0.020849016086075547
v -0.2899999999999999 0.1100000000000001 -0.02436373471183698
v -0.29599999999999993 0.1160000000000001 -0.020849016086075554
v -0.2674852813742386 0.14948528137423858 -0.0036268843785099755
v -0.265 0.14700000000000002 0.004858396995728594
v -0.259 0.14100000000000001 0.008373115621490025
v -0.253 0.135 0.004858396995728596
v -0.2505147186257614 0.13251471862576145 -0.003626884378509974
v -0.253 0.135 -0.012112165752748545
v -0.259 0.14100000000000001 -0.015626884378509974
v -0.265 0.14700000000000002 -0.012112165752748549
v -0.23648528137423855 0.1804852813742386 0.008286511866732986
v -0.23399999999999999 0.17800000000000005 0.016771793240971555
v -0.22799999999999998 0.17200000000000004 0.020286511866732984
v -0.22199999999999998 0.16600000000000004 0.016771793240971555
v -0.2195147186257614 0.16351471862576147 0.008286511866732987
v -0.22199999999999998 0.16600000000000004 -0.00019876950750558411
v -0.22799999999999998 0.17200000000000004 -0.0037134881332670146
v -0.23399999999999999 0.17800000000000005 -0.00019876950750558758
v -0.20548528137423852 0.21148528137423864 0.012942305539840038
v -0.20299999999999996 0.20900000000000007 0.02142758691407861
v -0.19699999999999995 0.20300000000000007 0.02494230553984004
v -0.19099999999999995 0.19700000000000006 0.02142758691407861
v -0.18851471862576138 0.1945147186257615 0.01294230553984004
v -0.19099999999999995 0.19700000000000006 0.004457024165601469
v -0.19699999999999995 0.20300000000000007 0.0009423055398400382
v -0.20299999999999996 0.20900000000000007 0.004457024165601465
v -0.1744852813742385 0.24248528137423866 0.006262797763322261
v -0.17199999999999993 0.2400000000000001 0.014748079137560832
v -0.16599999999999993 0.2340000000000001 0.01826279776332226
v -0.15999999999999992 0.2280000000000001 0.014748079137560832
v -0.15751471862576136 0.22551471862576153 0.006262797763322263
v -0.15999999999999992 0.2280000000000001 -0.002222483610916309
v -0.16599999999999993 0.2340000000000001 -0.005737202236677739
v -0.17199999999999993 0.2400000000000001 -0.0022224836109163123
v -0.14348528137423847 0.2734852813742387 -0.005901876496614164
v -0.1409999999999999 0.27100000000000013 0.0025834048776244055
v -0.1349999999999999 0.2650000000000001 0.006098123503385836
v -0.1289999999999999 0.2590000000000001 0.0025834048776244073
v -0.12651471862576133 0.25651471862576153 -0.0059018764966141625
v -0.1289999999999999 0.2590000000000001 -0.014387157870852735
v -0.1349999999999999 0.2650000000000001 -0.017901876496614164
v -0.1409999999999999 0.27100000000000013 -0.014387157870852738
v -0.11248528137423844 0.30448528137423875 -0.01289749111708822
v -0.10999999999999988 0.30200000000000016 -0.00441220974284965
v -0.10399999999999987 0.29600000000000015 -0.0008974911170882196
v -0.09799999999999986 0.29000000000000015 -0.004412209742849648
v -0.0955147186257613 0.28751471862576156 -0.012897491117088218
v -0.09799999999999986 0.29000000000000015 -0.02138277249132679
v -0.10399999999999987 0.29600000000000015 -0.024897491117088222
v -0.10999999999999988 0.30200000000000016 -0.021382772491326793
v -0.08148528137423852 0.33548528137423866 -0.008597054249207467
v -0.07899999999999996 0.3330000000000001 -0.00011177287496889725
v -0.07299999999999995 0.32700000000000007 0.0034029457507925333
v -0.06699999999999995 0.32100000000000006 -0.00011177287496889551
v -0.06451471862576139 0.3185147186257615 -0.008597054249207465
v -0.06699999999999995 0.32100000000000006 -0.017082335623446035
v -0.07299999999999995 0.32700000000000007 -0.020597054249207467
v -0.07899999999999996 0.3330000000000001 -0.017082335623446042
v -0.050485281374238494 0.3664852813742387 0.0032329685331431426
v -0.04799999999999993 0.3640000000000001 0.011718249907381711
v -0.041999999999999926 0.3580000000000001 0.015232968533143144
v -0.03599999999999993 0.3520000000000001 0.011718249907381715
v -0.03351471862576136 0.3495147186257615 0.003232968533143144
v -0.03599999999999992 0.3520000000000001 -0.005252312841095427
v -0.041999999999999926 0.3580000000000001 -0.008767031466856857
v -0.047999999999999925 0.3640000000000001 -0.005252312841095431
v -0.01948528137423847 0.3974852813742387 0.012231449996404945
v -0.0169999999999999 0.39500000000000013 0.020716731370643515
v -0.010999999999999899 0.3890000000000001 0.024231449996404947
v -0.004999999999999899 0.3830000000000001 0.020716731370643518
v -0.0025147186257613273 0.3805147186257615 0.012231449996404947
v -0.004999999999999897 0.3830000000000001 0.003746168622166375
v -0.010999999999999897 0.3890000000000001 0.00023144999640494456
v -0.016999999999999897 0.39500000000000013 0.0037461686221663716
v 0.011514718625761446 0.42848528137423864 0.010517220926874307
v 0.014000000000000016 0.42600000000000005 0.019002502301112875
v 0.020000000000000018 0.42000000000000004 0.022517220926874307
v 0.026000000000000016 0.41400000000000003 0.01900250230111288
v 0.02848528137423859 0.41151471862576144 0.010517220926874309
v 0.02600000000000002 0.41400000000000003 0.0020319395526357375
v 0.020000000000000018 0.42000000000000004 -0.001482779073125693
v 0.01400000000000002 0.42600000000000005 0.002031939552635734
v 0.04251471862576148 0.45948528137423866 -0.000408339868015691
v 0.04500000000000004 0.4570000000000001 0.008076941506222879
v 0.051000000000000045 0.45100000000000007 0.011591660131984309
v 0.057000000000000044 0.44500000000000006 0.00807694150622288
v 0.05948528137423861 0.44251471862576147 -0.0004083398680156895
v 0.05700000000000005 0.44500000000000006 -0.008893621242254261
v 0.051000000000000045 0.45100000000000007 -0.012408339868015691
v 0.04500000000000005 0.4570000000000001 -0.008893621242254264
v 0.0735147186257614 0.4904852813742386 -0.010976263031526186
v 0.07599999999999996 0.488 -0.0024909816572876164
v 0.08199999999999996 0.482 0.001023736968473814
v 0.08799999999999997 0.476 -0.0024909816572876147
v 0.09048528137423853 0.4735147186257614 -0.010976263031526184
v 0.08799999999999997 0.476 -0.019461544405764756
v 0.08199999999999996 0.482 -0.022976263031526188
v 0.07599999999999996 0.488 -0.01946154440576476
v 0.10451471862576142 0.5214852813742386 -0.011930810133891757
v 0.10699999999999998 0.519 -0.0034455287596531874
v 0.11299999999999999 0.513 0.00006918986610824317
v 0.119 0.507 -0.0034455287596531856
v 0.12148528137423856 0.5045147186257615 -0.011930810133891755
v 0.119 0.507 -0.020416091508130327
v 0.11299999999999999 0.513 -0.023930810133891756
v 0.10699999999999998 0.519 -0.02041609150813033
v 0.13551471862576156 0.5524852813742387 -0.002435957089614372
v 0.13800000000000012 0.5500000000000002 0.0060493242846241975
v 0.14400000000000013 0.5440000000000002 0.009564042910385628
v 0.15000000000000013 0.5380000000000001 0.006049324284624199
v 0.1524852813742387 0.5355147186257616 -0.0024359570896143705
v 0.15000000000000013 0.5380000000000001 -0.010921238463852942
v 0.14400000000000013 0.5440000000000002 -0.014435957089614372
v 0.13800000000000012 0.5500000000000002 -0.010921238463852945
v 0.16651471862576148 0.5834852813742386 0.009192388155425125
v 0.16900000000000004 0.5810000000000001 0.017677669529663695
v 0.17500000000000004 0.5750000000000001 0.021192388155425124
v 0.18100000000000005 0.5690000000000001 0.017677669529663695
v 0.1834852813742386 0.5665147186257615 0.009192388155425127
v 0.18100000000000005 0.5690000000000001 0.0007071067811865554
v 0.17500000000000004 0.5750000000000001 -0.002807611844574875
v 0.16900000000000004 0.5810000000000001 0.000707106781186552
v -0.9184852813742385 -0.30151471862576124 0.012363734711836995
v -0.9159999999999999 -0.3039999999999998 0.020849016086075565
v -0.9099999999999999 -0.30999999999999983 0.024363734711836997
v -0.9039999999999999 -0.31599999999999984 0.02084901608607557
v -0.9015147186257614 -0.3184852813742384 0.012363734711836997
v -0.9039999999999999 -0.31599999999999984 0.0038784533375984254
v -0.9099999999999999 -0.30999999999999983 0.00036373471183699484
v -0.9159999999999999 -0.3039999999999998 0.003878453337598422
v -0.8868781385170956 -0.2699075757686184 0.010118178568632213
v -0.8843928571428571 -0.272392857142857 0.018603459942870784
v -0.8783928571428571 -0.278392857142857 0.022118178568632213
v -0.8723928571428571 -0.284392857142857 0.018603459942870784
v -0.8699075757686185 -0.2868781385170956 0.010118178568632214
v -0.8723928571428571 -0.284392857142857 0.001632897194393643
v -0.8783928571428571 -0.278392857142857 -0.0018818214313677875
v -0.8843928571428571 -0.272392857142857 0.0016328971943936395
v -0.8552709956599528 -0.23830043291147557 -0.0013105070901131399
v -0.8527857142857143 -0.24078571428571413 0.00717477428412543
v -0.8467857142857143 -0.24678571428571414 0.01068949290988686
v -0.8407857142857142 -0.2527857142857141 0.007174774284125432
v -0.8383004329114757 -0.2552709956599527 -0.0013105070901131383
v -0.8407857142857142 -0.2527857142857141 -0.00979578846435171
v -0.8467857142857143 -0.24678571428571414 -0.01331050709011314
v -0.8527857142857143 -0.24078571428571413 -0.009795788464351713
v -0.82366385280281 -0.2066932900543327 -0.011549793267725353
v -0.8211785714285714 -0.20917857142857127 -0.0030645118934867835
v -0.8151785714285714 -0.21517857142857127 0.00045020673227464704
v -0.8091785714285714 -0.22117857142857128 -0.0030645118934867818
v -0.8066932900543329 -0.22366385280280984 -0.011549793267725351
v -0.8091785714285714 -0.22117857142857128 -0.020035074641963923
v -0.8151785714285714 -0.21517857142857127 -0.023549793267725355
v -0.8211785714285714 -0.20917857142857127 -0.020035074641963926
v -0.7920567099456671 -0.17508614719718987 -0.011306634731024048
v -0.7895714285714286 -0.17757142857142844 -0.0028213533567854783
v -0.7835714285714286 -0.18357142857142844 0.0006933652689759522
v -0.7775714285714286 -0.18957142857142845 -0.0028213533567854766
v -0.77508614719719 -0.192056709945667 -0.011306634731024046
v -0.7775714285714286 -0.18957142857142845 -0.019791916105262618
v -0.7835714285714286 -0.18357142857142844 -0.023306634731024047
v -0.7895714285714286 -0.17757142857142844 -0.01979191610526262
v -0.7604495670885242 -0.143479004340047 -0.0008017190593190927
v -0.7579642857142856 -0.14596428571428557 0.007683562314919477
v -0.7519642857142856 -0.15196428571428558 0.011198280940680908
v -0.7459642857142856 -0.15796428571428558 0.007683562314919479
v -0.7434790043400471 -0.16044956708852415 -0.0008017190593190912
v -0.7459642857142856 -0.15796428571428558 -0.009287000433557662
v -0.7519642857142856 -0.15196428571428558 -0.012801719059319093
v -0.7579642857142856 -0.14596428571428557 -0.009287000433557666
v -0.7288424242313813 -0.11187186148290418 0.010430826581244954
v -0.7263571428571428 -0.11435714285714274 0.018916107955483524
v -0.7203571428571428 -0.12035714285714275 0.022430826581244956
v -0.7143571428571428 -0.12635714285714275 0.018916107955483527
v -0.7118718614829043 -0.12884242423138131 0.010430826581244956
v -0.7143571428571428 -0.12635714285714275 0.0019455452070063842
v -0.7203571428571428 -0.12035714285714275 -0.0015691734187550464
v -0.7263571428571428 -0.11435714285714274 0.0019455452070063807
v -0.6972352813742385 -0.08026471862576132 0.012196487366992286
v -0.69475 -0.08274999999999988 0.020681768741230858
v -0.68875 -0.08874999999999988 0.024196487366992286
v -0.68275 -0.09474999999999989 0.020681768741230858
v -0.6802647186257614 -0.09723528137423845 0.012196487366992288
v -0.68275 -0.09474999999999989 0.0037112059927537164
v -0.68875 -0.08874999999999988 0.00019648736699228592
v -0.69475 -0.08274999999999988 0.003711205992753713
v -0.6656281385170957 -0.04865757576861848 0.0028927721414320723
v -0.6631428571428571 -0.05114285714285705 0.011378053515670642
v -0.6571428571428571 -0.05714285714285705 0.014892772141432073
v -0.6511428571428571 -0.06314285714285706 0.011378053515670644
v -0.6486575757686186 -0.06562813851709562 0.0028927721414320736
v -0.6511428571428571 -0.06314285714285706 -0.005592509232806497
v -0.6571428571428571 -0.05714285714285705 -0.009107227858567928
v -0.6631428571428571 -0.05114285714285705 -0.0055925092328065005
v -0.6340209956599528 -0.017050432911475594 -0.009036386097762288
v -0.6315357142857143 -0.019535714285714163 -0.0005511047235237185
v -0.6255357142857143 -0.02553571428571416 0.002963613902237712
v -0.6195357142857143 -0.03153571428571416 -0.0005511047235237168
v -0.6170504329114758 -0.03402099565995273 -0.009036386097762287
v -0.6195357142857143 -0.03153571428571417 -0.01752166747200086
v -0.6255357142857143 -0.02553571428571416 -0.02103638609776229
v -0.6315357142857143 -0.019535714285714163 -0.01752166747200086
v -0.6024138528028099 0.014556709945667242 -0.01276423583806953
v -0.5999285714285714 0.012071428571428672 -0.0042789544638309595
v -0.5939285714285714 0.006071428571428673 -0.000764235838069529
v -0.5879285714285714 0.00007142857142867359 -0.004278954463830958
v -0.5854432900543328 -0.0024138528028098977 -0.012764235838069527
v -0.5879285714285714 0.00007142857142867012 -0.021249517212308097
v -0.5939285714285714 0.00607142857142867 -0.02476423583806953
v -0.5999285714285714 0.01207142857142867 -0.021249517212308104
v -0.5708067099456672 0.046163852802810074 -0.004907428312959333
v -0.5683214285714286 0.043678571428571504 0.0035778530612792367
v -0.5623214285714286 0.037678571428571506 0.007092571687040667
v -0.5563214285714286 0.03167857142857151 0.0035778530612792384
v -0.5538361471971901 0.029193290054332938 -0.004907428312959331
v -0.5563214285714286 0.0316785714285715 -0.013392709687197902
v -0.5623214285714286 0.037678571428571506 -0.016907428312959334
v -0.5683214285714286 0.043678571428571504 -0.013392709687197905
v -0.5391995670885242 0.07777099565995291 0.0074032984111899154
v -0.5367142857142857 0.07528571428571434 0.015888579785428486
v -0.5307142857142857 0.06928571428571434 0.019403298411189915
v -0.5247142857142857 0.06328571428571433 0.015888579785428486
v -0.5222290043400472 0.06080043291147577 0.007403298411189917
v -0.5247142857142857 0.06328571428571433 -0.0010819829630486543
v -0.5307142857142857 0.06928571428571434 -0.004596701588810085
v -0.5367142857142857 0.07528571428571434 -0.0010819829630486577
v -0.5075924242313814 0.1093781385170958 0.012994886142979686
v -0.5051071428571429 0.10689285714285723 0.021480167517218256
v -0.49910714285714286 0.10089285714285723 0.024994886142979685
v -0.49310714285714285 0.09489285714285722 0.021480167517218256
v -0.49062186148290426 0.09240757576861866 0.012994886142979688
v -0.49310714285714285 0.09489285714285722 0.004509604768741116
v -0.49910714285714286 0.10089285714285723 0.0009948861429796858
v -0.5051071428571429 0.10689285714285723 0.004509604768741113
v -0.4759852813742386 0.14098528137423863 0.0067924813413073395
v -0.47350000000000003 0.13850000000000007 0.01527776271554591
v -0.4675 0.13250000000000006 0.01879248134130734
v -0.4615 0.12650000000000006 0.015277762715545911
v -0.45901471862576143 0.1240147186257615 0.006792481341307341
v -0.4615 0.12650000000000006 -0.0016928000329312302
v -0.4675 0.13250000000000006 -0.005207518658692661
v -0.47350000000000003 0.13850000000000007 -0.0016928000329312336
v -0.4443781385170958 0.17259242423138146 -0.005574692688938695
v -0.4418928571428572 0.1701071428571429 0.0029105886852998746
v -0.4358928571428572 0.1641071428571429 0.006425307311061305
v -0.4298928571428572 0.1581071428571429 0.0029105886852998763
v -0.4274075757686186 0.15562186148290433 -0.0055746926889386934
v -0.4298928571428572 0.1581071428571429 -0.014059974063177265
v -0.4358928571428572 0.1641071428571429 -0.017574692688938694
v -0.4418928571428572 0.1701071428571429 -0.014059974063177268
v -0.41277099565995296 0.2041995670885243 -0.01288234690298315
v -0.41028571428571436 0.20171428571428573 -0.00439706552874458
v -0.40428571428571436 0.19571428571428573 -0.0008823469029831492
v -0.39828571428571435 0.18971428571428572 -0.004397065528744578
v -0.39580043291147576 0.18722900434004716 -0.012882346902983148
v -0.39828571428571435 0.18971428571428572 -0.021367628277221717
v -0.40428571428571436 0.19571428571428573 -0.02488234690298315
v -0.41028571428571436 0.20171428571428573 -0.021367628277221724
v -0.3811638528028101 0.23580670994566713 -0.008498147759056239
v -0.37867857142857153 0.23332142857142857 -0.000012866384817669316
v -0.3726785714285715 0.22732142857142856 0.003501852240943761
v -0.3666785714285715 0.22132142857142856 -0.000012866384817667581
v -0.36419329005433293 0.21883614719719 -0.008498147759056237
v -0.3666785714285715 0.22132142857142856 -0.016983429133294807
v -0.3726785714285715 0.22732142857142856 -0.02049814775905624
v -0.37867857142857153 0.23332142857142857 -0.016983429133294814
v -0.3495567099456672 0.2674138528028101 0.0035988616485230682
v -0.3470714285714286 0.2649285714285715 0.012084143022761638
v -0.3410714285714286 0.2589285714285715 0.015598861648523069
v -0.3350714285714286 0.2529285714285715 0.01208414302276164
v -0.33258614719719 0.2504432900543329 0.0035988616485230695
v -0.3350714285714286 0.2529285714285715 -0.004886419725715501
v -0.3410714285714286 0.2589285714285715 -0.008401138351476932
v -0.3470714285714286 0.2649285714285715 -0.0048864197257155045
v -0.31794956708852434 0.29902099565995294 0.012429590232658968
v -0.31546428571428575 0.29653571428571435 0.020914871606897537
v -0.30946428571428575 0.29053571428571434 0.02442959023265897
v -0.30346428571428574 0.28453571428571434 0.02091487160689754
v -0.30097900434004715 0.28205043291147575 0.01242959023265897
v -0.30346428571428574 0.28453571428571434 0.003944308858420398
v -0.30946428571428575 0.29053571428571434 0.00042959023265896727
v -0.31546428571428575 0.29653571428571435 0.003944308858420394
v -0.2863424242313815 0.33062813851709577 0.009979381624654131
v -0.2838571428571429 0.3281428571428572 0.0184646629988927
v -0.2778571428571429 0.3221428571428572 0.021979381624654133
v -0.2718571428571429 0.31614285714285717 0.018464662998892704
v -0.2693718614829043 0.3136575757686186 0.009979381624654133
v -0.2718571428571429 0.31614285714285717 0.0014941002504155615
v -0.2778571428571429 0.3221428571428572 -0.002020618375345869
v -0.2838571428571429 0.3281428571428572 0.001494100250415558
v -0.2547352813742387 0.3622352813742386 -0.0015279861669518606
v -0.2522500000000001 0.35975 0.006957295207286709
v -0.24625000000000008 0.35375 0.01047201383304814
v -0.24025000000000007 0.34775 0.006957295207286711
v -0.2377647186257615 0.3452647186257614 -0.001527986166951859
v -0.24025000000000007 0.34775 -0.01001326754119043
v -0.24625000000000008 0.35375 -0.01352798616695186
v -0.2522500000000001 0.35975 -0.010013267541190434
v -0.22312813851709581 0.39384242423138144 -0.011648573247593412
v -0.22064285714285725 0.39135714285714285 -0.003163291873354842
v -0.21464285714285725 0.38535714285714284 0.0003514267524065886
v -0.20864285714285724 0.37935714285714284 -0.00316329187335484
v -0.20615757576861868 0.37687186148290425 -0.01164857324759341
v -0.20864285714285724 0.37935714285714284 -0.02013385462183198
v -0.21464285714285725 0.38535714285714284 -0.02364857324759341
v -0.22064285714285725 0.39135714285714285 -0.020133854621831985
v -0.19152099565995298 0.42544956708852427 -0.011197064167021334
v -0.18903571428571442 0.4229642857142857 -0.002711782792782764
v -0.1830357142857144 0.4169642857142857 0.0008029358329786664
v -0.1770357142857144 0.41096428571428567 -0.0027117827927827624
v -0.17455043291147584 0.4084790043400471 -0.011197064167021332
v -0.1770357142857144 0.41096428571428567 -0.019682345541259902
v -0.1830357142857144 0.4169642857142857 -0.023197064167021334
v -0.18903571428571442 0.4229642857142857 -0.01968234554125991
v -0.15991385280281015 0.4570567099456671 -0.000583242794556733
v -0.15742857142857158 0.4545714285714285 0.007902038579681837
v -0.15142857142857158 0.4485714285714285 0.011416757205443268
v -0.14542857142857157 0.4425714285714285 0.007902038579681839
v -0.142943290054333 0.4400861471971899 -0.0005832427945567315
v -0.14542857142857157 0.4425714285714285 -0.009068524168795302
v -0.15142857142857158 0.4485714285714285 -0.012583242794556733
v -0.15742857142857158 0.4545714285714285 -0.009068524168795306
v -0.1283067099456672 0.48866385280281005 0.010559922281924393
v -0.12582142857142864 0.48617857142857146 0.01904520365616296
v -0.11982142857142863 0.48017857142857145 0.022559922281924393
v -0.11382142857142863 0.47417857142857145 0.019045203656162964
v -0.11133614719719007 0.47169329005433286 0.010559922281924395
v -0.11382142857142863 0.47417857142857145 0.002074640907685823
v -0.11982142857142863 0.48017857142857145 -0.0014400777180756073
v -0.12582142857142864 0.48617857142857146 0.0020746409076858197
v -0.09669956708852437 0.5202709956599528 0.012119036896044193
v -0.0942142857142858 0.5177857142857143 0.020604318270282765
v -0.0882142857142858 0.5117857142857143 0.024119036896044194
v -0.0822142857142858 0.5057857142857143 0.020604318270282765
v -0.07972900434004723 0.5033004329114757 0.012119036896044195
v -0.0822142857142858 0.5057857142857143 0.0036337555218056237
v -0.0882142857142858 0.5117857142857143 0.00011903689604419315
v -0.0942142857142858 0.5177857142857143 0.00363375552180562
v -0.06509242423138153 0.5518781385170957 0.0026790685561425506
v -0.06260714285714297 0.5493928571428571 0.01116434993038112
v -0.05660714285714297 0.5433928571428571 0.01467906855614255
v -0.05060714285714297 0.5373928571428571 0.011164349930381122
v -0.0481218614829044 0.5349075757686186 0.002679068556142552
v -0.05060714285714296 0.5373928571428571 -0.00580621281809602
v -0.05660714285714297 0.5433928571428571 -0.00932093144385745
v -0.06260714285714297 0.5493928571428571 -0.005806212818096023
v -0.0334852813742387 0.5834852813742385 -0.00919238815542508
v -0.03100000000000013 0.581 -0.0007071067811865103
v -0.025000000000000133 0.575 0.00280761184457492
v -0.019000000000000135 0.569 -0.0007071067811865086
v -0.016514718625761565 0.5665147186257614 -0.009192388155425078
v -0.01900000000000013 0.569 -0.01767766952966365
v -0.025000000000000133 0.575 -0.021192388155425082
v -0.03100000000000013 0.581 -0.017677669529663653
v -0.9184852813742385 -0.10151471862576131 -0.012363734711837009
v -0.9159999999999999 -0.10399999999999987 -0.0038784533375984392
v -0.9099999999999999 -0.10999999999999988 -0.0003637347118370087
v -0.9039999999999999 -0.11599999999999988 -0.0038784533375984375
v -0.9015147186257614 -0.11848528137423844 -0.012363734711837007
v -0.9039999999999999 -0.11599999999999988 -0.02084901608607558
v -0.9099999999999999 -0.10999999999999988 -0.02436373471183701
v -0.9159999999999999 -0.10399999999999987 -0.020849016086075582
v -0.8873489177378748 -0.07037835498939768 -0.010237787066684038
v -0.8848636363636363 -0.07286363636363624 -0.0017525056924454687
v -0.8788636363636363 -0.07886363636363625 0.0017622129333159618
v -0.8728636363636363 -0.08486363636363625 -0.001752505692445467
v -0.8703783549893978 -0.08734891773787481 -0.010237787066684037
v -0.8728636363636363 -0.08486363636363625 -0.018723068440922606
v -0.8788636363636363 -0.07886363636363625 -0.02223778706668404
v -0.8848636363636363 -0.07286363636363624 -0.018723068440922613
v -0.8562125541015112 -0.03924199135303405 0.0009274093815900224
v -0.8537272727272727 -0.04172727272727262 0.009412690755828592
v -0.8477272727272727 -0.04772727272727262 0.012927409381590023
v -0.8417272727272727 -0.05372727272727262 0.009412690755828594
v -0.8392419913530341 -0.056212554101511186 0.0009274093815900239
v -0.8417272727272727 -0.053727272727272624 -0.007557871992648547
v -0.8477272727272727 -0.04772727272727262 -0.011072590618409978
v -0.8537272727272727 -0.04172727272727262 -0.007557871992648551
v -0.8250761904651476 -0.00810562771667042 0.01127376831273885
v -0.822590909090909 -0.01059090909090899 0.01975904968697742
v -0.816590909090909 -0.01659090909090899 0.02327376831273885
v -0.810590909090909 -0.022590909090908988 0.01975904968697742
v -0.8081056277166705 -0.025076190465147558 0.011273768312738852
v -0.810590909090909 -0.02259090909090899 0.0027884869385002807
v -0.816590909090909 -0.01659090909090899 -0.0007262316872611498
v -0.822590909090909 -0.010590909090908991 0.0027884869385002772
v -0.793939826828784 0.023030735919693207 0.011666179572987635
v -0.7914545454545454 0.020545454545454638 0.020151460947226203
v -0.7854545454545454 0.014545454545454639 0.023666179572987635
v -0.7794545454545454 0.00854545454545464 0.020151460947226207
v -0.7769692640803069 0.006060173171216069 0.011666179572987637
v -0.7794545454545454 0.008545454545454637 0.0031808981987490655
v -0.7854545454545454 0.014545454545454637 -0.000333820427012365
v -0.7914545454545454 0.020545454545454638 0.003180898198749062
v -0.7628034631924203 0.054167099556056836 0.0017581715087035194
v -0.7603181818181818 0.051681818181818266 0.01024345288294209
v -0.7543181818181818 0.04568181818181827 0.01375817150870352
v -0.7483181818181818 0.03968181818181827 0.010243452882942091
v -0.7458329004439432 0.0371965368075797 0.001758171508703521
v -0.7483181818181818 0.03968181818181826 -0.00672710986553505
v -0.7543181818181818 0.04568181818181827 -0.01024182849129648
v -0.7603181818181818 0.051681818181818266 -0.0067271098655350536
v -0.7316670995560567 0.08530346319242046 -0.00970217883445528
v -0.7291818181818182 0.0828181818181819 -0.00121689746021671
v -0.7231818181818181 0.0768181818181819 0.0022978211655447205
v -0.7171818181818181 0.07081818181818189 -0.0012168974602167083
v -0.7146965368075796 0.06833290044394333 -0.009702178834455278
v -0.7171818181818181 0.07081818181818189 -0.01818746020869385
v -0.7231818181818181 0.0768181818181819 -0.021702178834455278
v -0.7291818181818182 0.0828181818181819 -0.018187460208693853
v -0.7005307359196931 0.1164398268287841 -0.012596184923159585
v -0.6980454545454545 0.11395454545454553 -0.004110903548921015
v -0.6920454545454545 0.10795454545454553 -0.0005961849231595848
v -0.6860454545454545 0.10195454545454552 -0.004110903548921014
v -0.683560173171216 0.09946926408030696 -0.012596184923159583
v -0.6860454545454545 0.10195454545454552 -0.021081466297398155
v -0.6920454545454545 0.10795454545454553 -0.024596184923159584
v -0.6980454545454545 0.11395454545454553 -0.02108146629739816
v -0.6693943722833294 0.14757619046514772 -0.004368642111800534
v -0.6669090909090909 0.14509090909090916 0.004116639262438036
v -0.6609090909090909 0.13909090909090915 0.007631357888199466
v -0.6549090909090909 0.13309090909090915 0.0041166392624380375
v -0.6524238095348524 0.13060562771667059 -0.004368642111800532
v -0.6549090909090909 0.13309090909090915 -0.012853923486039105
v -0.6609090909090909 0.13909090909090915 -0.016368642111800533
v -0.6669090909090909 0.14509090909090916 -0.012853923486039108
v -0.6382580086469658 0.17871255410151135 0.007716105652459352
v -0.6357727272727273 0.1762272727272728 0.016201387026697923
v -0.6297727272727273 0.17022727272727278 0.01971610565245935
v -0.6237727272727273 0.16422727272727278 0.016201387026697923
v -0.6212874458984887 0.16174199135303421 0.007716105652459354
v -0.6237727272727273 0.16422727272727278 -0.0007691757217792175
v -0.6297727272727273 0.17022727272727278 -0.004283894347540648
v -0.6357727272727273 0.1762272727272728 -0.000769175721779221
v -0.6071216450106022 0.20984891773787498 0.012988072653704143
v -0.6046363636363636 0.20736363636363642 0.02147335402794271
v -0.5986363636363636 0.2013636363636364 0.024988072653704143
v -0.5926363636363636 0.1953636363636364 0.021473354027942714
v -0.5901510822621251 0.19287835498939784 0.012988072653704144
v -0.5926363636363636 0.1953636363636364 0.004502791279465573
v -0.5986363636363636 0.2013636363636364 0.0009880726537041425
v -0.6046363636363636 0.20736363636363642 0.0045027912794655695
v -0.5759852813742385 0.2409852813742386 0.006792481341307296
v -0.5735 0.23850000000000005 0.015277762715545866
v -0.5675 0.23250000000000004 0.018792481341307295
v -0.5615 0.22650000000000003 0.015277762715545868
v -0.5590147186257615 0.22401471862576147 0.006792481341307298
v -0.5615 0.22650000000000003 -0.0016928000329312735
v -0.5675 0.23250000000000004 -0.005207518658692704
v -0.5735 0.23850000000000005 -0.001692800032931277
v -0.5448489177378749 0.27212164501060226 -0.005400395169024544
v -0.5423636363636364 0.2696363636363637 0.0030848862052140257
v -0.5363636363636364 0.26363636363636367 0.006599604830975456
v -0.5303636363636364 0.25763636363636366 0.0030848862052140274
v -0.5278783549893978 0.2551510822621251 -0.005400395169024542
v -0.5303636363636364 0.25763636363636366 -0.013885676543263115
v -0.5363636363636364 0.26363636363636367 -0.017400395169024543
v -0.5423636363636364 0.2696363636363637 -0.013885676543263118
v -0.5137125541015113 0.3032580086469659 -0.012825101053221526
v -0.5112272727272728 0.3007727272727273 -0.004339819678982957
v -0.5052272727272727 0.2947727272727273 -0.0008251010532215261
v -0.49922727272727274 0.2887727272727273 -0.004339819678982955
v -0.49674199135303415 0.2862874458984887 -0.012825101053221525
v -0.49922727272727274 0.2887727272727273 -0.021310382427460098
v -0.5052272727272727 0.2947727272727273 -0.024825101053221527
v -0.5112272727272728 0.3007727272727273 -0.021310382427460098
v -0.4825761904651477 0.3343943722833295 -0.008926141130527554
v -0.4800909090909091 0.33190909090909093 -0.0004408597562889846
v -0.4740909090909091 0.3259090909090909 0.003073858869472446
v -0.4680909090909091 0.3199090909090909 -0.00044085975628898287
v -0.4656056277166705 0.31742380953485233 -0.008926141130527553
v -0.4680909090909091 0.3199090909090909 -0.017411422504766124
v -0.4740909090909091 0.3259090909090909 -0.020926141130527556
v -0.4800909090909091 0.33190909090909093 -0.017411422504766128
v -0.45143982682878414 0.3655307359196931 0.002853976116992973
v -0.44895454545454555 0.3630454545454545 0.011339257491231543
v -0.44295454545454555 0.3570454545454545 0.014853976116992972
v -0.43695454545454554 0.3510454545454545 0.011339257491231543
v -0.43446926408030695 0.3485601731712159 0.002853976116992974
v -0.43695454545454554 0.3510454545454545 -0.005631305257245597
v -0.44295454545454555 0.3570454545454545 -0.009146023883007028
v -0.44895454545454555 0.3630454545454545 -0.0056313052572456
v -0.42030346319242046 0.3966670995560568 0.012114232379748876
v -0.41781818181818187 0.3941818181818182 0.020599513753987445
v -0.41181818181818186 0.3881818181818182 0.024114232379748878
v -0.40581818181818186 0.3821818181818182 0.02059951375398745
v -0.40333290044394327 0.3796965368075796 0.012114232379748877
v -0.40581818181818186 0.3821818181818182 0.003628951005510306
v -0.41181818181818186 0.3881818181818182 0.00011423237974887528
v -0.41781818181818187 0.3941818181818182 0.0036289510055103023
v -0.38916709955605683 0.4278034631924204 0.010678470076566382
v -0.38668181818181824 0.4253181818181818 0.019163751450804952
v -0.38068181818181823 0.4193181818181818 0.022678470076566384
v -0.3746818181818182 0.4133181818181818 0.019163751450804956
v -0.37219653680757964 0.4108329004439432 0.010678470076566384
v -0.3746818181818182 0.4133181818181818 0.0021931887023278127
v -0.38068181818181823 0.4193181818181818 -0.0013215299234336179
v -0.38668181818181824 0.4253181818181818 0.002193188702327809
v -0.3580307359196932 0.45893982682878404 -0.0001856332567672246
v -0.3555454545454546 0.45645454545454545 0.008299648117471345
v -0.3495454545454546 0.45045454545454544 0.011814366743232775
v -0.3435454545454546 0.44445454545454544 0.008299648117471347
v -0.341060173171216 0.44196926408030685 -0.00018563325676722314
v -0.3435454545454546 0.44445454545454544 -0.008670914631005795
v -0.3495454545454546 0.45045454545454544 -0.012185633256767225
v -0.3555454545454546 0.45645454545454545 -0.008670914631005798
v -0.32689437228332957 0.49007619046514767 -0.010885835428343607
v -0.324409090909091 0.4875909090909091 -0.0024005540541050373
v -0.318409090909091 0.48159090909090907 0.0011141645716563932
v -0.31240909090909097 0.47559090909090906 -0.0024005540541050356
v -0.3099238095348524 0.4731056277166705 -0.010885835428343605
v -0.31240909090909097 0.47559090909090906 -0.019371116802582175
v -0.318409090909091 0.48159090909090907 -0.022885835428343607
v -0.324409090909091 0.4875909090909091 -0.019371116802582182
v -0.29575800864696594 0.5212125541015112 -0.011974607490493054
v -0.29327272727272735 0.5187272727272727 -0.0034893261162544844
v -0.28727272727272735 0.5127272727272727 0.00002539250950694613
v -0.28127272727272734 0.5067272727272727 -0.0034893261162544827
v -0.27878744589848875 0.5042419913530342 -0.011974607490493052
v -0.28127272727272734 0.5067272727272727 -0.020459888864731622
v -0.28727272727272735 0.5127272727272727 -0.023974607490493054
v -0.29327272727272735 0.5187272727272727 -0.02045988886473163
v -0.2646216450106023 0.5523489177378749 -0.0024906399829237847
v -0.2621363636363637 0.5498636363636363 0.005994641391314785
v -0.2561363636363637 0.5438636363636363 0.009509360017076215
v -0.2501363636363637 0.5378636363636363 0.005994641391314786
v -0.24765108226212515 0.5353783549893978 -0.0024906399829237834
v -0.2501363636363637 0.5378636363636363 -0.010975921357162355
v -0.2561363636363637 0.5438636363636363 -0.014490639982923785
v -0.2621363636363637 0.5498636363636363 -0.010975921357162358
v -0.23348528137423866 0.5834852813742385 0.009192388155425084
v -0.2310000000000001 0.581 0.017677669529663653
v -0.2250000000000001 0.575 0.021192388155425082
v -0.21900000000000008 0.569 0.017677669529663653
v -0.21651471862576152 0.5665147186257614 0.009192388155425085
v -0.21900000000000008 0.569 0.0007071067811865138
v -0.2250000000000001 0.575 -0.0028076118445749167
v -0.2310000000000001 0.581 0.0007071067811865103
v -0.9184852813742385 0.09848528137423865 0.012363734711837025
v -0.9159999999999999 0.09600000000000009 0.020849016086075596
v -0.9099999999999999 0.09000000000000008 0.024363734711837025
v -0.9039999999999999 0.08400000000000007 0.020849016086075596
v -0.9015147186257614 0.08151471862576151 0.012363734711837026
v -0.9039999999999999 0.08400000000000007 0.003878453337598455
v -0.9099999999999999 0.09000000000000008 0.0003637347118370243
v -0.9159999999999999 0.09600000000000009 0.0038784533375984514
v -0.8881727813742385 0.12879778137423864 0.010441697909248347
v -0.8856875 0.12631250000000008 0.018926979283486918
v -0.8796875 0.12031250000000007 0.022441697909248347
v -0.8736875 0.11431250000000007 0.018926979283486918
v -0.8712022186257614 0.1118272186257615 0.010441697909248348
v -0.8736875 0.11431250000000007 0.001956416535009777
v -0.8796875 0.12031250000000007 -0.0015583020907516537
v -0.8856875 0.12631250000000008 0.0019564165350097733
v -0.8578602813742385 0.15911028137423863 -0.0002552380019882024
v -0.855375 0.15662500000000007 0.008230043372250367
v -0.849375 0.15062500000000006 0.011744761998011798
v -0.843375 0.14462500000000006 0.008230043372250369
v -0.8408897186257615 0.1421397186257615 -0.0002552380019882009
v -0.843375 0.14462500000000006 -0.008740519376226772
v -0.849375 0.15062500000000006 -0.012255238001988203
v -0.855375 0.15662500000000007 -0.008740519376226776
v -0.8275477813742385 0.18942278137423862 -0.010737679322823355
v -0.8250624999999999 0.18693750000000006 -0.002252397948584785
v -0.8190624999999999 0.18093750000000006 0.0012623206771766454
v -0.8130624999999999 0.17493750000000005 -0.0022523979485847834
v -0.8105772186257614 0.1724522186257615 -0.010737679322823353
v -0.8130624999999999 0.17493750000000005 -0.019222960697061926
v -0.8190624999999999 0.18093750000000006 -0.022737679322823355
v -0.8250624999999999 0.18693750000000006 -0.019222960697061926
v -0.7972352813742385 0.21973528137423862 -0.0121964873669923
v -0.79475 0.21725000000000005 -0.0037112059927537303
v -0.78875 0.21125000000000005 -0.0001964873669922998
v -0.78275 0.20525000000000004 -0.0037112059927537286
v -0.7802647186257614 0.20276471862576148 -0.012196487366992298
v -0.78275 0.20525000000000004 -0.02068176874123087
v -0.78875 0.21125000000000005 -0.0241964873669923
v -0.79475 0.21725000000000005 -0.02068176874123087
v -0.7669227813742385 0.2500477813742386 -0.003405722300023348
v -0.7644375 0.24756250000000005 0.005079559074215222
v -0.7584375 0.24156250000000004 0.008594277699976652
v -0.7524375 0.23556250000000004 0.005079559074215223
v -0.7499522186257614 0.23307721862576147 -0.003405722300023347
v -0.7524375 0.23556250000000004 -0.011891003674261918
v -0.7584375 0.24156250000000004 -0.015405722300023348
v -0.7644375 0.24756250000000005 -0.011891003674261921
v -0.7366102813742385 0.28036028137423863 0.008247112694127472
v -0.7341249999999999 0.27787500000000004 0.01673239406836604
v -0.7281249999999999 0.27187500000000003 0.020247112694127472
v -0.7221249999999999 0.26587500000000003 0.016732394068366043
v -0.7196397186257614 0.26338971862576144 0.008247112694127473
v -0.7221249999999999 0.26587500000000003 -0.00023816868011109806
v -0.7281249999999999 0.27187500000000003 -0.0037528873058725286
v -0.7341249999999999 0.27787500000000004 -0.00023816868011110152
v -0.7062977813742385 0.31067278137423865 0.012969314140211198
v -0.7038125 0.30818750000000006 0.021454595514449767
v -0.6978125 0.30218750000000005 0.024969314140211196
v -0.6918124999999999 0.29618750000000005 0.021454595514449767
v -0.6893272186257614 0.29370221862576146 0.0129693141402112
v -0.6918124999999999 0.29618750000000005 0.004484032765972628
v -0.6978125 0.30218750000000005 0.0009693141402111975
v -0.7038125 0.30818750000000006 0.0044840327659726245
v -0.6759852813742385 0.3409852813742386 0.006792481341307295
v -0.6735 0.3385 0.015277762715545866
v -0.6675 0.3325 0.018792481341307295
v -0.6615 0.3265 0.015277762715545866
v -0.6590147186257614 0.3240147186257614 0.006792481341307297
v -0.6615 0.3265 -0.0016928000329312744
v -0.6675 0.3325 -0.005207518658692705
v -0.6735 0.3385 -0.0016928000329312779
v -0.6456727813742386 0.3712977813742386 -0.005092555141075445
v -0.6431875 0.3688125 0.0033927262331631246
v -0.6371875 0.3628125 0.006907444858924555
v -0.6311875 0.3568125 0.0033927262331631264
v -0.6287022186257615 0.3543272186257614 -0.005092555141075443
v -0.6311875 0.3568125 -0.013577836515314015
v -0.6371875 0.3628125 -0.017092555141075445
v -0.6431875 0.3688125 -0.013577836515314018
v -0.6153602813742386 0.4016102813742386 -0.012697956457171339
v -0.6128750000000001 0.399125 -0.004212675082932769
v -0.606875 0.393125 -0.0006979564571713386
v -0.600875 0.387125 -0.004212675082932767
v -0.5983897186257615 0.3846397186257614 -0.012697956457171337
v -0.600875 0.387125 -0.021183237831409907
v -0.606875 0.393125 -0.02469795645717134
v -0.6128750000000001 0.399125 -0.021183237831409914
v -0.5850477813742385 0.4319227813742386 -0.009632364629614493
v -0.5825625 0.4294375 -0.0011470832553759237
v -0.5765625 0.4234375 0.002367635370385507
v -0.5705625 0.4174375 -0.001147083255375922
v -0.5680772186257614 0.4149522186257614 -0.009632364629614492
v -0.5705625 0.4174375 -0.018117646003853065
v -0.5765625 0.4234375 -0.021632364629614494
v -0.5825625 0.4294375 -0.018117646003853065
v -0.5547352813742386 0.4622352813742386 0.0015279861669519144
v -0.55225 0.45975 0.010013267541190484
v -0.54625 0.45375 0.013527986166951915
v -0.54025 0.44775 0.010013267541190486
v -0.5377647186257615 0.4452647186257614 0.0015279861669519159
v -0.54025 0.44775 -0.006957295207286655
v -0.54625 0.45375 -0.010472013833048086
v -0.55225 0.45975 -0.006957295207286659
v -0.5244227813742386 0.49254778137423855 0.011404261847484012
v -0.5219375 0.49006249999999996 0.01988954322172258
v -0.5159375 0.48406249999999995 0.023404261847484013
v -0.5099375 0.47806249999999995 0.019889543221722584
v -0.5074522186257615 0.47557721862576136 0.011404261847484014
v -0.5099375 0.47806249999999995 0.0029189804732454427
v -0.5159375 0.48406249999999995 -0.0005957381525159879
v -0.5219375 0.49006249999999996 0.002918980473245439
v -0.4941102813742386 0.5228602813742386 0.011696727692678871
v -0.49162500000000003 0.520375 0.02018200906691744
v -0.48562500000000003 0.514375 0.023696727692678873
v -0.479625 0.508375 0.020182009066917445
v -0.47713971862576143 0.5058897186257615 0.011696727692678873
v -0.479625 0.508375 0.0032114463184403017
v -0.48562500000000003 0.514375 -0.0003032723073211289
v -0.49162500000000003 0.520375 0.003211446318440298
v -0.4637977813742386 0.5531727813742385 0.0021596039158949198
v -0.4613125 0.5506875 0.01064488529013349
v -0.4553125 0.5446875 0.01415960391589492
v -0.4493125 0.5386875 0.010644885290133492
v -0.4468272186257614 0.5362022186257615 0.002159603915894921
v -0.4493125 0.5386875 -0.0063256774583436495
v -0.4553125 0.5446875 -0.00984039608410508
v -0.4613125 0.5506875 -0.006325677458343653
v -0.43348528137423864 0.5834852813742385 -0.00919238815542512
v -0.43100000000000005 0.581 -0.0007071067811865502
v -0.42500000000000004 0.575 0.0028076118445748803
v -0.41900000000000004 0.569 -0.0007071067811865485
v -0.41651471862576145 0.5665147186257614 -0.009192388155425118
v -0.41900000000000004 0.569 -0.017677669529663688
v -0.42500000000000004 0.575 -0.02119238815542512
v -0.43100000000000005 0.581 -0.017677669529663695
v -0.9184852813742385 0.29848528137423885 -0.012363734711837009
v -0.9159999999999999 0.29600000000000026 -0.0038784533375984392
v -0.9099999999999999 0.29000000000000026 -0.0003637347118370087
v -0.9039999999999999 0.28400000000000025 -0.0038784533375984375
v -0.9015147186257614 0.28151471862576166 -0.012363734711837007
v -0.9039999999999999 0.28400000000000025 -0.02084901608607558
v -0.9099999999999999 0.29000000000000026 -0.02436373471183701
v -0.9159999999999999 0.29600000000000026 -0.020849016086075582
v -0.8868186147075718 0.3301519480409055 -0.010102897498940604
v -0.8843333333333333 0.3276666666666669 -0.001617616124702034
v -0.8783333333333333 0.3216666666666669 0.0018971025010593966
v -0.8723333333333333 0.3156666666666669 -0.0016176161247020322
v -0.8698480519590948 0.3131813852924283 -0.010102897498940602
v -0.8723333333333333 0.3156666666666669 -0.01858817887317917
v -0.8783333333333333 0.3216666666666669 -0.022102897498940604
v -0.8843333333333333 0.3276666666666669 -0.01858817887317918
v -0.8551519480409052 0.3618186147075721 0.0013588700224795027
v -0.8526666666666667 0.3593333333333335 0.009844151396718072
v -0.8466666666666667 0.3533333333333335 0.013358870022479503
v -0.8406666666666667 0.3473333333333335 0.009844151396718074
v -0.8381813852924281 0.3448480519590949 0.0013588700224795042
v -0.8406666666666667 0.3473333333333335 -0.007126411351759067
v -0.8466666666666667 0.3533333333333335 -0.010641129977520498
v -0.8526666666666667 0.3593333333333335 -0.007126411351759071
v -0.8234852813742386 0.3934852813742387 0.011583084814448776
v -0.8210000000000001 0.3910000000000001 0.020068366188687348
v -0.8150000000000001 0.3850000000000001 0.023583084814448776
v -0.809 0.3790000000000001 0.020068366188687348
v -0.8065147186257615 0.3765147186257615 0.011583084814448778
v -0.809 0.3790000000000001 0.0030978034402102065
v -0.8150000000000001 0.3850000000000001 -0.00041691518555122403
v -0.8210000000000001 0.3910000000000001 0.003097803440210203
v -0.791818614707572 0.4251519480409054 0.011258330249197717
v -0.7893333333333334 0.4226666666666668 0.019743611623436286
v -0.7833333333333334 0.4166666666666668 0.02325833024919772
v -0.7773333333333334 0.4106666666666668 0.01974361162343629
v -0.7748480519590949 0.4081813852924282 0.011258330249197718
v -0.7773333333333334 0.4106666666666668 0.002773048874959147
v -0.7833333333333334 0.4166666666666668 -0.0007416697508022835
v -0.7893333333333334 0.4226666666666668 0.0027730488749591435
v -0.7601519480409052 0.456818614707572 0.000680367431158229
v -0.7576666666666667 0.4543333333333334 0.009165648805396798
v -0.7516666666666667 0.4483333333333334 0.012680367431158229
v -0.7456666666666667 0.4423333333333334 0.0091656488053968
v -0.7431813852924282 0.4398480519590948 0.0006803674311582305
v -0.7456666666666667 0.4423333333333334 -0.0078049139430803405
v -0.7516666666666667 0.4483333333333334 -0.011319632568841772
v -0.7576666666666667 0.4543333333333334 -0.007804913943080344
v -0.7284852813742387 0.48848528137423863 -0.010517220926874274
v -0.7260000000000002 0.48600000000000004 -0.0020319395526357045
v -0.7200000000000002 0.48000000000000004 0.001482779073125726
v -0.7140000000000002 0.47400000000000003 -0.002031939552635703
v -0.7115147186257617 0.47151471862576144 -0.010517220926874273
v -0.7140000000000002 0.47400000000000003 -0.019002502301112844
v -0.7200000000000002 0.48000000000000004 -0.022517220926874276
v -0.7260000000000002 0.48600000000000004 -0.019002502301112847
v -0.696818614707572 0.5201519480409053 -0.012136545544463655
v -0.6943333333333335 0.5176666666666667 -0.0036512641702250853
v -0.6883333333333335 0.5116666666666667 -0.00013654554446365479
v -0.6823333333333335 0.5056666666666667 -0.0036512641702250836
v -0.6798480519590949 0.5031813852924282 -0.012136545544463653
v -0.6823333333333335 0.5056666666666667 -0.020621826918702225
v -0.6883333333333335 0.5116666666666667 -0.024136545544463657
v -0.6943333333333335 0.5176666666666667 -0.020621826918702228
v -0.6651519480409054 0.5518186147075719 -0.0027028519806308895
v -0.6626666666666668 0.5493333333333333 0.00578242939360768
v -0.6566666666666668 0.5433333333333333 0.00929714801936911
v -0.6506666666666668 0.5373333333333333 0.0057824293936076816
v -0.6481813852924283 0.5348480519590948 -0.002702851980630888
v -0.6506666666666668 0.5373333333333333 -0.01118813335486946
v -0.6566666666666668 0.5433333333333333 -0.01470285198063089
v -0.6626666666666668 0.5493333333333333 -0.011188133354869463
v -0.6334852813742388 0.5834852813742385 0.00919238815542509
v -0.6310000000000002 0.581 0.01767766952966366
v -0.6250000000000002 0.575 0.02119238815542509
v -0.6190000000000002 0.569 0.01767766952966366
v -0.6165147186257617 0.5665147186257614 0.009192388155425092
v -0.6190000000000002 0.569 0.0007071067811865207
v -0.6250000000000002 0.575 -0.00280761184457491
v -0.6310000000000002 0.581 0.0007071067811865173
v -0.9184852813742385 0.4984852813742388 0.012363734711836997
v -0.9159999999999999 0.4960000000000002 0.02084901608607557
v -0.9099999999999999 0.4900000000000002 0.024363734711836997
v -0.9039999999999999 0.4840000000000002 0.02084901608607557
v -0.9015147186257614 0.4815147186257616 0.012363734711836999
v -0.9039999999999999 0.4840000000000002 0.003878453337598427
v -0.9099999999999999 0.4900000000000002 0.00036373471183699657
v -0.9159999999999999 0.4960000000000002 0.0038784533375984236
v -0.8901519480409052 0.526818614707572 0.010902717383290525
v -0.8876666666666667 0.5243333333333334 0.019387998757529095
v -0.8816666666666667 0.5183333333333334 0.022902717383290527
v -0.8756666666666667 0.5123333333333334 0.0193879987575291
v -0.8731813852924282 0.5098480519590949 0.010902717383290527
v -0.8756666666666667 0.5123333333333334 0.0024174360090519556
v -0.8816666666666667 0.5183333333333334 -0.001097282616709475
v -0.8876666666666667 0.5243333333333334 0.002417436009051952
v -0.8618186147075719 0.5551519480409053 0.001358870022479547
v -0.8593333333333334 0.5526666666666668 0.009844151396718117
v -0.8533333333333334 0.5466666666666667 0.013358870022479548
v -0.8473333333333334 0.5406666666666667 0.009844151396718119
v -0.8448480519590948 0.5381813852924282 0.0013588700224795485
v -0.8473333333333334 0.5406666666666667 -0.007126411351759023
v -0.8533333333333334 0.5466666666666667 -0.010641129977520453
v -0.8593333333333334 0.5526666666666668 -0.0071264113517590265
v -0.8334852813742387 0.5834852813742385 -0.009192388155425061
v -0.8310000000000002 0.581 -0.0007071067811864912
v -0.8250000000000002 0.575 0.0028076118445749393
v -0.8190000000000002 0.569 -0.0007071067811864895
v -0.8165147186257616 0.5665147186257614 -0.00919238815542506
v -0.8190000000000002 0.569 -0.017677669529663632
v -0.8250000000000002 0.575 -0.02119238815542506
v -0.8310000000000002 0.581 -0.017677669529663632
vn 0.7071067811865475 0.7071067811865475 0
vn 0.5 0.5 0.7071067811865475
vn 4.329780281177466e-17 4.329780281177466e-17 1
vn -0.4999999999999999 -0.4999999999999999 0.7071067811865476
vn -0.7071067811865475 -0.7071067811865475 1.2246467991473532e-16
vn -0.5000000000000001 -0.5000000000000001 -0.7071067811865475
vn -1.2989340843532398e-16 -1.2989340843532398e-16 -1
vn 0.49999999999999983 0.49999999999999983 -0.7071067811865477
vn 0.7071067811865475 0.7071067811865475 0
vn 0.5 0.5 0.7071067811865475
vn 4.329780281177466e-17 4.329780281177466e-17 1
vn -0.4999999999999999 -0.4999999999999999 0.7071067811865476
vn -0.7071067811865475 -0.7071067811865475 1.2246467991473532e-16
vn -0.5000000000000001 -0.5000000000000001 -0.7071067811865475
vn -1.2989340843532398e-16 -1.2989340843532398e-16 -1
vn 0.49999999999999983 0.49999999999999983 -0.7071067811865477
vn 0.7071067811865475 0.7071067811865475 0
vn 0.5 0.5 0.7071067811865475
vn 4.329780281177466e-17 4.329780281177466e-17 1
vn -0.4999999999999999 -0.4999999999999999 0.7071067811865476
vn -0.7071067811865475 -0.7071067811865475 1.2246467991473532e-16
vn -0.5000000000000001 -0.5000000000000001 -0.7071067811865475
vn -1.2989340843532398e-16 -1.2989340843532398e-16 -1
vn 0.49999999999999983 0.49999999999999983 -0.7071067811865477
vn 0.7071067811865475 0.7071067811865475 0
vn 0.5 0.5 0.7071067811865475
vn 4.329780281177466e-17 4.329780281177466e-17 1
vn -0.4999999999999999 -0.4999999999999999 0.7071067811865476
vn -0.7071067811865475 -0.7071067811865475 1.2246467991473532e-16
vn -0.5000000000000001 -0.5000000000000001 -0.7071067811865475
vn -1.2989340843532398e-16 -1.2989340843532398e-16 -1
vn 0.49999999999999983 0.49999999999999983 -0.7071067811865477
vn 0.7071067811865475 0.7071067811865475 0
vn 0.5 0.5 0.7071067811865475
vn 4.329780281177466e-17 4.329780281177466e-17 1
vn -0.4999999999999999 -0.4999999999999999 0.7071067811865476
vn -0.7071067811865475 -0.7071067811865475 1.2246467991473532e-16
vn -0.5000000000000001 -0.5000000000000001 -0.7071067811865475
vn -1.2989340843532398e-16 -1.2989340843532398e-16 -1
vn 0.49999999999999983 0.49999999999999983 -0.7071067811865477
vn 0.7071067811865475 0.7071067811865475 0
vn 0.5 0.5 0.7071067811865475
vn 4.329780281177466e-17 4.329780281177466e-17 1
vn -0.4999999999999999 -0.4999999999999999 0.7071067811865476
vn -0.7071067811865475 -0.7071067811865475 1.2246467991473532e-16
vn -0.5000000000000001 -0.5000000000000001 -0.7071067811865475
vn -1.2989340843532398e-16 -1.2989340843532398e-16 -1
vn 0.49999999999999983 0.49999999999999983 -0.7071067811865477
vn 0.7071067811865475 0.7071067811865475 0
vn 0.5 0.5 0.7071067811865475
vn 4.329780281177466e-17 4.329780281177466e-17 1
vn -0.4999999999999999 -0.4999999999999999 0.7071067811865476
vn -0.7071067811865475 -0.7071067811865475 1.2246467991473532e-16
vn -0.5000000000000001 -0.5000000000000001 -0.7071067811865475
vn -1.2989340843532398e-16 -1.2989340843532398e-16 -1
vn 0.49999999999999983 0.49999999999999983 -0.7071067811865477
vn 0.7071067811865475 0.7071067811865475 0
vn 0.5 0.5 0.7071067811865475
vn 4.329780281177466e-17 4.329780281177466e-17 1
vn -0.4999999999999999 -0.4999999999999999 0.7071067811865476
vn -0.7071067811865475 -0.7071067811865475 1.2246467991473532e-16
vn -0.5000000000000001 -0.5000000000000001 -0.7071067811865475
vn -1.2989340843532398e-16 -1.2989340843532398e-16 -1
vn 0.49999999999999983 0.49999999999999983 -0.7071067811865477
vn 0.7071067811865475 0.7071067811865475 0
vn 0.5 0.5 0.7071067811865475
vn 4.329780281177466e-17 4.329780281177466e-17 1
vn -0.4999999999999999 -0.4999999999999999 0.7071067811865476
vn -0.7071067811865475 -0.7071067811865475 1.2246467991473532e-16
vn -0.5000000000000001 -0.5000000000000001 -0.7071067811865475
vn -1.2989340843532398e-16 -1.2989340843532398e-16 -1
vn 0.49999999999999983 0.49999999999999983 -0.7071067811865477
vn 0.7071067811865475 0.7071067811865475 0
vn 0.5 0.5 0.7071067811865475
vn 4.329780281177466e-17 4.329780281177466e-17 1
vn -0.4999999999999999 -0.4999999999999999 0.7071067811865476
vn -0.7071067811865475 -0.7071067811865475 1.2246467991473532e-16
vn -0.5000000000000001 -0.5000000000000001 -0.7071067811865475
vn -1.2989340843532398e-16 -1.2989340843532398e-16 -1
vn 0.49999999999999983 0.49999999999999983 -0.7071067811865477
vn 0.7071067811865475 0.7071067811865475 0
vn 0.5 0.5 0.7071067811865475
vn 4.329780281177466e-17 4.329780281177466e-17 1
vn -0.4999999999999999 -0.4999999999999999 0.7071067811865476
vn -0.7071067811865475 -0.7071067811865475 1.2246467991473532e-16
vn -0.5000000000000001 -0.5000000000000001 -0.7071067811865475
vn -1.2989340843532398e-16 -1.2989340843532398e-16 -1
vn 0.49999999999999983 0.49999999999999983 -0.7071067811865477
vn 0.7071067811865475 0.7071067811865475 0
vn 0.5 0.5 0.7071067811865475
vn 4.329780281177466e-17 4.329780281177466e-17 1
vn -0.4999999999999999 -0.4999999999999999 0.7071067811865476
vn -0.7071067811865475 -0.7071067811865475 1.2246467991473532e-16
vn -0.5000000000000001 -0.5000000000000001 -0.7071067811865475
vn -1.2989340843532398e-16 -1.2989340843532398e-16 -1
vn 0.49999999999999983 0.49999999999999983 -0.7071067811865477
vn 0.7071067811865475 0.7071067811865475 0
vn 0.5 0.5 0.7071067811865475
vn 4.329780281177466e-17 4.329780281177466e-17 1
vn -0.4999999999999999 -0.4999999999999999 0.7071067811865476
vn -0.7071067811865475 -0.7071067811865475 1.2246467991473532e-16
vn -0.5000000000000001 -0.5000000000000001 -0.7071067811865475
vn -1.2989340843532398e-16 -1.2989340843532398e-16 -1
vn 0.49999999999999983 0.49999999999999983 -0.7071067811865477
vn 0.7071067811865475 0.7071067811865475 0
vn 0.5 0.5 0.7071067811865475
vn 4.329780281177466e-17 4.329780281177466e-17 1
vn -0.4999999999999999 -0.4999999999999999 0.7071067811865476
vn -0.7071067811865475 -0.7071067811865475 1.2246467991473532e-16
vn -0.5000000000000001 -0.5000000000000001 -0.7071067811865475
vn -1.2989340843532398e-16 -1.2989340843532398e-16 -1
vn 0.49999999999999983 0.49999999999999983 -0.7071067811865477
vn 0.7071067811865475 0.7071067811865475 0
vn 0.5 0.5 0.7071067811865475
vn 4.329780281177466e-17 4.329780281177466e-17 1
vn -0.4999999999999999 -0.4999999999999999 0.7071067811865476
vn -0.7071067811865475 -0.7071067811865475 1.2246467991473532e-16
vn -0.5000000000000001 -0.5000000000000001 -0.7071067811865475
vn -1.2989340843532398e-16 -1.2989340843532398e-16 -1
vn 0.49999999999999983 0.49999999999999983 -0.7071067811865477
vn 0.7071067811865475 0.7071067811865475 0
vn 0.5 0.5 0.7071067811865475
vn 4.329780281177466e-17 4.329780281177466e-17 1
vn -0.4999999999999999 -0.4999999999999999 0.7071067811865476
vn -0.7071067811865475 -0.7071067811865475 1.2246467991473532e-16
vn -0.5000000000000001 -0.5000000000000001 -0.7071067811865475
vn -1.2989340843532398e-16 -1.2989340843532398e-16 -1
vn 0.49999999999999983 0.49999999999999983 -0.7071067811865477
vn 0.7071067811865475 0.7071067811865475 0
vn 0.5 0.5 0.7071067811865475
vn 4.329780281177466e-17 4.329780281177466e-17 1
vn -0.4999999999999999 -0.4999999999999999 0.7071067811865476
vn -0.7071067811865475 -0.7071067811865475 1.2246467991473532e-16
vn -0.5000000000000001 -0.5000000000000001 -0.7071067811865475
vn -1.2989340843532398e-16 -1.2989340843532398e-16 -1
vn 0.49999999999999983 0.49999999999999983 -0.7071067811865477
vn 0.7071067811865475 0.7071067811865475 0
vn 0.5 0.5 0.7071067811865475
vn 4.329780281177466e-17 4.329780281177466e-17 1
vn -0.4999999999999999 -0.4999999999999999 0.7071067811865476
vn -0.7071067811865475 -0.7071067811865475 1.2246467991473532e-16
vn -0.5000000000000001 -0.5000000000000001 -0.7071067811865475
vn -1.2989340843532398e-16 -1.2989340843532398e-16 -1
vn 0.49999999999999983 0.49999999999999983 -0.7071067811865477
vn 0.7071067811865475 0.7071067811865475 0
vn 0.5 0.5 0.7071067811865475
vn 4.329780281177466e-17 4.329780281177466e-17 1
vn -0.4999999999999999 -0.4999999999999999 0.7071067811865476
vn -0.7071067811865475 -0.7071067811865475 1.2246467991473532e-16
vn -0.5000000000000001 -0.5000000000000001 -0.7071067811865475
vn -1.2989340843532398e-16 -1.2989340843532398e-16 -1
vn 0.49999999999999983 0.49999999999999983 -0.7071067811865477
vn 0.7071067811865475 0.7071067811865475 0
vn 0.5 0.5 0.7071067811865475
vn 4.329780281177466e-17 4.329780281177466e-17 1
vn -0.4999999999999999 -0.4999999999999999 0.7071067811865476
vn -0.7071067811865475 -0.7071067811865475 1.2246467991473532e-16
vn -0.5000000000000001 -0.5000000000000001 -0.7071067811865475
vn -1.2989340843532398e-16 -1.2989340843532398e-16 -1
vn 0.49999999999999983 0.49999999999999983 -0.7071067811865477
vn 0.7071067811865475 0.7071067811865475 0
vn 0.5 0.5 0.7071067811865475
vn 4.329780281177466e-17 4.329780281177466e-17 1
vn -0.4999999999999999 -0.4999999999999999 0.7071067811865476
vn -0.7071067811865475 -0.7071067811865475 1.2246467991473532e-16
vn -0.5000000000000001 -0.5000000000000001 -0.7071067811865475
vn -1.2989340843532398e-16 -1.2989340843532398e-16 -1
vn 0.49999999999999983 0.49999999999999983 -0.7071067811865477
vn 0.7071067811865475 0.7071067811865475 0
vn 0.5 0.5 0.7071067811865475
vn 4.329780281177466e-17 4.329780281177466e-17 1
vn -0.4999999999999999 -0.4999999999999999 0.7071067811865476
vn -0.7071067811865475 -0.7071067811865475 1.2246467991473532e-16
vn -0.5000000000000001 -0.5000000000000001 -0.7071067811865475
vn -1.2989340843532398e-16 -1.2989340843532398e-16 -1
vn 0.49999999999999983 0.49999999999999983 -0.7071067811865477
vn 0.7071067811865475 0.7071067811865475 0
vn 0.5 0.5 0.7071067811865475
vn 4.329780281177466e-17 4.329780281177466e-17 1
vn -0.4999999999999999 -0.4999999999999999 0.7071067811865476
vn -0.7071067811865475 -0.7071067811865475 1.2246467991473532e-16
vn -0.5000000000000001 -0.5000000000000001 -0.7071067811865475
vn -1.2989340843532398e-16 -1.2989340843532398e-16 -1
vn 0.49999999999999983 0.49999999999999983 -0.7071067811865477
vn 0.7071067811865475 0.7071067811865475 0
vn 0.5 0.5 0.7071067811865475
vn 4.329780281177466e-17 4.329780281177466e-17 1
vn -0.4999999999999999 -0.4999999999999999 0.7071067811865476
vn -0.7071067811865475 -0.7071067811865475 1.2246467991473532e-16
vn -0.5000000000000001 -0.5000000000000001 -0.7071067811865475
vn -1.2989340843532398e-16 -1.2989340843532398e-16 -1
vn 0.49999999999999983 0.49999999999999983 -0.7071067811865477
vn 0.7071067811865475 0.7071067811865475 0
vn 0.5 0.5 0.7071067811865475
vn 4.329780281177466e-17 4.329780281177466e-17 1
vn -0.4999999999999999 -0.4999999999999999 0.7071067811865476
vn -0.7071067811865475 -0.7071067811865475 1.2246467991473532e-16
vn -0.5000000000000001 -0.5000000000000001 -0.7071067811865475
vn -1.2989340843532398e-16 -1.2989340843532398e-16 -1
vn 0.49999999999999983 0.49999999999999983 -0.7071067811865477
vn 0.7071067811865475 0.7071067811865475 0
vn 0.5 0.5 0.7071067811865475
vn 4.329780281177466e-17 4.329780281177466e-17 1
vn -0.4999999999999999 -0.4999999999999999 0.7071067811865476
vn -0.7071067811865475 -0.7071067811865475 1.2246467991473532e-16
vn -0.5000000000000001 -0.5000000000000001 -0.7071067811865475
vn -1.2989340843532398e-16 -1.2989340843532398e-16 -1
vn 0.49999999999999983 0.49999999999999983 -0.7071067811865477
vn 0.7071067811865475 0.7071067811865475 0
vn 0.5 0.5 0.7071067811865475
vn 4.329780281177466e-17 4.329780281177466e-17 1
vn -0.4999999999999999 -0.4999999999999999 0.7071067811865476
vn -0.7071067811865475 -0.7071067811865475 1.2246467991473532e-16
vn -0.5000000000000001 -0.5000000000000001 -0.7071067811865475
vn -1.2989340843532398e-16 -1.2989340843532398e-16 -1
vn 0.49999999999999983 0.49999999999999983 -0.7071067811865477
vn 0.7071067811865475 0.7071067811865475 0
vn 0.5 0.5 0.7071067811865475
vn 4.329780281177466e-17 4.329780281177466e-17 1
vn -0.4999999999999999 -0.4999999999999999 0.7071067811865476
vn -0.7071067811865475 -0.7071067811865475 1.2246467991473532e-16
vn -0.5000000000000001 -0.5000000000000001 -0.7071067811865475
vn -1.2989340843532398e-16 -1.2989340843532398e-16 -1
vn 0.49999999999999983 0.49999999999999983 -0.7071067811865477
vn 0.7071067811865475 0.7071067811865475 0
vn 0.5 0.5 0.7071067811865475
vn 4.329780281177466e-17 4.329780281177466e-17 1
vn -0.4999999999999999 -0.4999999999999999 0.7071067811865476
vn -0.7071067811865475 -0.7071067811865475 1.2246467991473532e-16
vn -0.5000000000000001 -0.5000000000000001 -0.7071067811865475
vn -1.2989340843532398e-16 -1.2989340843532398e-16 -1
vn 0.49999999999999983 0.49999999999999983 -0.7071067811865477
vn 0.7071067811865475 0.7071067811865475 0
vn 0.5 0.5 0.7071067811865475
vn 4.329780281177466e-17 4.329780281177466e-17 1
vn -0.4999999999999999 -0.4999999999999999 0.7071067811865476
vn -0.7071067811865475 -0.7071067811865475 1.2246467991473532e-16
vn -0.5000000000000001 -0.5000000000000001 -0.7071067811865475
vn -1.2989340843532398e-16 -1.2989340843532398e-16 -1
vn 0.49999999999999983 0.49999999999999983 -0.7071067811865477
vn 0.7071067811865475 0.7071067811865475 0
vn 0.5 0.5 0.7071067811865475
vn 4.329780281177466e-17 4.329780281177466e-17 1
vn -0.4999999999999999 -0.4999999999999999 0.7071067811865476
vn -0.7071067811865475 -0.7071067811865475 1.2246467991473532e-16
vn -0.5000000000000001 -0.5000000000000001 -0.7071067811865475
vn -1.2989340843532398e-16 -1.2989340843532398e-16 -1
vn 0.49999999999999983 0.49999999999999983 -0.7071067811865477
vn 0.7071067811865475 0.7071067811865475 0
vn 0.5 0.5 0.7071067811865475
vn 4.329780281177466e-17 4.329780281177466e-17 1
vn -0.4999999999999999 -0.4999999999999999 0.7071067811865476
vn -0.7071067811865475 -0.7071067811865475 1.2246467991473532e-16
vn -0.5000000000000001 -0.5000000000000001 -0.7071067811865475
vn -1.2989340843532398e-16 -1.2989340843532398e-16 -1
vn 0.49999999999999983 0.49999999999999983 -0.7071067811865477
vn 0.7071067811865475 0.7071067811865475 0
vn 0.5 0.5 0.7071067811865475
vn 4.329780281177466e-17 4.329780281177466e-17 1
vn -0.4999999999999999 -0.4999999999999999 0.7071067811865476
vn -0.7071067811865475 -0.7071067811865475 1.2246467991473532e-16
vn -0.5000000000000001 -0.5000000000000001 -0.7071067811865475
vn -1.2989340843532398e-16 -1.2989340843532398e-16 -1
vn 0.49999999999999983 0.49999999999999983 -0.7071067811865477
vn 0.7071067811865475 0.7071067811865475 0
vn 0.5 0.5 0.7071067811865475
vn 4.329780281177466e-17 4.329780281177466e-17 1
vn -0.4999999999999999 -0.4999999999999999 0.7071067811865476
vn -0.7071067811865475 -0.7071067811865475 1.2246467991473532e-16
vn -0.5000000000000001 -0.5000000000000001 -0.7071067811865475
vn -1.2989340843532398e-16 -1.2989340843532398e-16 -1
vn 0.49999999999999983 0.49999999999999983 -0.7071067811865477
vn 0.7071067811865475 0.7071067811865475 0
vn 0.5 0.5 0.7071067811865475
vn 4.329780281177466e-17 4.329780281177466e-17 1
vn -0.4999999999999999 -0.4999999999999999 0.7071067811865476
vn -0.7071067811865475 -0.7071067811865475 1.2246467991473532e-16
vn -0.5000000000000001 -0.5000000000000001 -0.7071067811865475
vn -1.2989340843532398e-16 -1.2989340843532398e-16 -1
vn 0.49999999999999983 0.49999999999999983 -0.7071067811865477
vn 0.7071067811865475 0.7071067811865475 0
vn 0.5 0.5 0.7071067811865475
vn 4.329780281177466e-17 4.329780281177466e-17 1
vn -0.4999999999999999 -0.4999999999999999 0.7071067811865476
vn -0.7071067811865475 -0.7071067811865475 1.2246467991473532e-16
vn -0.5000000000000001 -0.5000000000000001 -0.7071067811865475
vn -1.2989340843532398e-16 -1.2989340843532398e-16 -1
vn 0.49999999999999983 0.49999999999999983 -0.7071067811865477
vn 0.7071067811865475 0.7071067811865475 0
vn 0.5 0.5 0.7071067811865475
vn 4.329780281177466e-17 4.329780281177466e-17 1
vn -0.4999999999999999 -0.4999999999999999 0.7071067811865476
vn -0.7071067811865475 -0.7071067811865475 1.2246467991473532e-16
vn -0.5000000000000001 -0.5000000000000001 -0.7071067811865475
vn -1.2989340843532398e-16 -1.2989340843532398e-16 -1
vn 0.49999999999999983 0.49999999999999983 -0.7071067811865477
vn 0.7071067811865475 0.7071067811865475 0
vn 0.5 0.5 0.7071067811865475
vn 4.329780281177466e-17 4.329780281177466e-17 1
vn -0.4999999999999999 -0.4999999999999999 0.7071067811865476
vn -0.7071067811865475 -0.7071067811865475 1.2246467991473532e-16
vn -0.5000000000000001 -0.5000000000000001 -0.7071067811865475
vn -1.2989340843532398e-16 -1.2989340843532398e-16 -1
vn 0.49999999999999983 0.49999999999999983 -0.7071067811865477
vn 0.7071067811865475 0.7071067811865475 0
vn 0.5 0.5 0.7071067811865475
vn 4.329780281177466e-17 4.329780281177466e-17 1
vn -0.4999999999999999 -0.4999999999999999 0.7071067811865476
vn -0.7071067811865475 -0.7071067811865475 1.2246467991473532e-16
vn -0.5000000000000001 -0.5000000000000001 -0.7071067811865475
vn -1.2989340843532398e-16 -1.2989340843532398e-16 -1
vn 0.49999999999999983 0.49999999999999983 -0.7071067811865477
vn 0.7071067811865475 0.7071067811865475 0
vn 0.5 0.5 0.7071067811865475
vn 4.329780281177466e-17 4.329780281177466e-17 1
vn -0.4999999999999999 -0.4999999999999999 0.7071067811865476
vn -0.7071067811865475 -0.7071067811865475 1.2246467991473532e-16
vn -0.5000000000000001 -0.5000000000000001 -0.7071067811865475
vn -1.2989340843532398e-16 -1.2989340843532398e-16 -1
vn 0.49999999999999983 0.49999999999999983 -0.7071067811865477
vn 0.7071067811865475 0.7071067811865475 0
vn 0.5 0.5 0.7071067811865475
vn 4.329780281177466e-17 4.329780281177466e-17 1
vn -0.4999999999999999 -0.4999999999999999 0.7071067811865476
vn -0.7071067811865475 -0.7071067811865475 1.2246467991473532e-16
vn -0.5000000000000001 -0.5000000000000001 -0.7071067811865475
vn -1.2989340843532398e-16 -1.2989340843532398e-16 -1
vn 0.49999999999999983 0.49999999999999983 -0.7071067811865477
vn 0.7071067811865475 0.7071067811865475 0
vn 0.5 0.5 0.7071067811865475
vn 4.329780281177466e-17 4.329780281177466e-17 1
vn -0.4999999999999999 -0.4999999999999999 0.7071067811865476
vn -0.7071067811865475 -0.7071067811865475 1.2246467991473532e-16
vn -0.5000000000000001 -0.5000000000000001 -0.7071067811865475
vn -1.2989340843532398e-16 -1.2989340843532398e-16 -1
vn 0.49999999999999983 0.49999999999999983 -0.7071067811865477
vn 0.7071067811865475 0.7071067811865475 0
vn 0.5 0.5 0.7071067811865475
vn 4.329780281177466e-17 4.329780281177466e-17 1
vn -0.4999999999999999 -0.4999999999999999 0.7071067811865476
vn -0.7071067811865475 -0.7071067811865475 1.2246467991473532e-16
vn -0.5000000000000001 -0.5000000000000001 -0.7071067811865475
vn -1.2989340843532398e-16 -1.2989340843532398e-16 -1
vn 0.49999999999999983 0.49999999999999983 -0.7071067811865477
vn 0.7071067811865475 0.7071067811865475 0
vn 0.5 0.5 0.7071067811865475
vn 4.329780281177466e-17 4.329780281177466e-17 1
vn -0.4999999999999999 -0.4999999999999999 0.7071067811865476
vn -0.7071067811865475 -0.7071067811865475 1.2246467991473532e-16
vn -0.5000000000000001 -0.5000000000000001 -0.7071067811865475
vn -1.2989340843532398e-16 -1.2989340843532398e-16 -1
vn 0.49999999999999983 0.49999999999999983 -0.7071067811865477
vn 0.7071067811865475 0.7071067811865475 0
vn 0.5 0.5 0.7071067811865475
vn 4.329780281177466e-17 4.329780281177466e-17 1
vn -0.4999999999999999 -0.4999999999999999 0.7071067811865476
vn -0.7071067811865475 -0.7071067811865475 1.2246467991473532e-16
vn -0.5000000000000001 -0.5000000000000001 -0.7071067811865475
vn -1.2989340843532398e-16 -1.2989340843532398e-16 -1
vn 0.49999999999999983 0.49999999999999983 -0.7071067811865477
vn 0.7071067811865475 0.7071067811865475 0
vn 0.5 0.5 0.7071067811865475
vn 4.329780281177466e-17 4.329780281177466e-17 1
vn -0.4999999999999999 -0.4999999999999999 0.7071067811865476
vn -0.7071067811865475 -0.7071067811865475 1.2246467991473532e-16
vn -0.5000000000000001 -0.5000000000000001 -0.7071067811865475
vn -1.2989340843532398e-16 -1.2989340843532398e-16 -1
vn 0.49999999999999983 0.49999999999999983 -0.7071067811865477
vn 0.7071067811865475 0.7071067811865475 0
vn 0.5 0.5 0.7071067811865475
vn 4.329780281177466e-17 4.329780281177466e-17 1
vn -0.4999999999999999 -0.4999999999999999 0.7071067811865476
vn -0.7071067811865475 -0.7071067811865475 1.2246467991473532e-16
vn -0.5000000000000001 -0.5000000000000001 -0.7071067811865475
vn -1.2989340843532398e-16 -1.2989340843532398e-16 -1
vn 0.49999999999999983 0.49999999999999983 -0.7071067811865477
vn 0.7071067811865475 0.7071067811865475 0
vn 0.5 0.5 0.7071067811865475
vn 4.329780281177466e-17 4.329780281177466e-17 1
vn -0.4999999999999999 -0.4999999999999999 0.7071067811865476
vn -0.7071067811865475 -0.7071067811865475 1.2246467991473532e-16
vn -0.5000000000000001 -0.5000000000000001 -0.7071067811865475
vn -1.2989340843532398e-16 -1.2989340843532398e-16 -1
vn 0.49999999999999983 0.49999999999999983 -0.7071067811865477
vn 0.7071067811865475 0.7071067811865475 0
vn 0.5 0.5 0.7071067811865475
vn 4.329780281177466e-17 4.329780281177466e-17 1
vn -0.4999999999999999 -0.4999999999999999 0.7071067811865476
vn -0.7071067811865475 -0.7071067811865475 1.2246467991473532e-16
vn -0.5000000000000001 -0.5000000000000001 -0.7071067811865475
vn -1.2989340843532398e-16 -1.2989340843532398e-16 -1
vn 0.49999999999999983 0.49999999999999983 -0.7071067811865477
vn 0.7071067811865475 0.7071067811865475 0
vn 0.5 0.5 0.7071067811865475
vn 4.329780281177466e-17 4.329780281177466e-17 1
vn -0.4999999999999999 -0.4999999999999999 0.7071067811865476
vn -0.7071067811865475 -0.7071067811865475 1.2246467991473532e-16
vn -0.5000000000000001 -0.5000000000000001 -0.7071067811865475
vn -1.2989340843532398e-16 -1.2989340843532398e-16 -1
vn 0.49999999999999983 0.49999999999999983 -0.7071067811865477
vn 0.7071067811865475 0.7071067811865475 0
vn 0.5 0.5 0.7071067811865475
vn 4.329780281177466e-17 4.329780281177466e-17 1
vn -0.4999999999999999 -0.4999999999999999 0.7071067811865476
vn -0.7071067811865475 -0.7071067811865475 1.2246467991473532e-16
vn -0.5000000000000001 -0.5000000000000001 -0.7071067811865475
vn -1.2989340843532398e-16 -1.2989340843532398e-16 -1
vn 0.49999999999999983 0.49999999999999983 -0.7071067811865477
vn 0.7071067811865475 0.7071067811865475 0
vn 0.5 0.5 0.7071067811865475
vn 4.329780281177466e-17 4.329780281177466e-17 1
vn -0.4999999999999999 -0.4999999999999999 0.7071067811865476
vn -0.7071067811865475 -0.7071067811865475 1.2246467991473532e-16
vn -0.5000000000000001 -0.5000000000000001 -0.7071067811865475
vn -1.2989340843532398e-16 -1.2989340843532398e-16 -1
vn 0.49999999999999983 0.49999999999999983 -0.7071067811865477
vn 0.7071067811865475 0.7071067811865475 0
vn 0.5 0.5 0.7071067811865475
vn 4.329780281177466e-17 4.329780281177466e-17 1
vn -0.4999999999999999 -0.4999999999999999 0.7071067811865476
vn -0.7071067811865475 -0.7071067811865475 1.2246467991473532e-16
vn -0.5000000000000001 -0.5000000000000001 -0.7071067811865475
vn -1.2989340843532398e-16 -1.2989340843532398e-16 -1
vn 0.49999999999999983 0.49999999999999983 -0.7071067811865477
vn 0.7071067811865475 0.7071067811865475 0
vn 0.5 0.5 0.7071067811865475
vn 4.329780281177466e-17 4.329780281177466e-17 1
vn -0.4999999999999999 -0.4999999999999999 0.7071067811865476
vn -0.7071067811865475 -0.7071067811865475 1.2246467991473532e-16
vn -0.5000000000000001 -0.5000000000000001 -0.7071067811865475
vn -1.2989340843532398e-16 -1.2989340843532398e-16 -1
vn 0.49999999999999983 0.49999999999999983 -0.7071067811865477
vn 0.7071067811865475 0.7071067811865475 0
vn 0.5 0.5 0.7071067811865475
vn 4.329780281177466e-17 4.329780281177466e-17 1
vn -0.4999999999999999 -0.4999999999999999 0.7071067811865476
vn -0.7071067811865475 -0.7071067811865475 1.2246467991473532e-16
vn -0.5000000000000001 -0.5000000000000001 -0.7071067811865475
vn -1.2989340843532398e-16 -1.2989340843532398e-16 -1
vn 0.49999999999999983 0.49999999999999983 -0.7071067811865477
vn 0.7071067811865475 0.7071067811865475 0
vn 0.5 0.5 0.7071067811865475
vn 4.329780281177466e-17 4.329780281177466e-17 1
vn -0.4999999999999999 -0.4999999999999999 0.7071067811865476
vn -0.7071067811865475 -0.7071067811865475 1.2246467991473532e-16
vn -0.5000000000000001 -0.5000000000000001 -0.7071067811865475
vn -1.2989340843532398e-16 -1.2989340843532398e-16 -1
vn 0.49999999999999983 0.49999999999999983 -0.7071067811865477
vn 0.7071067811865475 0.7071067811865475 0
vn 0.5 0.5 0.7071067811865475
vn 4.329780281177466e-17 4.329780281177466e-17 1
vn -0.4999999999999999 -0.4999999999999999 0.7071067811865476
vn -0.7071067811865475 -0.7071067811865475 1.2246467991473532e-16
vn -0.5000000000000001 -0.5000000000000001 -0.7071067811865475
vn -1.2989340843532398e-16 -1.2989340843532398e-16 -1
vn 0.49999999999999983 0.49999999999999983 -0.7071067811865477
vn 0.7071067811865475 0.7071067811865475 0
vn 0.5 0.5 0.7071067811865475
vn 4.329780281177466e-17 4.329780281177466e-17 1
vn -0.4999999999999999 -0.4999999999999999 0.7071067811865476
vn -0.7071067811865475 -0.7071067811865475 1.2246467991473532e-16
vn -0.5000000000000001 -0.5000000000000001 -0.7071067811865475
vn -1.2989340843532398e-16 -1.2989340843532398e-16 -1
vn 0.49999999999999983 0.49999999999999983 -0.7071067811865477
vn 0.7071067811865475 0.7071067811865475 0
vn 0.5 0.5 0.7071067811865475
vn 4.329780281177466e-17 4.329780281177466e-17 1
vn -0.4999999999999999 -0.4999999999999999 0.7071067811865476
vn -0.7071067811865475 -0.7071067811865475 1.2246467991473532e-16
vn -0.5000000000000001 -0.5000000000000001 -0.7071067811865475
vn -1.2989340843532398e-16 -1.2989340843532398e-16 -1
vn 0.49999999999999983 0.49999999999999983 -0.7071067811865477
vn 0.7071067811865475 0.7071067811865475 0
vn 0.5 0.5 0.7071067811865475
vn 4.329780281177466e-17 4.329780281177466e-17 1
vn -0.4999999999999999 -0.4999999999999999 0.7071067811865476
vn -0.7071067811865475 -0.7071067811865475 1.2246467991473532e-16
vn -0.5000000000000001 -0.5000000000000001 -0.7071067811865475
vn -1.2989340843532398e-16 -1.2989340843532398e-16 -1
vn 0.49999999999999983 0.49999999999999983 -0.7071067811865477
vn 0.7071067811865475 0.7071067811865475 0
vn 0.5 0.5 0.7071067811865475
vn 4.329780281177466e-17 4.329780281177466e-17 1
vn -0.4999999999999999 -0.4999999999999999 0.7071067811865476
vn -0.7071067811865475 -0.7071067811865475 1.2246467991473532e-16
vn -0.5000000000000001 -0.5000000000000001 -0.7071067811865475
vn -1.2989340843532398e-16 -1.2989340843532398e-16 -1
vn 0.49999999999999983 0.49999999999999983 -0.7071067811865477
vn 0.7071067811865475 0.7071067811865475 0
vn 0.5 0.5 0.7071067811865475
vn 4.329780281177466e-17 4.329780281177466e-17 1
vn -0.4999999999999999 -0.4999999999999999 0.7071067811865476
vn -0.7071067811865475 -0.7071067811865475 1.2246467991473532e-16
vn -0.5000000000000001 -0.5000000000000001 -0.7071067811865475
vn -1.2989340843532398e-16 -1.2989340843532398e-16 -1
vn 0.49999999999999983 0.49999999999999983 -0.7071067811865477
vn 0.7071067811865475 0.7071067811865475 0
vn 0.5 0.5 0.7071067811865475
vn 4.329780281177466e-17 4.329780281177466e-17 1
vn -0.4999999999999999 -0.4999999999999999 0.7071067811865476
vn -0.7071067811865475 -0.7071067811865475 1.2246467991473532e-16
vn -0.5000000000000001 -0.5000000000000001 -0.7071067811865475
vn -1.2989340843532398e-16 -1.2989340843532398e-16 -1
vn 0.49999999999999983 0.49999999999999983 -0.7071067811865477
vn 0.7071067811865475 0.7071067811865475 0
vn 0.5 0.5 0.7071067811865475
vn 4.329780281177466e-17 4.329780281177466e-17 1
vn -0.4999999999999999 -0.4999999999999999 0.7071067811865476
vn -0.7071067811865475 -0.7071067811865475 1.2246467991473532e-16
vn -0.5000000000000001 -0.5000000000000001 -0.7071067811865475
vn -1.2989340843532398e-16 -1.2989340843532398e-16 -1
vn 0.49999999999999983 0.49999999999999983 -0.7071067811865477
vn 0.7071067811865475 0.7071067811865475 0
vn 0.5 0.5 0.7071067811865475
vn 4.329780281177466e-17 4.329780281177466e-17 1
vn -0.4999999999999999 -0.4999999999999999 0.7071067811865476
vn -0.7071067811865475 -0.7071067811865475 1.2246467991473532e-16
vn -0.5000000000000001 -0.5000000000000001 -0.7071067811865475
vn -1.2989340843532398e-16 -1.2989340843532398e-16 -1
vn 0.49999999999999983 0.49999999999999983 -0.7071067811865477
vn 0.7071067811865475 0.7071067811865475 0
vn 0.5 0.5 0.7071067811865475
vn 4.329780281177466e-17 4.329780281177466e-17 1
vn -0.4999999999999999 -0.4999999999999999 0.7071067811865476
vn -0.7071067811865475 -0.7071067811865475 1.2246467991473532e-16
vn -0.5000000000000001 -0.5000000000000001 -0.7071067811865475
vn -1.2989340843532398e-16 -1.2989340843532398e-16 -1
vn 0.49999999999999983 0.49999999999999983 -0.7071067811865477
vn 0.7071067811865475 0.7071067811865475 0
vn 0.5 0.5 0.7071067811865475
vn 4.329780281177466e-17 4.329780281177466e-17 1
vn -0.4999999999999999 -0.4999999999999999 0.7071067811865476
vn -0.7071067811865475 -0.7071067811865475 1.2246467991473532e-16
vn -0.5000000000000001 -0.5000000000000001 -0.7071067811865475
vn -1.2989340843532398e-16 -1.2989340843532398e-16 -1
vn 0.49999999999999983 0.49999999999999983 -0.7071067811865477
vn 0.7071067811865475 0.7071067811865475 0
vn 0.5 0.5 0.7071067811865475
vn 4.329780281177466e-17 4.329780281177466e-17 1
vn -0.4999999999999999 -0.4999999999999999 0.7071067811865476
vn -0.7071067811865475 -0.7071067811865475 1.2246467991473532e-16
vn -0.5000000000000001 -0.5000000000000001 -0.7071067811865475
vn -1.2989340843532398e-16 -1.2989340843532398e-16 -1
vn 0.49999999999999983 0.49999999999999983 -0.7071067811865477
vn 0.7071067811865475 0.7071067811865475 0
vn 0.5 0.5 0.7071067811865475
vn 4.329780281177466e-17 4.329780281177466e-17 1
vn -0.4999999999999999 -0.4999999999999999 0.7071067811865476
vn -0.7071067811865475 -0.7071067811865475 1.2246467991473532e-16
vn -0.5000000000000001 -0.5000000000000001 -0.7071067811865475
vn -1.2989340843532398e-16 -1.2989340843532398e-16 -1
vn 0.49999999999999983 0.49999999999999983 -0.7071067811865477
vn 0.7071067811865475 0.7071067811865475 0
vn 0.5 0.5 0.7071067811865475
vn 4.329780281177466e-17 4.329780281177466e-17 1
vn -0.4999999999999999 -0.4999999999999999 0.7071067811865476
vn -0.7071067811865475 -0.7071067811865475 1.2246467991473532e-16
vn -0.5000000000000001 -0.5000000000000001 -0.7071067811865475
vn -1.2989340843532398e-16 -1.2989340843532398e-16 -1
vn 0.49999999999999983 0.49999999999999983 -0.7071067811865477
vn 0.7071067811865475 0.7071067811865475 0
vn 0.5 0.5 0.7071067811865475
vn 4.329780281177466e-17 4.329780281177466e-17 1
vn -0.4999999999999999 -0.4999999999999999 0.7071067811865476
vn -0.7071067811865475 -0.7071067811865475 1.2246467991473532e-16
vn -0.5000000000000001 -0.5000000000000001 -0.7071067811865475
vn -1.2989340843532398e-16 -1.2989340843532398e-16 -1
vn 0.49999999999999983 0.49999999999999983 -0.7071067811865477
vn 0.7071067811865475 0.7071067811865475 0
vn 0.5 0.5 0.7071067811865475
vn 4.329780281177466e-17 4.329780281177466e-17 1
vn -0.4999999999999999 -0.4999999999999999 0.7071067811865476
vn -0.7071067811865475 -0.7071067811865475 1.2246467991473532e-16
vn -0.5000000000000001 -0.5000000000000001 -0.7071067811865475
vn -1.2989340843532398e-16 -1.2989340843532398e-16 -1
vn 0.49999999999999983 0.49999999999999983 -0.7071067811865477
vn 0.7071067811865475 0.7071067811865475 0
vn 0.5 0.5 0.7071067811865475
vn 4.329780281177466e-17 4.329780281177466e-17 1
vn -0.4999999999999999 -0.4999999999999999 0.7071067811865476
vn -0.7071067811865475 -0.7071067811865475 1.2246467991473532e-16
vn -0.5000000000000001 -0.5000000000000001 -0.7071067811865475
vn -1.2989340843532398e-16 -1.2989340843532398e-16 -1
vn 0.49999999999999983 0.49999999999999983 -0.7071067811865477
vn 0.7071067811865475 0.7071067811865475 0
vn 0.5 0.5 0.7071067811865475
vn 4.329780281177466e-17 4.329780281177466e-17 1
vn -0.4999999999999999 -0.4999999999999999 0.7071067811865476
vn -0.7071067811865475 -0.7071067811865475 1.2246467991473532e-16
vn -0.5000000000000001 -0.5000000000000001 -0.7071067811865475
vn -1.2989340843532398e-16 -1.2989340843532398e-16 -1
vn 0.49999999999999983 0.49999999999999983 -0.7071067811865477
vn 0.7071067811865475 0.7071067811865475 0
vn 0.5 0.5 0.7071067811865475
vn 4.329780281177466e-17 4.329780281177466e-17 1
vn -0.4999999999999999 -0.4999999999999999 0.7071067811865476
vn -0.7071067811865475 -0.7071067811865475 1.2246467991473532e-16
vn -0.5000000000000001 -0.5000000000000001 -0.7071067811865475
vn -1.2989340843532398e-16 -1.2989340843532398e-16 -1
vn 0.49999999999999983 0.49999999999999983 -0.7071067811865477
vn 0.7071067811865475 0.7071067811865475 0
vn 0.5 0.5 0.7071067811865475
vn 4.329780281177466e-17 4.329780281177466e-17 1
vn -0.4999999999999999 -0.4999999999999999 0.7071067811865476
vn -0.7071067811865475 -0.7071067811865475 1.2246467991473532e-16
vn -0.5000000000000001 -0.5000000000000001 -0.7071067811865475
vn -1.2989340843532398e-16 -1.2989340843532398e-16 -1
vn 0.49999999999999983 0.49999999999999983 -0.7071067811865477
vn 0.7071067811865475 0.7071067811865475 0
vn 0.5 0.5 0.7071067811865475
vn 4.329780281177466e-17 4.329780281177466e-17 1
vn -0.4999999999999999 -0.4999999999999999 0.7071067811865476
vn -0.7071067811865475 -0.7071067811865475 1.2246467991473532e-16
vn -0.5000000000000001 -0.5000000000000001 -0.7071067811865475
vn -1.2989340843532398e-16 -1.2989340843532398e-16 -1
vn 0.49999999999999983 0.49999999999999983 -0.7071067811865477
vn 0.7071067811865475 0.7071067811865475 0
vn 0.5 0.5 0.7071067811865475
vn 4.329780281177466e-17 4.329780281177466e-17 1
vn -0.4999999999999999 -0.4999999999999999 0.7071067811865476
vn -0.7071067811865475 -0.7071067811865475 1.2246467991473532e-16
vn -0.5000000000000001 -0.5000000000000001 -0.7071067811865475
vn -1.2989340843532398e-16 -1.2989340843532398e-16 -1
vn 0.49999999999999983 0.49999999999999983 -0.7071067811865477
vn 0.7071067811865475 0.7071067811865475 0
vn 0.5 0.5 0.7071067811865475
vn 4.329780281177466e-17 4.329780281177466e-17 1
vn -0.4999999999999999 -0.4999999999999999 0.7071067811865476
vn -0.7071067811865475 -0.7071067811865475 1.2246467991473532e-16
vn -0.5000000000000001 -0.5000000000000001 -0.7071067811865475
vn -1.2989340843532398e-16 -1.2989340843532398e-16 -1
vn 0.49999999999999983 0.49999999999999983 -0.7071067811865477
vn 0.7071067811865475 0.7071067811865475 0
vn 0.5 0.5 0.7071067811865475
vn 4.329780281177466e-17 4.329780281177466e-17 1
vn -0.4999999999999999 -0.4999999999999999 0.7071067811865476
vn -0.7071067811865475 -0.7071067811865475 1.2246467991473532e-16
vn -0.5000000000000001 -0.5000000000000001 -0.7071067811865475
vn -1.2989340843532398e-16 -1.2989340843532398e-16 -1
vn 0.49999999999999983 0.49999999999999983 -0.7071067811865477
vn 0.7071067811865475 0.7071067811865475 0
vn 0.5 0.5 0.7071067811865475
vn 4.329780281177466e-17 4.329780281177466e-17 1
vn -0.4999999999999999 -0.4999999999999999 0.7071067811865476
vn -0.7071067811865475 -0.7071067811865475 1.2246467991473532e-16
vn -0.5000000000000001 -0.5000000000000001 -0.7071067811865475
vn -1.2989340843532398e-16 -1.2989340843532398e-16 -1
vn 0.49999999999999983 0.49999999999999983 -0.7071067811865477
vn 0.7071067811865475 0.7071067811865475 0
vn 0.5 0.5 0.7071067811865475
vn 4.329780281177466e-17 4.329780281177466e-17 1
vn -0.4999999999999999 -0.4999999999999999 0.7071067811865476
vn -0.7071067811865475 -0.7071067811865475 1.2246467991473532e-16
vn -0.5000000000000001 -0.5000000000000001 -0.7071067811865475
vn -1.2989340843532398e-16 -1.2989340843532398e-16 -1
vn 0.49999999999999983 0.49999999999999983 -0.7071067811865477
vn 0.7071067811865475 0.7071067811865475 0
vn 0.5 0.5 0.7071067811865475
vn 4.329780281177466e-17 4.329780281177466e-17 1
vn -0.4999999999999999 -0.4999999999999999 0.7071067811865476
vn -0.7071067811865475 -0.7071067811865475 1.2246467991473532e-16
vn -0.5000000000000001 -0.5000000000000001 -0.7071067811865475
vn -1.2989340843532398e-16 -1.2989340843532398e-16 -1
vn 0.49999999999999983 0.49999999999999983 -0.7071067811865477
vn 0.7071067811865476 0.7071067811865476 0
vn 0.5000000000000001 0.5000000000000001 0.7071067811865475
vn 4.329780281177467e-17 4.329780281177467e-17 1
vn -0.5 -0.5 0.7071067811865476
vn -0.7071067811865476 -0.7071067811865476 1.2246467991473532e-16
vn -0.5000000000000001 -0.5000000000000001 -0.7071067811865475
vn -1.29893408435324e-16 -1.29893408435324e-16 -1
vn 0.4999999999999999 0.4999999999999999 -0.7071067811865477
vn 0.7071067811865476 0.7071067811865476 0
vn 0.5000000000000001 0.5000000000000001 0.7071067811865475
vn 4.329780281177467e-17 4.329780281177467e-17 1
vn -0.5 -0.5 0.7071067811865476
vn -0.7071067811865476 -0.7071067811865476 1.2246467991473532e-16
vn -0.5000000000000001 -0.5000000000000001 -0.7071067811865475
vn -1.29893408435324e-16 -1.29893408435324e-16 -1
vn 0.4999999999999999 0.4999999999999999 -0.7071067811865477
vn 0.7071067811865476 0.7071067811865476 0
vn 0.5000000000000001 0.5000000000000001 0.7071067811865475
vn 4.329780281177467e-17 4.329780281177467e-17 1
vn -0.5 -0.5 0.7071067811865476
vn -0.7071067811865476 -0.7071067811865476 1.2246467991473532e-16
vn -0.5000000000000001 -0.5000000000000001 -0.7071067811865475
vn -1.29893408435324e-16 -1.29893408435324e-16 -1
vn 0.4999999999999999 0.4999999999999999 -0.7071067811865477
vn 0.7071067811865476 0.7071067811865476 0
vn 0.5000000000000001 0.5000000000000001 0.7071067811865475
vn 4.329780281177467e-17 4.329780281177467e-17 1
vn -0.5 -0.5 0.7071067811865476
vn -0.7071067811865476 -0.7071067811865476 1.2246467991473532e-16
vn -0.5000000000000001 -0.5000000000000001 -0.7071067811865475
vn -1.29893408435324e-16 -1.29893408435324e-16 -1
vn 0.4999999999999999 0.4999999999999999 -0.7071067811865477
vn 0.7071067811865476 0.7071067811865476 0
vn 0.5000000000000001 0.5000000000000001 0.7071067811865475
vn 4.329780281177467e-17 4.329780281177467e-17 1
vn -0.5 -0.5 0.7071067811865476
vn -0.7071067811865476 -0.7071067811865476 1.2246467991473532e-16
vn -0.5000000000000001 -0.5000000000000001 -0.7071067811865475
vn -1.29893408435324e-16 -1.29893408435324e-16 -1
vn 0.4999999999999999 0.4999999999999999 -0.7071067811865477
vn 0.7071067811865476 0.7071067811865476 0
vn 0.5000000000000001 0.5000000000000001 0.7071067811865475
vn 4.329780281177467e-17 4.329780281177467e-17 1
vn -0.5 -0.5 0.7071067811865476
vn -0.7071067811865476 -0.7071067811865476 1.2246467991473532e-16
vn -0.5000000000000001 -0.5000000000000001 -0.7071067811865475
vn -1.29893408435324e-16 -1.29893408435324e-16 -1
vn 0.4999999999999999 0.4999999999999999 -0.7071067811865477
vn 0.7071067811865476 0.7071067811865476 0
vn 0.5000000000000001 0.5000000000000001 0.7071067811865475
vn 4.329780281177467e-17 4.329780281177467e-17 1
vn -0.5 -0.5 0.7071067811865476
vn -0.7071067811865476 -0.7071067811865476 1.2246467991473532e-16
vn -0.5000000000000001 -0.5000000000000001 -0.7071067811865475
vn -1.29893408435324e-16 -1.29893408435324e-16 -1
vn 0.4999999999999999 0.4999999999999999 -0.7071067811865477
vn 0.7071067811865476 0.7071067811865476 0
vn 0.5000000000000001 0.5000000000000001 0.7071067811865475
vn 4.329780281177467e-17 4.329780281177467e-17 1
vn -0.5 -0.5 0.7071067811865476
vn -0.7071067811865476 -0.7071067811865476 1.2246467991473532e-16
vn -0.5000000000000001 -0.5000000000000001 -0.7071067811865475
vn -1.29893408435324e-16 -1.29893408435324e-16 -1
vn 0.4999999999999999 0.4999999999999999 -0.7071067811865477
vn 0.7071067811865476 0.7071067811865476 0
vn 0.5000000000000001 0.5000000000000001 0.7071067811865475
vn 4.329780281177467e-17 4.329780281177467e-17 1
vn -0.5 -0.5 0.7071067811865476
vn -0.7071067811865476 -0.7071067811865476 1.2246467991473532e-16
vn -0.5000000000000001 -0.5000000000000001 -0.7071067811865475
vn -1.29893408435324e-16 -1.29893408435324e-16 -1
vn 0.4999999999999999 0.4999999999999999 -0.7071067811865477
vn 0.7071067811865476 0.7071067811865476 0
vn 0.5000000000000001 0.5000000000000001 0.7071067811865475
vn 4.329780281177467e-17 4.329780281177467e-17 1
vn -0.5 -0.5 0.7071067811865476
vn -0.7071067811865476 -0.7071067811865476 1.2246467991473532e-16
vn -0.5000000000000001 -0.5000000000000001 -0.7071067811865475
vn -1.29893408435324e-16 -1.29893408435324e-16 -1
vn 0.4999999999999999 0.4999999999999999 -0.7071067811865477
vn 0.7071067811865476 0.7071067811865476 0
vn 0.5000000000000001 0.5000000000000001 0.7071067811865475
vn 4.329780281177467e-17 4.329780281177467e-17 1
vn -0.5 -0.5 0.7071067811865476
vn -0.7071067811865476 -0.7071067811865476 1.2246467991473532e-16
vn -0.5000000000000001 -0.5000000000000001 -0.7071067811865475
vn -1.29893408435324e-16 -1.29893408435324e-16 -1
vn 0.4999999999999999 0.4999999999999999 -0.7071067811865477
vn 0.7071067811865476 0.7071067811865476 0
vn 0.5000000000000001 0.5000000000000001 0.7071067811865475
vn 4.329780281177467e-17 4.329780281177467e-17 1
vn -0.5 -0.5 0.7071067811865476
vn -0.7071067811865476 -0.7071067811865476 1.2246467991473532e-16
vn -0.5000000000000001 -0.5000000000000001 -0.7071067811865475
vn -1.29893408435324e-16 -1.29893408435324e-16 -1
vn 0.4999999999999999 0.4999999999999999 -0.7071067811865477
vn 0.7071067811865476 0.7071067811865476 0
vn 0.5000000000000001 0.5000000000000001 0.7071067811865475
vn 4.329780281177467e-17 4.329780281177467e-17 1
vn -0.5 -0.5 0.7071067811865476
vn -0.7071067811865476 -0.7071067811865476 1.2246467991473532e-16
vn -0.5000000000000001 -0.5000000000000001 -0.7071067811865475
vn -1.29893408435324e-16 -1.29893408435324e-16 -1
vn 0.4999999999999999 0.4999999999999999 -0.7071067811865477
vn 0.7071067811865476 0.7071067811865476 0
vn 0.5000000000000001 0.5000000000000001 0.7071067811865475
vn 4.329780281177467e-17 4.329780281177467e-17 1
vn -0.5 -0.5 0.7071067811865476
vn -0.7071067811865476 -0.7071067811865476 1.2246467991473532e-16
vn -0.5000000000000001 -0.5000000000000001 -0.7071067811865475
vn -1.29893408435324e-16 -1.29893408435324e-16 -1
vn 0.4999999999999999 0.4999999999999999 -0.7071067811865477
vn 0.7071067811865476 0.7071067811865476 0
vn 0.5000000000000001 0.5000000000000001 0.7071067811865475
vn 4.329780281177467e-17 4.329780281177467e-17 1
vn -0.5 -0.5 0.7071067811865476
vn -0.7071067811865476 -0.7071067811865476 1.2246467991473532e-16
vn -0.5000000000000001 -0.5000000000000001 -0.7071067811865475
vn -1.29893408435324e-16 -1.29893408435324e-16 -1
vn 0.4999999999999999 0.4999999999999999 -0.7071067811865477
vn 0.7071067811865476 0.7071067811865476 0
vn 0.5000000000000001 0.5000000000000001 0.7071067811865475
vn 4.329780281177467e-17 4.329780281177467e-17 1
vn -0.5 -0.5 0.7071067811865476
vn -0.7071067811865476 -0.7071067811865476 1.2246467991473532e-16
vn -0.5000000000000001 -0.5000000000000001 -0.7071067811865475
vn -1.29893408435324e-16 -1.29893408435324e-16 -1
vn 0.4999999999999999 0.4999999999999999 -0.7071067811865477
vn 0.7071067811865476 0.7071067811865476 0
vn 0.5000000000000001 0.5000000000000001 0.7071067811865475
vn 4.329780281177467e-17 4.329780281177467e-17 1
vn -0.5 -0.5 0.7071067811865476
vn -0.7071067811865476 -0.7071067811865476 1.2246467991473532e-16
vn -0.5000000000000001 -0.5000000000000001 -0.7071067811865475
vn -1.29893408435324e-16 -1.29893408435324e-16 -1
vn 0.4999999999999999 0.4999999999999999 -0.7071067811865477
vn 0.7071067811865476 0.7071067811865476 0
vn 0.5000000000000001 0.5000000000000001 0.7071067811865475
vn 4.329780281177467e-17 4.329780281177467e-17 1
vn -0.5 -0.5 0.7071067811865476
vn -0.7071067811865476 -0.7071067811865476 1.2246467991473532e-16
vn -0.5000000000000001 -0.5000000000000001 -0.7071067811865475
vn -1.29893408435324e-16 -1.29893408435324e-16 -1
vn 0.4999999999999999 0.4999999999999999 -0.7071067811865477
vn 0.7071067811865476 0.7071067811865476 0
vn 0.5000000000000001 0.5000000000000001 0.7071067811865475
vn 4.329780281177467e-17 4.329780281177467e-17 1
vn -0.5 -0.5 0.7071067811865476
vn -0.7071067811865476 -0.7071067811865476 1.2246467991473532e-16
vn -0.5000000000000001 -0.5000000000000001 -0.7071067811865475
vn -1.29893408435324e-16 -1.29893408435324e-16 -1
vn 0.4999999999999999 0.4999999999999999 -0.7071067811865477
vn 0.7071067811865476 0.7071067811865476 0
vn 0.5000000000000001 0.5000000000000001 0.7071067811865475
vn 4.329780281177467e-17 4.329780281177467e-17 1
vn -0.5 -0.5 0.7071067811865476
vn -0.7071067811865476 -0.7071067811865476 1.2246467991473532e-16
vn -0.5000000000000001 -0.5000000000000001 -0.7071067811865475
vn -1.29893408435324e-16 -1.29893408435324e-16 -1
vn 0.4999999999999999 0.4999999999999999 -0.7071067811865477
vn 0.7071067811865476 0.7071067811865476 0
vn 0.5000000000000001 0.5000000000000001 0.7071067811865475
vn 4.329780281177467e-17 4.329780281177467e-17 1
vn -0.5 -0.5 0.7071067811865476
vn -0.7071067811865476 -0.7071067811865476 1.2246467991473532e-16
vn -0.5000000000000001 -0.5000000000000001 -0.7071067811865475
vn -1.29893408435324e-16 -1.29893408435324e-16 -1
vn 0.4999999999999999 0.4999999999999999 -0.7071067811865477
vn 0.7071067811865476 0.7071067811865476 0
vn 0.5000000000000001 0.5000000000000001 0.7071067811865475
vn 4.329780281177467e-17 4.329780281177467e-17 1
vn -0.5 -0.5 0.7071067811865476
vn -0.7071067811865476 -0.7071067811865476 1.2246467991473532e-16
vn -0.5000000000000001 -0.5000000000000001 -0.7071067811865475
vn -1.29893408435324e-16 -1.29893408435324e-16 -1
vn 0.4999999999999999 0.4999999999999999 -0.7071067811865477
vn 0.7071067811865476 0.7071067811865476 0
vn 0.5000000000000001 0.5000000000000001 0.7071067811865475
vn 4.329780281177467e-17 4.329780281177467e-17 1
vn -0.5 -0.5 0.7071067811865476
vn -0.7071067811865476 -0.7071067811865476 1.2246467991473532e-16
vn -0.5000000000000001 -0.5000000000000001 -0.7071067811865475
vn -1.29893408435324e-16 -1.29893408435324e-16 -1
vn 0.4999999999999999 0.4999999999999999 -0.7071067811865477
vn 0.7071067811865476 0.7071067811865476 0
vn 0.5000000000000001 0.5000000000000001 0.7071067811865475
vn 4.329780281177467e-17 4.329780281177467e-17 1
vn -0.5 -0.5 0.7071067811865476
vn -0.7071067811865476 -0.7071067811865476 1.2246467991473532e-16
vn -0.5000000000000001 -0.5000000000000001 -0.7071067811865475
vn -1.29893408435324e-16 -1.29893408435324e-16 -1
vn 0.4999999999999999 0.4999999999999999 -0.7071067811865477
vn 0.7071067811865476 0.7071067811865476 0
vn 0.5000000000000001 0.5000000000000001 0.7071067811865475
vn 4.329780281177467e-17 4.329780281177467e-17 1
vn -0.5 -0.5 0.7071067811865476
vn -0.7071067811865476 -0.7071067811865476 1.2246467991473532e-16
vn -0.5000000000000001 -0.5000000000000001 -0.7071067811865475
vn -1.29893408435324e-16 -1.29893408435324e-16 -1
vn 0.4999999999999999 0.4999999999999999 -0.7071067811865477
vn 0.7071067811865476 0.7071067811865476 0
vn 0.5000000000000001 0.5000000000000001 0.7071067811865475
vn 4.329780281177467e-17 4.329780281177467e-17 1
vn -0.5 -0.5 0.7071067811865476
vn -0.7071067811865476 -0.7071067811865476 1.2246467991473532e-16
vn -0.5000000000000001 -0.5000000000000001 -0.7071067811865475
vn -1.29893408435324e-16 -1.29893408435324e-16 -1
vn 0.4999999999999999 0.4999999999999999 -0.7071067811865477
vn 0.7071067811865476 0.7071067811865476 0
vn 0.5000000000000001 0.5000000000000001 0.7071067811865475
vn 4.329780281177467e-17 4.329780281177467e-17 1
vn -0.5 -0.5 0.7071067811865476
vn -0.7071067811865476 -0.7071067811865476 1.2246467991473532e-16
vn -0.5000000000000001 -0.5000000000000001 -0.7071067811865475
vn -1.29893408435324e-16 -1.29893408435324e-16 -1
vn 0.4999999999999999 0.4999999999999999 -0.7071067811865477
vn 0.7071067811865476 0.7071067811865476 0
vn 0.5000000000000001 0.5000000000000001 0.7071067811865475
vn 4.329780281177467e-17 4.329780281177467e-17 1
vn -0.5 -0.5 0.7071067811865476
vn -0.7071067811865476 -0.7071067811865476 1.2246467991473532e-16
vn -0.5000000000000001 -0.5000000000000001 -0.7071067811865475
vn -1.29893408435324e-16 -1.29893408435324e-16 -1
vn 0.4999999999999999 0.4999999999999999 -0.7071067811865477
vn 0.7071067811865476 0.7071067811865476 0
vn 0.5000000000000001 0.5000000000000001 0.7071067811865475
vn 4.329780281177467e-17 4.329780281177467e-17 1
vn -0.5 -0.5 0.7071067811865476
vn -0.7071067811865476 -0.7071067811865476 1.2246467991473532e-16
vn -0.5000000000000001 -0.5000000000000001 -0.7071067811865475
vn -1.29893408435324e-16 -1.29893408435324e-16 -1
vn 0.4999999999999999 0.4999999999999999 -0.7071067811865477
vn 0.7071067811865476 0.7071067811865476 0
vn 0.5000000000000001 0.5000000000000001 0.7071067811865475
vn 4.329780281177467e-17 4.329780281177467e-17 1
vn -0.5 -0.5 0.7071067811865476
vn -0.7071067811865476 -0.7071067811865476 1.2246467991473532e-16
vn -0.5000000000000001 -0.5000000000000001 -0.7071067811865475
vn -1.29893408435324e-16 -1.29893408435324e-16 -1
vn 0.4999999999999999 0.4999999999999999 -0.7071067811865477
vn 0.7071067811865476 0.7071067811865476 0
vn 0.5000000000000001 0.5000000000000001 0.7071067811865475
vn 4.329780281177467e-17 4.329780281177467e-17 1
vn -0.5 -0.5 0.7071067811865476
vn -0.7071067811865476 -0.7071067811865476 1.2246467991473532e-16
vn -0.5000000000000001 -0.5000000000000001 -0.7071067811865475
vn -1.29893408435324e-16 -1.29893408435324e-16 -1
vn 0.4999999999999999 0.4999999999999999 -0.7071067811865477
vn 0.7071067811865476 0.7071067811865476 0
vn 0.5000000000000001 0.5000000000000001 0.7071067811865475
vn 4.329780281177467e-17 4.329780281177467e-17 1
vn -0.5 -0.5 0.7071067811865476
vn -0.7071067811865476 -0.7071067811865476 1.2246467991473532e-16
vn -0.5000000000000001 -0.5000000000000001 -0.7071067811865475
vn -1.29893408435324e-16 -1.29893408435324e-16 -1
vn 0.4999999999999999 0.4999999999999999 -0.7071067811865477
vn 0.7071067811865476 0.7071067811865476 0
vn 0.5000000000000001 0.5000000000000001 0.7071067811865475
vn 4.329780281177467e-17 4.329780281177467e-17 1
vn -0.5 -0.5 0.7071067811865476
vn -0.7071067811865476 -0.7071067811865476 1.2246467991473532e-16
vn -0.5000000000000001 -0.5000000000000001 -0.7071067811865475
vn -1.29893408435324e-16 -1.29893408435324e-16 -1
vn 0.4999999999999999 0.4999999999999999 -0.7071067811865477
vn 0.7071067811865476 0.7071067811865476 0
vn 0.5000000000000001 0.5000000000000001 0.7071067811865475
vn 4.329780281177467e-17 4.329780281177467e-17 1
vn -0.5 -0.5 0.7071067811865476
vn -0.7071067811865476 -0.7071067811865476 1.2246467991473532e-16
vn -0.5000000000000001 -0.5000000000000001 -0.7071067811865475
vn -1.29893408435324e-16 -1.29893408435324e-16 -1
vn 0.4999999999999999 0.4999999999999999 -0.7071067811865477
vn 0.7071067811865476 0.7071067811865476 0
vn 0.5000000000000001 0.5000000000000001 0.7071067811865475
vn 4.329780281177467e-17 4.329780281177467e-17 1
vn -0.5 -0.5 0.7071067811865476
vn -0.7071067811865476 -0.7071067811865476 1.2246467991473532e-16
vn -0.5000000000000001 -0.5000000000000001 -0.7071067811865475
vn -1.29893408435324e-16 -1.29893408435324e-16 -1
vn 0.4999999999999999 0.4999999999999999 -0.7071067811865477
vn 0.7071067811865476 0.7071067811865476 0
vn 0.5000000000000001 0.5000000000000001 0.7071067811865475
vn 4.329780281177467e-17 4.329780281177467e-17 1
vn -0.5 -0.5 0.7071067811865476
vn -0.7071067811865476 -0.7071067811865476 1.2246467991473532e-16
vn -0.5000000000000001 -0.5000000000000001 -0.7071067811865475
vn -1.29893408435324e-16 -1.29893408435324e-16 -1
vn 0.4999999999999999 0.4999999999999999 -0.7071067811865477
vn -0.7071067811865475 -0.7071067811865475 0
vn -0.5 -0.5 0.7071067811865475
vn -4.329780281177466e-17 -4.329780281177466e-17 1
vn 0.4999999999999999 0.4999999999999999 0.7071067811865476
vn 0.7071067811865475 0.7071067811865475 1.2246467991473532e-16
vn 0.5000000000000001 0.5000000000000001 -0.7071067811865475
vn 1.2989340843532398e-16 1.2989340843532398e-16 -1
vn -0.49999999999999983 -0.49999999999999983 -0.7071067811865477
vn -0.7071067811865475 -0.7071067811865475 0
vn -0.5 -0.5 0.7071067811865475
vn -4.329780281177466e-17 -4.329780281177466e-17 1
vn 0.4999999999999999 0.4999999999999999 0.7071067811865476
vn 0.7071067811865475 0.7071067811865475 1.2246467991473532e-16
vn 0.5000000000000001 0.5000000000000001 -0.7071067811865475
vn 1.2989340843532398e-16 1.2989340843532398e-16 -1
vn -0.49999999999999983 -0.49999999999999983 -0.7071067811865477
vn -0.7071067811865475 -0.7071067811865475 0
vn -0.5 -0.5 0.7071067811865475
vn -4.329780281177466e-17 -4.329780281177466e-17 1
vn 0.4999999999999999 0.4999999999999999 0.7071067811865476
vn 0.7071067811865475 0.7071067811865475 1.2246467991473532e-16
vn 0.5000000000000001 0.5000000000000001 -0.7071067811865475
vn 1.2989340843532398e-16 1.2989340843532398e-16 -1
vn -0.49999999999999983 -0.49999999999999983 -0.7071067811865477
vn -0.7071067811865475 -0.7071067811865475 0
vn -0.5 -0.5 0.7071067811865475
vn -4.329780281177466e-17 -4.329780281177466e-17 1
vn 0.4999999999999999 0.4999999999999999 0.7071067811865476
vn 0.7071067811865475 0.7071067811865475 1.2246467991473532e-16
vn 0.5000000000000001 0.5000000000000001 -0.7071067811865475
vn 1.2989340843532398e-16 1.2989340843532398e-16 -1
vn -0.49999999999999983 -0.49999999999999983 -0.7071067811865477
vn -0.7071067811865475 -0.7071067811865475 0
vn -0.5 -0.5 0.7071067811865475
vn -4.329780281177466e-17 -4.329780281177466e-17 1
vn 0.4999999999999999 0.4999999999999999 0.7071067811865476
vn 0.7071067811865475 0.7071067811865475 1.2246467991473532e-16
vn 0.5000000000000001 0.5000000000000001 -0.7071067811865475
vn 1.2989340843532398e-16 1.2989340843532398e-16 -1
vn -0.49999999999999983 -0.49999999999999983 -0.7071067811865477
vn -0.7071067811865475 -0.7071067811865475 0
vn -0.5 -0.5 0.7071067811865475
vn -4.329780281177466e-17 -4.329780281177466e-17 1
vn 0.4999999999999999 0.4999999999999999 0.7071067811865476
vn 0.7071067811865475 0.7071067811865475 1.2246467991473532e-16
vn 0.5000000000000001 0.5000000000000001 -0.7071067811865475
vn 1.2989340843532398e-16 1.2989340843532398e-16 -1
vn -0.49999999999999983 -0.49999999999999983 -0.7071067811865477
vn -0.7071067811865475 -0.7071067811865475 0
vn -0.5 -0.5 0.7071067811865475
vn -4.329780281177466e-17 -4.329780281177466e-17 1
vn 0.4999999999999999 0.4999999999999999 0.7071067811865476
vn 0.7071067811865475 0.7071067811865475 1.2246467991473532e-16
vn 0.5000000000000001 0.5000000000000001 -0.7071067811865475
vn 1.2989340843532398e-16 1.2989340843532398e-16 -1
vn -0.49999999999999983 -0.49999999999999983 -0.7071067811865477
vn -0.7071067811865475 -0.7071067811865475 0
vn -0.5 -0.5 0.7071067811865475
vn -4.329780281177466e-17 -4.329780281177466e-17 1
vn 0.4999999999999999 0.4999999999999999 0.7071067811865476
vn 0.7071067811865475 0.7071067811865475 1.2246467991473532e-16
vn 0.5000000000000001 0.5000000000000001 -0.7071067811865475
vn 1.2989340843532398e-16 1.2989340843532398e-16 -1
vn -0.49999999999999983 -0.49999999999999983 -0.7071067811865477
vn -0.7071067811865475 -0.7071067811865475 0
vn -0.5 -0.5 0.7071067811865475
vn -4.329780281177466e-17 -4.329780281177466e-17 1
vn 0.4999999999999999 0.4999999999999999 0.7071067811865476
vn 0.7071067811865475 0.7071067811865475 1.2246467991473532e-16
vn 0.5000000000000001 0.5000000000000001 -0.7071067811865475
vn 1.2989340843532398e-16 1.2989340843532398e-16 -1
vn -0.49999999999999983 -0.49999999999999983 -0.7071067811865477
vn -0.7071067811865475 -0.7071067811865475 0
vn -0.5 -0.5 0.7071067811865475
vn -4.329780281177466e-17 -4.329780281177466e-17 1
vn 0.4999999999999999 0.4999999999999999 0.7071067811865476
vn 0.7071067811865475 0.7071067811865475 1.2246467991473532e-16
vn 0.5000000000000001 0.5000000000000001 -0.7071067811865475
vn 1.2989340843532398e-16 1.2989340843532398e-16 -1
vn -0.49999999999999983 -0.49999999999999983 -0.7071067811865477
vn -0.7071067811865475 -0.7071067811865475 0
vn -0.5 -0.5 0.7071067811865475
vn -4.329780281177466e-17 -4.329780281177466e-17 1
vn 0.4999999999999999 0.4999999999999999 0.7071067811865476
vn 0.7071067811865475 0.7071067811865475 1.2246467991473532e-16
vn 0.5000000000000001 0.5000000000000001 -0.7071067811865475
vn 1.2989340843532398e-16 1.2989340843532398e-16 -1
vn -0.49999999999999983 -0.49999999999999983 -0.7071067811865477
vn -0.7071067811865475 -0.7071067811865475 0
vn -0.5 -0.5 0.7071067811865475
vn -4.329780281177466e-17 -4.329780281177466e-17 1
vn 0.4999999999999999 0.4999999999999999 0.7071067811865476
vn 0.7071067811865475 0.7071067811865475 1.2246467991473532e-16
vn 0.5000000000000001 0.5000000000000001 -0.7071067811865475
vn 1.2989340843532398e-16 1.2989340843532398e-16 -1
vn -0.49999999999999983 -0.49999999999999983 -0.7071067811865477
vn -0.7071067811865475 -0.7071067811865475 0
vn -0.5 -0.5 0.7071067811865475
vn -4.329780281177466e-17 -4.329780281177466e-17 1
vn 0.4999999999999999 0.4999999999999999 0.7071067811865476
vn 0.7071067811865475 0.7071067811865475 1.2246467991473532e-16
vn 0.5000000000000001 0.5000000000000001 -0.7071067811865475
vn 1.2989340843532398e-16 1.2989340843532398e-16 -1
vn -0.49999999999999983 -0.49999999999999983 -0.7071067811865477
vn -0.7071067811865475 -0.7071067811865475 0
vn -0.5 -0.5 0.7071067811865475
vn -4.329780281177466e-17 -4.329780281177466e-17 1
vn 0.4999999999999999 0.4999999999999999 0.7071067811865476
vn 0.7071067811865475 0.7071067811865475 1.2246467991473532e-16
vn 0.5000000000000001 0.5000000000000001 -0.7071067811865475
vn 1.2989340843532398e-16 1.2989340843532398e-16 -1
vn -0.49999999999999983 -0.49999999999999983 -0.7071067811865477
vn -0.7071067811865475 -0.7071067811865475 0
vn -0.5 -0.5 0.7071067811865475
vn -4.329780281177466e-17 -4.329780281177466e-17 1
vn 0.4999999999999999 0.4999999999999999 0.7071067811865476
vn 0.7071067811865475 0.7071067811865475 1.2246467991473532e-16
vn 0.5000000000000001 0.5000000000000001 -0.7071067811865475
vn 1.2989340843532398e-16 1.2989340843532398e-16 -1
vn -0.49999999999999983 -0.49999999999999983 -0.7071067811865477
vn -0.7071067811865475 -0.7071067811865475 0
vn -0.5 -0.5 0.7071067811865475
vn -4.329780281177466e-17 -4.329780281177466e-17 1
vn 0.4999999999999999 0.4999999999999999 0.7071067811865476
vn 0.7071067811865475 0.7071067811865475 1.2246467991473532e-16
vn 0.5000000000000001 0.5000000000000001 -0.7071067811865475
vn 1.2989340843532398e-16 1.2989340843532398e-16 -1
vn -0.49999999999999983 -0.49999999999999983 -0.7071067811865477
vn -0.7071067811865475 -0.7071067811865475 0
vn -0.5 -0.5 0.7071067811865475
vn -4.329780281177466e-17 -4.329780281177466e-17 1
vn 0.4999999999999999 0.4999999999999999 0.7071067811865476
vn 0.7071067811865475 0.7071067811865475 1.2246467991473532e-16
vn 0.5000000000000001 0.5000000000000001 -0.7071067811865475
vn 1.2989340843532398e-16 1.2989340843532398e-16 -1
vn -0.49999999999999983 -0.49999999999999983 -0.7071067811865477
vn -0.7071067811865475 -0.7071067811865475 0
vn -0.5 -0.5 0.7071067811865475
vn -4.329780281177466e-17 -4.329780281177466e-17 1
vn 0.4999999999999999 0.4999999999999999 0.7071067811865476
vn 0.7071067811865475 0.7071067811865475 1.2246467991473532e-16
vn 0.5000000000000001 0.5000000000000001 -0.7071067811865475
vn 1.2989340843532398e-16 1.2989340843532398e-16 -1
vn -0.49999999999999983 -0.49999999999999983 -0.7071067811865477
vn -0.7071067811865475 -0.7071067811865475 0
vn -0.5 -0.5 0.7071067811865475
vn -4.329780281177466e-17 -4.329780281177466e-17 1
vn 0.4999999999999999 0.4999999999999999 0.7071067811865476
vn 0.7071067811865475 0.7071067811865475 1.2246467991473532e-16
vn 0.5000000000000001 0.5000000000000001 -0.7071067811865475
vn 1.2989340843532398e-16 1.2989340843532398e-16 -1
vn -0.49999999999999983 -0.49999999999999983 -0.7071067811865477
vn -0.7071067811865475 -0.7071067811865475 0
vn -0.5 -0.5 0.7071067811865475
vn -4.329780281177466e-17 -4.329780281177466e-17 1
vn 0.4999999999999999 0.4999999999999999 0.7071067811865476
vn 0.7071067811865475 0.7071067811865475 1.2246467991473532e-16
vn 0.5000000000000001 0.5000000000000001 -0.7071067811865475
vn 1.2989340843532398e-16 1.2989340843532398e-16 -1
vn -0.49999999999999983 -0.49999999999999983 -0.7071067811865477
vn -0.7071067811865475 -0.7071067811865475 0
vn -0.5 -0.5 0.7071067811865475
vn -4.329780281177466e-17 -4.329780281177466e-17 1
vn 0.4999999999999999 0.4999999999999999 0.7071067811865476
vn 0.7071067811865475 0.7071067811865475 1.2246467991473532e-16
vn 0.5000000000000001 0.5000000000000001 -0.7071067811865475
vn 1.2989340843532398e-16 1.2989340843532398e-16 -1
vn -0.49999999999999983 -0.49999999999999983 -0.7071067811865477
vn -0.7071067811865475 -0.7071067811865475 0
vn -0.5 -0.5 0.7071067811865475
vn -4.329780281177466e-17 -4.329780281177466e-17 1
vn 0.4999999999999999 0.4999999999999999 0.7071067811865476
vn 0.7071067811865475 0.7071067811865475 1.2246467991473532e-16
vn 0.5000000000000001 0.5000000000000001 -0.7071067811865475
vn 1.2989340843532398e-16 1.2989340843532398e-16 -1
vn -0.49999999999999983 -0.49999999999999983 -0.7071067811865477
vn -0.7071067811865475 -0.7071067811865475 0
vn -0.5 -0.5 0.7071067811865475
vn -4.329780281177466e-17 -4.329780281177466e-17 1
vn 0.4999999999999999 0.4999999999999999 0.7071067811865476
vn 0.7071067811865475 0.7071067811865475 1.2246467991473532e-16
vn 0.5000000000000001 0.5000000000000001 -0.7071067811865475
vn 1.2989340843532398e-16 1.2989340843532398e-16 -1
vn -0.49999999999999983 -0.49999999999999983 -0.7071067811865477
vn -0.7071067811865475 -0.7071067811865475 0
vn -0.5 -0.5 0.7071067811865475
vn -4.329780281177466e-17 -4.329780281177466e-17 1
vn 0.4999999999999999 0.4999999999999999 0.7071067811865476
vn 0.7071067811865475 0.7071067811865475 1.2246467991473532e-16
vn 0.5000000000000001 0.5000000000000001 -0.7071067811865475
vn 1.2989340843532398e-16 1.2989340843532398e-16 -1
vn -0.49999999999999983 -0.49999999999999983 -0.7071067811865477
vn -0.7071067811865475 -0.7071067811865475 0
vn -0.5 -0.5 0.7071067811865475
vn -4.329780281177466e-17 -4.329780281177466e-17 1
vn 0.4999999999999999 0.4999999999999999 0.7071067811865476
vn 0.7071067811865475 0.7071067811865475 1.2246467991473532e-16
vn 0.5000000000000001 0.5000000000000001 -0.7071067811865475
vn 1.2989340843532398e-16 1.2989340843532398e-16 -1
vn -0.49999999999999983 -0.49999999999999983 -0.7071067811865477
vn -0.7071067811865475 -0.7071067811865475 0
vn -0.5 -0.5 0.7071067811865475
vn -4.329780281177466e-17 -4.329780281177466e-17 1
vn 0.4999999999999999 0.4999999999999999 0.7071067811865476
vn 0.7071067811865475 0.7071067811865475 1.2246467991473532e-16
vn 0.5000000000000001 0.5000000000000001 -0.7071067811865475
vn 1.2989340843532398e-16 1.2989340843532398e-16 -1
vn -0.49999999999999983 -0.49999999999999983 -0.7071067811865477
vn -0.7071067811865475 -0.7071067811865475 0
vn -0.5 -0.5 0.7071067811865475
vn -4.329780281177466e-17 -4.329780281177466e-17 1
vn 0.4999999999999999 0.4999999999999999 0.7071067811865476
vn 0.7071067811865475 0.7071067811865475 1.2246467991473532e-16
vn 0.5000000000000001 0.5000000000000001 -0.7071067811865475
vn 1.2989340843532398e-16 1.2989340843532398e-16 -1
vn -0.49999999999999983 -0.49999999999999983 -0.7071067811865477
vn -0.7071067811865475 -0.7071067811865475 0
vn -0.5 -0.5 0.7071067811865475
vn -4.329780281177466e-17 -4.329780281177466e-17 1
vn 0.4999999999999999 0.4999999999999999 0.7071067811865476
vn 0.7071067811865475 0.7071067811865475 1.2246467991473532e-16
vn 0.5000000000000001 0.5000000000000001 -0.7071067811865475
vn 1.2989340843532398e-16 1.2989340843532398e-16 -1
vn -0.49999999999999983 -0.49999999999999983 -0.7071067811865477
vn -0.7071067811865475 -0.7071067811865475 0
vn -0.5 -0.5 0.7071067811865475
vn -4.329780281177466e-17 -4.329780281177466e-17 1
vn 0.4999999999999999 0.4999999999999999 0.7071067811865476
vn 0.7071067811865475 0.7071067811865475 1.2246467991473532e-16
vn 0.5000000000000001 0.5000000000000001 -0.7071067811865475
vn 1.2989340843532398e-16 1.2989340843532398e-16 -1
vn -0.49999999999999983 -0.49999999999999983 -0.7071067811865477
vn -0.7071067811865475 -0.7071067811865475 0
vn -0.5 -0.5 0.7071067811865475
vn -4.329780281177466e-17 -4.329780281177466e-17 1
vn 0.4999999999999999 0.4999999999999999 0.7071067811865476
vn 0.7071067811865475 0.7071067811865475 1.2246467991473532e-16
vn 0.5000000000000001 0.5000000000000001 -0.7071067811865475
vn 1.2989340843532398e-16 1.2989340843532398e-16 -1
vn -0.49999999999999983 -0.49999999999999983 -0.7071067811865477
vn -0.7071067811865475 -0.7071067811865475 0
vn -0.5 -0.5 0.7071067811865475
vn -4.329780281177466e-17 -4.329780281177466e-17 1
vn 0.4999999999999999 0.4999999999999999 0.7071067811865476
vn 0.7071067811865475 0.7071067811865475 1.2246467991473532e-16
vn 0.5000000000000001 0.5000000000000001 -0.7071067811865475
vn 1.2989340843532398e-16 1.2989340843532398e-16 -1
vn -0.49999999999999983 -0.49999999999999983 -0.7071067811865477
vn -0.7071067811865475 -0.7071067811865475 0
vn -0.5 -0.5 0.7071067811865475
vn -4.329780281177466e-17 -4.329780281177466e-17 1
vn 0.4999999999999999 0.4999999999999999 0.7071067811865476
vn 0.7071067811865475 0.7071067811865475 1.2246467991473532e-16
vn 0.5000000000000001 0.5000000000000001 -0.7071067811865475
vn 1.2989340843532398e-16 1.2989340843532398e-16 -1
vn -0.49999999999999983 -0.49999999999999983 -0.7071067811865477
vn -0.7071067811865475 -0.7071067811865475 0
vn -0.5 -0.5 0.7071067811865475
vn -4.329780281177466e-17 -4.329780281177466e-17 1
vn 0.4999999999999999 0.4999999999999999 0.7071067811865476
vn 0.7071067811865475 0.7071067811865475 1.2246467991473532e-16
vn 0.5000000000000001 0.5000000000000001 -0.7071067811865475
vn 1.2989340843532398e-16 1.2989340843532398e-16 -1
vn -0.49999999999999983 -0.49999999999999983 -0.7071067811865477
vn -0.7071067811865475 -0.7071067811865475 0
vn -0.5 -0.5 0.7071067811865475
vn -4.329780281177466e-17 -4.329780281177466e-17 1
vn 0.4999999999999999 0.4999999999999999 0.7071067811865476
vn 0.7071067811865475 0.7071067811865475 1.2246467991473532e-16
vn 0.5000000000000001 0.5000000000000001 -0.7071067811865475
vn 1.2989340843532398e-16 1.2989340843532398e-16 -1
vn -0.49999999999999983 -0.49999999999999983 -0.7071067811865477
vn -0.7071067811865475 -0.7071067811865475 0
vn -0.5 -0.5 0.7071067811865475
vn -4.329780281177466e-17 -4.329780281177466e-17 1
vn 0.4999999999999999 0.4999999999999999 0.7071067811865476
vn 0.7071067811865475 0.7071067811865475 1.2246467991473532e-16
vn 0.5000000000000001 0.5000000000000001 -0.7071067811865475
vn 1.2989340843532398e-16 1.2989340843532398e-16 -1
vn -0.49999999999999983 -0.49999999999999983 -0.7071067811865477
vn -0.7071067811865475 -0.7071067811865475 0
vn -0.5 -0.5 0.7071067811865475
vn -4.329780281177466e-17 -4.329780281177466e-17 1
vn 0.4999999999999999 0.4999999999999999 0.7071067811865476
vn 0.7071067811865475 0.7071067811865475 1.2246467991473532e-16
vn 0.5000000000000001 0.5000000000000001 -0.7071067811865475
vn 1.2989340843532398e-16 1.2989340843532398e-16 -1
vn -0.49999999999999983 -0.49999999999999983 -0.7071067811865477
vn -0.7071067811865475 -0.7071067811865475 0
vn -0.5 -0.5 0.7071067811865475
vn -4.329780281177466e-17 -4.329780281177466e-17 1
vn 0.4999999999999999 0.4999999999999999 0.7071067811865476
vn 0.7071067811865475 0.7071067811865475 1.2246467991473532e-16
vn 0.5000000000000001 0.5000000000000001 -0.7071067811865475
vn 1.2989340843532398e-16 1.2989340843532398e-16 -1
vn -0.49999999999999983 -0.49999999999999983 -0.7071067811865477
vn -0.7071067811865475 -0.7071067811865475 0
vn -0.5 -0.5 0.7071067811865475
vn -4.329780281177466e-17 -4.329780281177466e-17 1
vn 0.4999999999999999 0.4999999999999999 0.7071067811865476
vn 0.7071067811865475 0.7071067811865475 1.2246467991473532e-16
vn 0.5000000000000001 0.5000000000000001 -0.7071067811865475
vn 1.2989340843532398e-16 1.2989340843532398e-16 -1
vn -0.49999999999999983 -0.49999999999999983 -0.7071067811865477
vn -0.7071067811865475 -0.7071067811865475 0
vn -0.5 -0.5 0.7071067811865475
vn -4.329780281177466e-17 -4.329780281177466e-17 1
vn 0.4999999999999999 0.4999999999999999 0.7071067811865476
vn 0.7071067811865475 0.7071067811865475 1.2246467991473532e-16
vn 0.5000000000000001 0.5000000000000001 -0.7071067811865475
vn 1.2989340843532398e-16 1.2989340843532398e-16 -1
vn -0.49999999999999983 -0.49999999999999983 -0.7071067811865477
vn -0.7071067811865475 -0.7071067811865475 0
vn -0.5 -0.5 0.7071067811865475
vn -4.329780281177466e-17 -4.329780281177466e-17 1
vn 0.4999999999999999 0.4999999999999999 0.7071067811865476
vn 0.7071067811865475 0.7071067811865475 1.2246467991473532e-16
vn 0.5000000000000001 0.5000000000000001 -0.7071067811865475
vn 1.2989340843532398e-16 1.2989340843532398e-16 -1
vn -0.49999999999999983 -0.49999999999999983 -0.7071067811865477
vn -0.7071067811865475 -0.7071067811865475 0
vn -0.5 -0.5 0.7071067811865475
vn -4.329780281177466e-17 -4.329780281177466e-17 1
vn 0.4999999999999999 0.4999999999999999 0.7071067811865476
vn 0.7071067811865475 0.7071067811865475 1.2246467991473532e-16
vn 0.5000000000000001 0.5000000000000001 -0.7071067811865475
vn 1.2989340843532398e-16 1.2989340843532398e-16 -1
vn -0.49999999999999983 -0.49999999999999983 -0.7071067811865477
vn -0.7071067811865475 -0.7071067811865475 0
vn -0.5 -0.5 0.7071067811865475
vn -4.329780281177466e-17 -4.329780281177466e-17 1
vn 0.4999999999999999 0.4999999999999999 0.7071067811865476
vn 0.7071067811865475 0.7071067811865475 1.2246467991473532e-16
vn 0.5000000000000001 0.5000000000000001 -0.7071067811865475
vn 1.2989340843532398e-16 1.2989340843532398e-16 -1
vn -0.49999999999999983 -0.49999999999999983 -0.7071067811865477
vn -0.7071067811865475 -0.7071067811865475 0
vn -0.5 -0.5 0.7071067811865475
vn -4.329780281177466e-17 -4.329780281177466e-17 1
vn 0.4999999999999999 0.4999999999999999 0.7071067811865476
vn 0.7071067811865475 0.7071067811865475 1.2246467991473532e-16
vn 0.5000000000000001 0.5000000000000001 -0.7071067811865475
vn 1.2989340843532398e-16 1.2989340843532398e-16 -1
vn -0.49999999999999983 -0.49999999999999983 -0.7071067811865477
vn -0.7071067811865475 -0.7071067811865475 0
vn -0.5 -0.5 0.7071067811865475
vn -4.329780281177466e-17 -4.329780281177466e-17 1
vn 0.4999999999999999 0.4999999999999999 0.7071067811865476
vn 0.7071067811865475 0.7071067811865475 1.2246467991473532e-16
vn 0.5000000000000001 0.5000000000000001 -0.7071067811865475
vn 1.2989340843532398e-16 1.2989340843532398e-16 -1
vn -0.49999999999999983 -0.49999999999999983 -0.7071067811865477
vn -0.7071067811865475 -0.7071067811865475 0
vn -0.5 -0.5 0.7071067811865475
vn -4.329780281177466e-17 -4.329780281177466e-17 1
vn 0.4999999999999999 0.4999999999999999 0.7071067811865476
vn 0.7071067811865475 0.7071067811865475 1.2246467991473532e-16
vn 0.5000000000000001 0.5000000000000001 -0.7071067811865475
vn 1.2989340843532398e-16 1.2989340843532398e-16 -1
vn -0.49999999999999983 -0.49999999999999983 -0.7071067811865477
vn -0.7071067811865475 -0.7071067811865475 0
vn -0.5 -0.5 0.7071067811865475
vn -4.329780281177466e-17 -4.329780281177466e-17 1
vn 0.4999999999999999 0.4999999999999999 0.7071067811865476
vn 0.7071067811865475 0.7071067811865475 1.2246467991473532e-16
vn 0.5000000000000001 0.5000000000000001 -0.7071067811865475
vn 1.2989340843532398e-16 1.2989340843532398e-16 -1
vn -0.49999999999999983 -0.49999999999999983 -0.7071067811865477
vn -0.7071067811865475 -0.7071067811865475 0
vn -0.5 -0.5 0.7071067811865475
vn -4.329780281177466e-17 -4.329780281177466e-17 1
vn 0.4999999999999999 0.4999999999999999 0.7071067811865476
vn 0.7071067811865475 0.7071067811865475 1.2246467991473532e-16
vn 0.5000000000000001 0.5000000000000001 -0.7071067811865475
vn 1.2989340843532398e-16 1.2989340843532398e-16 -1
vn -0.49999999999999983 -0.49999999999999983 -0.7071067811865477
vn -0.7071067811865475 -0.7071067811865475 0
vn -0.5 -0.5 0.7071067811865475
vn -4.329780281177466e-17 -4.329780281177466e-17 1
vn 0.4999999999999999 0.4999999999999999 0.7071067811865476
vn 0.7071067811865475 0.7071067811865475 1.2246467991473532e-16
vn 0.5000000000000001 0.5000000000000001 -0.7071067811865475
vn 1.2989340843532398e-16 1.2989340843532398e-16 -1
vn -0.49999999999999983 -0.49999999999999983 -0.7071067811865477
vn -0.7071067811865475 -0.7071067811865475 0
vn -0.5 -0.5 0.7071067811865475
vn -4.329780281177466e-17 -4.329780281177466e-17 1
vn 0.4999999999999999 0.4999999999999999 0.7071067811865476
vn 0.7071067811865475 0.7071067811865475 1.2246467991473532e-16
vn 0.5000000000000001 0.5000000000000001 -0.7071067811865475
vn 1.2989340843532398e-16 1.2989340843532398e-16 -1
vn -0.49999999999999983 -0.49999999999999983 -0.7071067811865477
vn -0.7071067811865475 -0.7071067811865475 0
vn -0.5 -0.5 0.7071067811865475
vn -4.329780281177466e-17 -4.329780281177466e-17 1
vn 0.4999999999999999 0.4999999999999999 0.7071067811865476
vn 0.7071067811865475 0.7071067811865475 1.2246467991473532e-16
vn 0.5000000000000001 0.5000000000000001 -0.7071067811865475
vn 1.2989340843532398e-16 1.2989340843532398e-16 -1
vn -0.49999999999999983 -0.49999999999999983 -0.7071067811865477
vn -0.7071067811865475 -0.7071067811865475 0
vn -0.5 -0.5 0.7071067811865475
vn -4.329780281177466e-17 -4.329780281177466e-17 1
vn 0.4999999999999999 0.4999999999999999 0.7071067811865476
vn 0.7071067811865475 0.7071067811865475 1.2246467991473532e-16
vn 0.5000000000000001 0.5000000000000001 -0.7071067811865475
vn 1.2989340843532398e-16 1.2989340843532398e-16 -1
vn -0.49999999999999983 -0.49999999999999983 -0.7071067811865477
vn -0.7071067811865475 -0.7071067811865475 0
vn -0.5 -0.5 0.7071067811865475
vn -4.329780281177466e-17 -4.329780281177466e-17 1
vn 0.4999999999999999 0.4999999999999999 0.7071067811865476
vn 0.7071067811865475 0.7071067811865475 1.2246467991473532e-16
vn 0.5000000000000001 0.5000000000000001 -0.7071067811865475
vn 1.2989340843532398e-16 1.2989340843532398e-16 -1
vn -0.49999999999999983 -0.49999999999999983 -0.7071067811865477
vn -0.7071067811865475 -0.7071067811865475 0
vn -0.5 -0.5 0.7071067811865475
vn -4.329780281177466e-17 -4.329780281177466e-17 1
vn 0.4999999999999999 0.4999999999999999 0.7071067811865476
vn 0.7071067811865475 0.7071067811865475 1.2246467991473532e-16
vn 0.5000000000000001 0.5000000000000001 -0.7071067811865475
vn 1.2989340843532398e-16 1.2989340843532398e-16 -1
vn -0.49999999999999983 -0.49999999999999983 -0.7071067811865477
vn -0.7071067811865475 -0.7071067811865475 0
vn -0.5 -0.5 0.7071067811865475
vn -4.329780281177466e-17 -4.329780281177466e-17 1
vn 0.4999999999999999 0.4999999999999999 0.7071067811865476
vn 0.7071067811865475 0.7071067811865475 1.2246467991473532e-16
vn 0.5000000000000001 0.5000000000000001 -0.7071067811865475
vn 1.2989340843532398e-16 1.2989340843532398e-16 -1
vn -0.49999999999999983 -0.49999999999999983 -0.7071067811865477
vn -0.7071067811865475 -0.7071067811865475 0
vn -0.5 -0.5 0.7071067811865475
vn -4.329780281177466e-17 -4.329780281177466e-17 1
vn 0.4999999999999999 0.4999999999999999 0.7071067811865476
vn 0.7071067811865475 0.7071067811865475 1.2246467991473532e-16
vn 0.5000000000000001 0.5000000000000001 -0.7071067811865475
vn 1.2989340843532398e-16 1.2989340843532398e-16 -1
vn -0.49999999999999983 -0.49999999999999983 -0.7071067811865477
vn -0.7071067811865475 -0.7071067811865475 0
vn -0.5 -0.5 0.7071067811865475
vn -4.329780281177466e-17 -4.329780281177466e-17 1
vn 0.4999999999999999 0.4999999999999999 0.7071067811865476
vn 0.7071067811865475 0.7071067811865475 1.2246467991473532e-16
vn 0.5000000000000001 0.5000000000000001 -0.7071067811865475
vn 1.2989340843532398e-16 1.2989340843532398e-16 -1
vn -0.49999999999999983 -0.49999999999999983 -0.7071067811865477
vn -0.7071067811865475 -0.7071067811865475 0
vn -0.5 -0.5 0.7071067811865475
vn -4.329780281177466e-17 -4.329780281177466e-17 1
vn 0.4999999999999999 0.4999999999999999 0.7071067811865476
vn 0.7071067811865475 0.7071067811865475 1.2246467991473532e-16
vn 0.5000000000000001 0.5000000000000001 -0.7071067811865475
vn 1.2989340843532398e-16 1.2989340843532398e-16 -1
vn -0.49999999999999983 -0.49999999999999983 -0.7071067811865477
vn -0.7071067811865475 -0.7071067811865475 0
vn -0.5 -0.5 0.7071067811865475
vn -4.329780281177466e-17 -4.329780281177466e-17 1
vn 0.4999999999999999 0.4999999999999999 0.7071067811865476
vn 0.7071067811865475 0.7071067811865475 1.2246467991473532e-16
vn 0.5000000000000001 0.5000000000000001 -0.7071067811865475
vn 1.2989340843532398e-16 1.2989340843532398e-16 -1
vn -0.49999999999999983 -0.49999999999999983 -0.7071067811865477
vn -0.7071067811865475 -0.7071067811865475 0
vn -0.5 -0.5 0.7071067811865475
vn -4.329780281177466e-17 -4.329780281177466e-17 1
vn 0.4999999999999999 0.4999999999999999 0.7071067811865476
vn 0.7071067811865475 0.7071067811865475 1.2246467991473532e-16
vn 0.5000000000000001 0.5000000000000001 -0.7071067811865475
vn 1.2989340843532398e-16 1.2989340843532398e-16 -1
vn -0.49999999999999983 -0.49999999999999983 -0.7071067811865477
vn -0.7071067811865475 -0.7071067811865475 0
vn -0.5 -0.5 0.7071067811865475
vn -4.329780281177466e-17 -4.329780281177466e-17 1
vn 0.4999999999999999 0.4999999999999999 0.7071067811865476
vn 0.7071067811865475 0.7071067811865475 1.2246467991473532e-16
vn 0.5000000000000001 0.5000000000000001 -0.7071067811865475
vn 1.2989340843532398e-16 1.2989340843532398e-16 -1
vn -0.49999999999999983 -0.49999999999999983 -0.7071067811865477
vn -0.7071067811865475 -0.7071067811865475 0
vn -0.5 -0.5 0.7071067811865475
vn -4.329780281177466e-17 -4.329780281177466e-17 1
vn 0.4999999999999999 0.4999999999999999 0.7071067811865476
vn 0.7071067811865475 0.7071067811865475 1.2246467991473532e-16
vn 0.5000000000000001 0.5000000000000001 -0.7071067811865475
vn 1.2989340843532398e-16 1.2989340843532398e-16 -1
vn -0.49999999999999983 -0.49999999999999983 -0.7071067811865477
vn -0.7071067811865475 -0.7071067811865475 0
vn -0.5 -0.5 0.7071067811865475
vn -4.329780281177466e-17 -4.329780281177466e-17 1
vn 0.4999999999999999 0.4999999999999999 0.7071067811865476
vn 0.7071067811865475 0.7071067811865475 1.2246467991473532e-16
vn 0.5000000000000001 0.5000000000000001 -0.7071067811865475
vn 1.2989340843532398e-16 1.2989340843532398e-16 -1
vn -0.49999999999999983 -0.49999999999999983 -0.7071067811865477
vn -0.7071067811865475 -0.7071067811865475 0
vn -0.5 -0.5 0.7071067811865475
vn -4.329780281177466e-17 -4.329780281177466e-17 1
vn 0.4999999999999999 0.4999999999999999 0.7071067811865476
vn 0.7071067811865475 0.7071067811865475 1.2246467991473532e-16
vn 0.5000000000000001 0.5000000000000001 -0.7071067811865475
vn 1.2989340843532398e-16 1.2989340843532398e-16 -1
vn -0.49999999999999983 -0.49999999999999983 -0.7071067811865477
vn -0.7071067811865475 -0.7071067811865475 0
vn -0.5 -0.5 0.7071067811865475
vn -4.329780281177466e-17 -4.329780281177466e-17 1
vn 0.4999999999999999 0.4999999999999999 0.7071067811865476
vn 0.7071067811865475 0.7071067811865475 1.2246467991473532e-16
vn 0.5000000000000001 0.5000000000000001 -0.7071067811865475
vn 1.2989340843532398e-16 1.2989340843532398e-16 -1
vn -0.49999999999999983 -0.49999999999999983 -0.7071067811865477
vn -0.7071067811865475 -0.7071067811865475 0
vn -0.5 -0.5 0.7071067811865475
vn -4.329780281177466e-17 -4.329780281177466e-17 1
vn 0.4999999999999999 0.4999999999999999 0.7071067811865476
vn 0.7071067811865475 0.7071067811865475 1.2246467991473532e-16
vn 0.5000000000000001 0.5000000000000001 -0.7071067811865475
vn 1.2989340843532398e-16 1.2989340843532398e-16 -1
vn -0.49999999999999983 -0.49999999999999983 -0.7071067811865477
vn -0.7071067811865475 -0.7071067811865475 0
vn -0.5 -0.5 0.7071067811865475
vn -4.329780281177466e-17 -4.329780281177466e-17 1
vn 0.4999999999999999 0.4999999999999999 0.7071067811865476
vn 0.7071067811865475 0.7071067811865475 1.2246467991473532e-16
vn 0.5000000000000001 0.5000000000000001 -0.7071067811865475
vn 1.2989340843532398e-16 1.2989340843532398e-16 -1
vn -0.49999999999999983 -0.49999999999999983 -0.7071067811865477
vn -0.7071067811865475 -0.7071067811865475 0
vn -0.5 -0.5 0.7071067811865475
vn -4.329780281177466e-17 -4.329780281177466e-17 1
vn 0.4999999999999999 0.4999999999999999 0.7071067811865476
vn 0.7071067811865475 0.7071067811865475 1.2246467991473532e-16
vn 0.5000000000000001 0.5000000000000001 -0.7071067811865475
vn 1.2989340843532398e-16 1.2989340843532398e-16 -1
vn -0.49999999999999983 -0.49999999999999983 -0.7071067811865477
vn -0.7071067811865475 -0.7071067811865475 0
vn -0.5 -0.5 0.7071067811865475
vn -4.329780281177466e-17 -4.329780281177466e-17 1
vn 0.4999999999999999 0.4999999999999999 0.7071067811865476
vn 0.7071067811865475 0.7071067811865475 1.2246467991473532e-16
vn 0.5000000000000001 0.5000000000000001 -0.7071067811865475
vn 1.2989340843532398e-16 1.2989340843532398e-16 -1
vn -0.49999999999999983 -0.49999999999999983 -0.7071067811865477
vn -0.7071067811865475 -0.7071067811865475 0
vn -0.5 -0.5 0.7071067811865475
vn -4.329780281177466e-17 -4.329780281177466e-17 1
vn 0.4999999999999999 0.4999999999999999 0.7071067811865476
vn 0.7071067811865475 0.7071067811865475 1.2246467991473532e-16
vn 0.5000000000000001 0.5000000000000001 -0.7071067811865475
vn 1.2989340843532398e-16 1.2989340843532398e-16 -1
vn -0.49999999999999983 -0.49999999999999983 -0.7071067811865477
vn -0.7071067811865475 -0.7071067811865475 0
vn -0.5 -0.5 0.7071067811865475
vn -4.329780281177466e-17 -4.329780281177466e-17 1
vn 0.4999999999999999 0.4999999999999999 0.7071067811865476
vn 0.7071067811865475 0.7071067811865475 1.2246467991473532e-16
vn 0.5000000000000001 0.5000000000000001 -0.7071067811865475
vn 1.2989340843532398e-16 1.2989340843532398e-16 -1
vn -0.49999999999999983 -0.49999999999999983 -0.7071067811865477
vn -0.7071067811865475 -0.7071067811865475 0
vn -0.5 -0.5 0.7071067811865475
vn -4.329780281177466e-17 -4.329780281177466e-17 1
vn 0.4999999999999999 0.4999999999999999 0.7071067811865476
vn 0.7071067811865475 0.7071067811865475 1.2246467991473532e-16
vn 0.5000000000000001 0.5000000000000001 -0.7071067811865475
vn 1.2989340843532398e-16 1.2989340843532398e-16 -1
vn -0.49999999999999983 -0.49999999999999983 -0.7071067811865477
vn -0.7071067811865475 -0.7071067811865475 0
vn -0.5 -0.5 0.7071067811865475
vn -4.329780281177466e-17 -4.329780281177466e-17 1
vn 0.4999999999999999 0.4999999999999999 0.7071067811865476
vn 0.7071067811865475 0.7071067811865475 1.2246467991473532e-16
vn 0.5000000000000001 0.5000000000000001 -0.7071067811865475
vn 1.2989340843532398e-16 1.2989340843532398e-16 -1
vn -0.49999999999999983 -0.49999999999999983 -0.7071067811865477
vn -0.7071067811865475 -0.7071067811865475 0
vn -0.5 -0.5 0.7071067811865475
vn -4.329780281177466e-17 -4.329780281177466e-17 1
vn 0.4999999999999999 0.4999999999999999 0.7071067811865476
vn 0.7071067811865475 0.7071067811865475 1.2246467991473532e-16
vn 0.5000000000000001 0.5000000000000001 -0.7071067811865475
vn 1.2989340843532398e-16 1.2989340843532398e-16 -1
vn -0.49999999999999983 -0.49999999999999983 -0.7071067811865477
vn -0.7071067811865475 -0.7071067811865475 0
vn -0.5 -0.5 0.7071067811865475
vn -4.329780281177466e-17 -4.329780281177466e-17 1
vn 0.4999999999999999 0.4999999999999999 0.7071067811865476
vn 0.7071067811865475 0.7071067811865475 1.2246467991473532e-16
vn 0.5000000000000001 0.5000000000000001 -0.7071067811865475
vn 1.2989340843532398e-16 1.2989340843532398e-16 -1
vn -0.49999999999999983 -0.49999999999999983 -0.7071067811865477
vn -0.7071067811865475 -0.7071067811865475 0
vn -0.5 -0.5 0.7071067811865475
vn -4.329780281177466e-17 -4.329780281177466e-17 1
vn 0.4999999999999999 0.4999999999999999 0.7071067811865476
vn 0.7071067811865475 0.7071067811865475 1.2246467991473532e-16
vn 0.5000000000000001 0.5000000000000001 -0.7071067811865475
vn 1.2989340843532398e-16 1.2989340843532398e-16 -1
vn -0.49999999999999983 -0.49999999999999983 -0.7071067811865477
vn -0.7071067811865475 -0.7071067811865475 0
vn -0.5 -0.5 0.7071067811865475
vn -4.329780281177466e-17 -4.329780281177466e-17 1
vn 0.4999999999999999 0.4999999999999999 0.7071067811865476
vn 0.7071067811865475 0.7071067811865475 1.2246467991473532e-16
vn 0.5000000000000001 0.5000000000000001 -0.7071067811865475
vn 1.2989340843532398e-16 1.2989340843532398e-16 -1
vn -0.49999999999999983 -0.49999999999999983 -0.7071067811865477
vn -0.7071067811865475 -0.7071067811865475 0
vn -0.5 -0.5 0.7071067811865475
vn -4.329780281177466e-17 -4.329780281177466e-17 1
vn 0.4999999999999999 0.4999999999999999 0.7071067811865476
vn 0.7071067811865475 0.7071067811865475 1.2246467991473532e-16
vn 0.5000000000000001 0.5000000000000001 -0.7071067811865475
vn 1.2989340843532398e-16 1.2989340843532398e-16 -1
vn -0.49999999999999983 -0.49999999999999983 -0.7071067811865477
vn -0.7071067811865475 -0.7071067811865475 0
vn -0.5 -0.5 0.7071067811865475
vn -4.329780281177466e-17 -4.329780281177466e-17 1
vn 0.4999999999999999 0.4999999999999999 0.7071067811865476
vn 0.7071067811865475 0.7071067811865475 1.2246467991473532e-16
vn 0.5000000000000001 0.5000000000000001 -0.7071067811865475
vn 1.2989340843532398e-16 1.2989340843532398e-16 -1
vn -0.49999999999999983 -0.49999999999999983 -0.7071067811865477
vn -0.7071067811865475 -0.7071067811865475 0
vn -0.5 -0.5 0.7071067811865475
vn -4.329780281177466e-17 -4.329780281177466e-17 1
vn 0.4999999999999999 0.4999999999999999 0.7071067811865476
vn 0.7071067811865475 0.7071067811865475 1.2246467991473532e-16
vn 0.5000000000000001 0.5000000000000001 -0.7071067811865475
vn 1.2989340843532398e-16 1.2989340843532398e-16 -1
vn -0.49999999999999983 -0.49999999999999983 -0.7071067811865477
vn -0.7071067811865475 -0.7071067811865475 0
vn -0.5 -0.5 0.7071067811865475
vn -4.329780281177466e-17 -4.329780281177466e-17 1
vn 0.4999999999999999 0.4999999999999999 0.7071067811865476
vn 0.7071067811865475 0.7071067811865475 1.2246467991473532e-16
vn 0.5000000000000001 0.5000000000000001 -0.7071067811865475
vn 1.2989340843532398e-16 1.2989340843532398e-16 -1
vn -0.49999999999999983 -0.49999999999999983 -0.7071067811865477
vn -0.7071067811865475 -0.7071067811865475 0
vn -0.5 -0.5 0.7071067811865475
vn -4.329780281177466e-17 -4.329780281177466e-17 1
vn 0.4999999999999999 0.4999999999999999 0.7071067811865476
vn 0.7071067811865475 0.7071067811865475 1.2246467991473532e-16
vn 0.5000000000000001 0.5000000000000001 -0.7071067811865475
vn 1.2989340843532398e-16 1.2989340843532398e-16 -1
vn -0.49999999999999983 -0.49999999999999983 -0.7071067811865477
vn -0.7071067811865475 -0.7071067811865475 0
vn -0.5 -0.5 0.7071067811865475
vn -4.329780281177466e-17 -4.329780281177466e-17 1
vn 0.4999999999999999 0.4999999999999999 0.7071067811865476
vn 0.7071067811865475 0.7071067811865475 1.2246467991473532e-16
vn 0.5000000000000001 0.5000000000000001 -0.7071067811865475
vn 1.2989340843532398e-16 1.2989340843532398e-16 -1
vn -0.49999999999999983 -0.49999999999999983 -0.7071067811865477
vn -0.7071067811865475 -0.7071067811865475 0
vn -0.5 -0.5 0.7071067811865475
vn -4.329780281177466e-17 -4.329780281177466e-17 1
vn 0.4999999999999999 0.4999999999999999 0.7071067811865476
vn 0.7071067811865475 0.7071067811865475 1.2246467991473532e-16
vn 0.5000000000000001 0.5000000000000001 -0.7071067811865475
vn 1.2989340843532398e-16 1.2989340843532398e-16 -1
vn -0.49999999999999983 -0.49999999999999983 -0.7071067811865477
vn -0.7071067811865475 -0.7071067811865475 0
vn -0.5 -0.5 0.7071067811865475
vn -4.329780281177466e-17 -4.329780281177466e-17 1
vn 0.4999999999999999 0.4999999999999999 0.7071067811865476
vn 0.7071067811865475 0.7071067811865475 1.2246467991473532e-16
vn 0.5000000000000001 0.5000000000000001 -0.7071067811865475
vn 1.2989340843532398e-16 1.2989340843532398e-16 -1
vn -0.49999999999999983 -0.49999999999999983 -0.7071067811865477
vn -0.7071067811865475 -0.7071067811865475 0
vn -0.5 -0.5 0.7071067811865475
vn -4.329780281177466e-17 -4.329780281177466e-17 1
vn 0.4999999999999999 0.4999999999999999 0.7071067811865476
vn 0.7071067811865475 0.7071067811865475 1.2246467991473532e-16
vn 0.5000000000000001 0.5000000000000001 -0.7071067811865475
vn 1.2989340843532398e-16 1.2989340843532398e-16 -1
vn -0.49999999999999983 -0.49999999999999983 -0.7071067811865477
vn -0.7071067811865475 -0.7071067811865475 0
vn -0.5 -0.5 0.7071067811865475
vn -4.329780281177466e-17 -4.329780281177466e-17 1
vn 0.4999999999999999 0.4999999999999999 0.7071067811865476
vn 0.7071067811865475 0.7071067811865475 1.2246467991473532e-16
vn 0.5000000000000001 0.5000000000000001 -0.7071067811865475
vn 1.2989340843532398e-16 1.2989340843532398e-16 -1
vn -0.49999999999999983 -0.49999999999999983 -0.7071067811865477
vn -0.7071067811865475 -0.7071067811865475 0
vn -0.5 -0.5 0.7071067811865475
vn -4.329780281177466e-17 -4.329780281177466e-17 1
vn 0.4999999999999999 0.4999999999999999 0.7071067811865476
vn 0.7071067811865475 0.7071067811865475 1.2246467991473532e-16
vn 0.5000000000000001 0.5000000000000001 -0.7071067811865475
vn 1.2989340843532398e-16 1.2989340843532398e-16 -1
vn -0.49999999999999983 -0.49999999999999983 -0.7071067811865477
vn -0.7071067811865475 -0.7071067811865475 0
vn -0.5 -0.5 0.7071067811865475
vn -4.329780281177466e-17 -4.329780281177466e-17 1
vn 0.4999999999999999 0.4999999999999999 0.7071067811865476
vn 0.7071067811865475 0.7071067811865475 1.2246467991473532e-16
vn 0.5000000000000001 0.5000000000000001 -0.7071067811865475
vn 1.2989340843532398e-16 1.2989340843532398e-16 -1
vn -0.49999999999999983 -0.49999999999999983 -0.7071067811865477
vn -0.7071067811865475 -0.7071067811865475 0
vn -0.5 -0.5 0.7071067811865475
vn -4.329780281177466e-17 -4.329780281177466e-17 1
vn 0.4999999999999999 0.4999999999999999 0.7071067811865476
vn 0.7071067811865475 0.7071067811865475 1.2246467991473532e-16
vn 0.5000000000000001 0.5000000000000001 -0.7071067811865475
vn 1.2989340843532398e-16 1.2989340843532398e-16 -1
vn -0.49999999999999983 -0.49999999999999983 -0.7071067811865477
vn -0.7071067811865475 -0.7071067811865475 0
vn -0.5 -0.5 0.7071067811865475
vn -4.329780281177466e-17 -4.329780281177466e-17 1
vn 0.4999999999999999 0.4999999999999999 0.7071067811865476
vn 0.7071067811865475 0.7071067811865475 1.2246467991473532e-16
vn 0.5000000000000001 0.5000000000000001 -0.7071067811865475
vn 1.2989340843532398e-16 1.2989340843532398e-16 -1
vn -0.49999999999999983 -0.49999999999999983 -0.7071067811865477
vn -0.7071067811865475 -0.7071067811865475 0
vn -0.5 -0.5 0.7071067811865475
vn -4.329780281177466e-17 -4.329780281177466e-17 1
vn 0.4999999999999999 0.4999999999999999 0.7071067811865476
vn 0.7071067811865475 0.7071067811865475 1.2246467991473532e-16
vn 0.5000000000000001 0.5000000000000001 -0.7071067811865475
vn 1.2989340843532398e-16 1.2989340843532398e-16 -1
vn -0.49999999999999983 -0.49999999999999983 -0.7071067811865477
vn -0.7071067811865475 -0.7071067811865475 0
vn -0.5 -0.5 0.7071067811865475
vn -4.329780281177466e-17 -4.329780281177466e-17 1
vn 0.4999999999999999 0.4999999999999999 0.7071067811865476
vn 0.7071067811865475 0.7071067811865475 1.2246467991473532e-16
vn 0.5000000000000001 0.5000000000000001 -0.7071067811865475
vn 1.2989340843532398e-16 1.2989340843532398e-16 -1
vn -0.49999999999999983 -0.49999999999999983 -0.7071067811865477
vn -0.7071067811865475 -0.7071067811865475 0
vn -0.5 -0.5 0.7071067811865475
vn -4.329780281177466e-17 -4.329780281177466e-17 1
vn 0.4999999999999999 0.4999999999999999 0.7071067811865476
vn 0.7071067811865475 0.7071067811865475 1.2246467991473532e-16
vn 0.5000000000000001 0.5000000000000001 -0.7071067811865475
vn 1.2989340843532398e-16 1.2989340843532398e-16 -1
vn -0.49999999999999983 -0.49999999999999983 -0.7071067811865477
vn -0.7071067811865475 -0.7071067811865475 0
vn -0.5 -0.5 0.7071067811865475
vn -4.329780281177466e-17 -4.329780281177466e-17 1
vn 0.4999999999999999 0.4999999999999999 0.7071067811865476
vn 0.7071067811865475 0.7071067811865475 1.2246467991473532e-16
vn 0.5000000000000001 0.5000000000000001 -0.7071067811865475
vn 1.2989340843532398e-16 1.2989340843532398e-16 -1
vn -0.49999999999999983 -0.49999999999999983 -0.7071067811865477
vn -0.7071067811865475 -0.7071067811865475 0
vn -0.5 -0.5 0.7071067811865475
vn -4.329780281177466e-17 -4.329780281177466e-17 1
vn 0.4999999999999999 0.4999999999999999 0.7071067811865476
vn 0.7071067811865475 0.7071067811865475 1.2246467991473532e-16
vn 0.5000000000000001 0.5000000000000001 -0.7071067811865475
vn 1.2989340843532398e-16 1.2989340843532398e-16 -1
vn -0.49999999999999983 -0.49999999999999983 -0.7071067811865477
vn -0.7071067811865475 -0.7071067811865475 0
vn -0.5 -0.5 0.7071067811865475
vn -4.329780281177466e-17 -4.329780281177466e-17 1
vn 0.4999999999999999 0.4999999999999999 0.7071067811865476
vn 0.7071067811865475 0.7071067811865475 1.2246467991473532e-16
vn 0.5000000000000001 0.5000000000000001 -0.7071067811865475
vn 1.2989340843532398e-16 1.2989340843532398e-16 -1
vn -0.49999999999999983 -0.49999999999999983 -0.7071067811865477
vn -0.7071067811865475 -0.7071067811865475 0
vn -0.5 -0.5 0.7071067811865475
vn -4.329780281177466e-17 -4.329780281177466e-17 1
vn 0.4999999999999999 0.4999999999999999 0.7071067811865476
vn 0.7071067811865475 0.7071067811865475 1.2246467991473532e-16
vn 0.5000000000000001 0.5000000000000001 -0.7071067811865475
vn 1.2989340843532398e-16 1.2989340843532398e-16 -1
vn -0.49999999999999983 -0.49999999999999983 -0.7071067811865477
vn -0.7071067811865475 -0.7071067811865475 0
vn -0.5 -0.5 0.7071067811865475
vn -4.329780281177466e-17 -4.329780281177466e-17 1
vn 0.4999999999999999 0.4999999999999999 0.7071067811865476
vn 0.7071067811865475 0.7071067811865475 1.2246467991473532e-16
vn 0.5000000000000001 0.5000000000000001 -0.7071067811865475
vn 1.2989340843532398e-16 1.2989340843532398e-16 -1
vn -0.49999999999999983 -0.49999999999999983 -0.7071067811865477
vn -0.7071067811865475 -0.7071067811865475 0
vn -0.5 -0.5 0.7071067811865475
vn -4.329780281177466e-17 -4.329780281177466e-17 1
vn 0.4999999999999999 0.4999999999999999 0.7071067811865476
vn 0.7071067811865475 0.7071067811865475 1.2246467991473532e-16
vn 0.5000000000000001 0.5000000000000001 -0.7071067811865475
vn 1.2989340843532398e-16 1.2989340843532398e-16 -1
vn -0.49999999999999983 -0.49999999999999983 -0.7071067811865477
vn -0.7071067811865475 -0.7071067811865475 0
vn -0.5 -0.5 0.7071067811865475
vn -4.329780281177466e-17 -4.329780281177466e-17 1
vn 0.4999999999999999 0.4999999999999999 0.7071067811865476
vn 0.7071067811865475 0.7071067811865475 1.2246467991473532e-16
vn 0.5000000000000001 0.5000000000000001 -0.7071067811865475
vn 1.2989340843532398e-16 1.2989340843532398e-16 -1
vn -0.49999999999999983 -0.49999999999999983 -0.7071067811865477
vn -0.7071067811865475 -0.7071067811865475 0
vn -0.5 -0.5 0.7071067811865475
vn -4.329780281177466e-17 -4.329780281177466e-17 1
vn 0.4999999999999999 0.4999999999999999 0.7071067811865476
vn 0.7071067811865475 0.7071067811865475 1.2246467991473532e-16
vn 0.5000000000000001 0.5000000000000001 -0.7071067811865475
vn 1.2989340843532398e-16 1.2989340843532398e-16 -1
vn -0.49999999999999983 -0.49999999999999983 -0.7071067811865477
vn -0.7071067811865475 -0.7071067811865475 0
vn -0.5 -0.5 0.7071067811865475
vn -4.329780281177466e-17 -4.329780281177466e-17 1
vn 0.4999999999999999 0.4999999999999999 0.7071067811865476
vn 0.7071067811865475 0.7071067811865475 1.2246467991473532e-16
vn 0.5000000000000001 0.5000000000000001 -0.7071067811865475
vn 1.2989340843532398e-16 1.2989340843532398e-16 -1
vn -0.49999999999999983 -0.49999999999999983 -0.7071067811865477
vn -0.7071067811865475 -0.7071067811865475 0
vn -0.5 -0.5 0.7071067811865475
vn -4.329780281177466e-17 -4.329780281177466e-17 1
vn 0.4999999999999999 0.4999999999999999 0.7071067811865476
vn 0.7071067811865475 0.7071067811865475 1.2246467991473532e-16
vn 0.5000000000000001 0.5000000000000001 -0.7071067811865475
vn 1.2989340843532398e-16 1.2989340843532398e-16 -1
vn -0.49999999999999983 -0.49999999999999983 -0.7071067811865477
vn -0.7071067811865475 -0.7071067811865475 0
vn -0.5 -0.5 0.7071067811865475
vn -4.329780281177466e-17 -4.329780281177466e-17 1
vn 0.4999999999999999 0.4999999999999999 0.7071067811865476
vn 0.7071067811865475 0.7071067811865475 1.2246467991473532e-16
vn 0.5000000000000001 0.5000000000000001 -0.7071067811865475
vn 1.2989340843532398e-16 1.2989340843532398e-16 -1
vn -0.49999999999999983 -0.49999999999999983 -0.7071067811865477
vn -0.7071067811865475 -0.7071067811865475 0
vn -0.5 -0.5 0.7071067811865475
vn -4.329780281177466e-17 -4.329780281177466e-17 1
vn 0.4999999999999999 0.4999999999999999 0.7071067811865476
vn 0.7071067811865475 0.7071067811865475 1.2246467991473532e-16
vn 0.5000000000000001 0.5000000000000001 -0.7071067811865475
vn 1.2989340843532398e-16 1.2989340843532398e-16 -1
vn -0.49999999999999983 -0.49999999999999983 -0.7071067811865477
vn -0.7071067811865475 -0.7071067811865475 0
vn -0.5 -0.5 0.7071067811865475
vn -4.329780281177466e-17 -4.329780281177466e-17 1
vn 0.4999999999999999 0.4999999999999999 0.7071067811865476
vn 0.7071067811865475 0.7071067811865475 1.2246467991473532e-16
vn 0.5000000000000001 0.5000000000000001 -0.7071067811865475
vn 1.2989340843532398e-16 1.2989340843532398e-16 -1
vn -0.49999999999999983 -0.49999999999999983 -0.7071067811865477
vn -0.7071067811865475 -0.7071067811865475 0
vn -0.5 -0.5 0.7071067811865475
vn -4.329780281177466e-17 -4.329780281177466e-17 1
vn 0.4999999999999999 0.4999999999999999 0.7071067811865476
vn 0.7071067811865475 0.7071067811865475 1.2246467991473532e-16
vn 0.5000000000000001 0.5000000000000001 -0.7071067811865475
vn 1.2989340843532398e-16 1.2989340843532398e-16 -1
vn -0.49999999999999983 -0.49999999999999983 -0.7071067811865477
vn -0.7071067811865475 -0.7071067811865475 0
vn -0.5 -0.5 0.7071067811865475
vn -4.329780281177466e-17 -4.329780281177466e-17 1
vn 0.4999999999999999 0.4999999999999999 0.7071067811865476
vn 0.7071067811865475 0.7071067811865475 1.2246467991473532e-16
vn 0.5000000000000001 0.5000000000000001 -0.7071067811865475
vn 1.2989340843532398e-16 1.2989340843532398e-16 -1
vn -0.49999999999999983 -0.49999999999999983 -0.7071067811865477
vn -0.7071067811865475 -0.7071067811865475 0
vn -0.5 -0.5 0.7071067811865475
vn -4.329780281177466e-17 -4.329780281177466e-17 1
vn 0.4999999999999999 0.4999999999999999 0.7071067811865476
vn 0.7071067811865475 0.7071067811865475 1.2246467991473532e-16
vn 0.5000000000000001 0.5000000000000001 -0.7071067811865475
vn 1.2989340843532398e-16 1.2989340843532398e-16 -1
vn -0.49999999999999983 -0.49999999999999983 -0.7071067811865477
vn -0.7071067811865475 -0.7071067811865475 0
vn -0.5 -0.5 0.7071067811865475
vn -4.329780281177466e-17 -4.329780281177466e-17 1
vn 0.4999999999999999 0.4999999999999999 0.7071067811865476
vn 0.7071067811865475 0.7071067811865475 1.2246467991473532e-16
vn 0.5000000000000001 0.5000000000000001 -0.7071067811865475
vn 1.2989340843532398e-16 1.2989340843532398e-16 -1
vn -0.49999999999999983 -0.49999999999999983 -0.7071067811865477
vn -0.7071067811865475 -0.7071067811865475 0
vn -0.5 -0.5 0.7071067811865475
vn -4.329780281177466e-17 -4.329780281177466e-17 1
vn 0.4999999999999999 0.4999999999999999 0.7071067811865476
vn 0.7071067811865475 0.7071067811865475 1.2246467991473532e-16
vn 0.5000000000000001 0.5000000000000001 -0.7071067811865475
vn 1.2989340843532398e-16 1.2989340843532398e-16 -1
vn -0.49999999999999983 -0.49999999999999983 -0.7071067811865477
vn -0.7071067811865475 -0.7071067811865475 0
vn -0.5 -0.5 0.7071067811865475
vn -4.329780281177466e-17 -4.329780281177466e-17 1
vn 0.4999999999999999 0.4999999999999999 0.7071067811865476
vn 0.7071067811865475 0.7071067811865475 1.2246467991473532e-16
vn 0.5000000000000001 0.5000000000000001 -0.7071067811865475
vn 1.2989340843532398e-16 1.2989340843532398e-16 -1
vn -0.49999999999999983 -0.49999999999999983 -0.7071067811865477
vn -0.7071067811865475 -0.7071067811865475 0
vn -0.5 -0.5 0.7071067811865475
vn -4.329780281177466e-17 -4.329780281177466e-17 1
vn 0.4999999999999999 0.4999999999999999 0.7071067811865476
vn 0.7071067811865475 0.7071067811865475 1.2246467991473532e-16
vn 0.5000000000000001 0.5000000000000001 -0.7071067811865475
vn 1.2989340843532398e-16 1.2989340843532398e-16 -1
vn -0.49999999999999983 -0.49999999999999983 -0.7071067811865477
vn -0.7071067811865475 -0.7071067811865475 0
vn -0.5 -0.5 0.7071067811865475
vn -4.329780281177466e-17 -4.329780281177466e-17 1
vn 0.4999999999999999 0.4999999999999999 0.7071067811865476
vn 0.7071067811865475 0.7071067811865475 1.2246467991473532e-16
vn 0.5000000000000001 0.5000000000000001 -0.7071067811865475
vn 1.2989340843532398e-16 1.2989340843532398e-16 -1
vn -0.49999999999999983 -0.49999999999999983 -0.7071067811865477
vn -0.7071067811865476 -0.7071067811865476 0
vn -0.5000000000000001 -0.5000000000000001 0.7071067811865475
vn -4.329780281177467e-17 -4.329780281177467e-17 1
vn 0.5 0.5 0.7071067811865476
vn 0.7071067811865476 0.7071067811865476 1.2246467991473532e-16
vn 0.5000000000000001 0.5000000000000001 -0.7071067811865475
vn 1.29893408435324e-16 1.29893408435324e-16 -1
vn -0.4999999999999999 -0.4999999999999999 -0.7071067811865477
vn -0.7071067811865476 -0.7071067811865476 0
vn -0.5000000000000001 -0.5000000000000001 0.7071067811865475
vn -4.329780281177467e-17 -4.329780281177467e-17 1
vn 0.5 0.5 0.7071067811865476
vn 0.7071067811865476 0.7071067811865476 1.2246467991473532e-16
vn 0.5000000000000001 0.5000000000000001 -0.7071067811865475
vn 1.29893408435324e-16 1.29893408435324e-16 -1
vn -0.4999999999999999 -0.4999999999999999 -0.7071067811865477
vn -0.7071067811865476 -0.7071067811865476 0
vn -0.5000000000000001 -0.5000000000000001 0.7071067811865475
vn -4.329780281177467e-17 -4.329780281177467e-17 1
vn 0.5 0.5 0.7071067811865476
vn 0.7071067811865476 0.7071067811865476 1.2246467991473532e-16
vn 0.5000000000000001 0.5000000000000001 -0.7071067811865475
vn 1.29893408435324e-16 1.29893408435324e-16 -1
vn -0.4999999999999999 -0.4999999999999999 -0.7071067811865477
vn -0.7071067811865476 -0.7071067811865476 0
vn -0.5000000000000001 -0.5000000000000001 0.7071067811865475
vn -4.329780281177467e-17 -4.329780281177467e-17 1
vn 0.5 0.5 0.7071067811865476
vn 0.7071067811865476 0.7071067811865476 1.2246467991473532e-16
vn 0.5000000000000001 0.5000000000000001 -0.7071067811865475
vn 1.29893408435324e-16 1.29893408435324e-16 -1
vn -0.4999999999999999 -0.4999999999999999 -0.7071067811865477
vn -0.7071067811865476 -0.7071067811865476 0
vn -0.5000000000000001 -0.5000000000000001 0.7071067811865475
vn -4.329780281177467e-17 -4.329780281177467e-17 1
vn 0.5 0.5 0.7071067811865476
vn 0.7071067811865476 0.7071067811865476 1.2246467991473532e-16
vn 0.5000000000000001 0.5000000000000001 -0.7071067811865475
vn 1.29893408435324e-16 1.29893408435324e-16 -1
vn -0.4999999999999999 -0.4999999999999999 -0.7071067811865477
vn -0.7071067811865476 -0.7071067811865476 0
vn -0.5000000000000001 -0.5000000000000001 0.7071067811865475
vn -4.329780281177467e-17 -4.329780281177467e-17 1
vn 0.5 0.5 0.7071067811865476
vn 0.7071067811865476 0.7071067811865476 1.2246467991473532e-16
vn 0.5000000000000001 0.5000000000000001 -0.7071067811865475
vn 1.29893408435324e-16 1.29893408435324e-16 -1
vn -0.4999999999999999 -0.4999999999999999 -0.7071067811865477
vn -0.7071067811865476 -0.7071067811865476 0
vn -0.5000000000000001 -0.5000000000000001 0.7071067811865475
vn -4.329780281177467e-17 -4.329780281177467e-17 1
vn 0.5 0.5 0.7071067811865476
vn 0.7071067811865476 0.7071067811865476 1.2246467991473532e-16
vn 0.5000000000000001 0.5000000000000001 -0.7071067811865475
vn 1.29893408435324e-16 1.29893408435324e-16 -1
vn -0.4999999999999999 -0.4999999999999999 -0.7071067811865477
vn -0.7071067811865476 -0.7071067811865476 0
vn -0.5000000000000001 -0.5000000000000001 0.7071067811865475
vn -4.329780281177467e-17 -4.329780281177467e-17 1
vn 0.5 0.5 0.7071067811865476
vn 0.7071067811865476 0.7071067811865476 1.2246467991473532e-16
vn 0.5000000000000001 0.5000000000000001 -0.7071067811865475
vn 1.29893408435324e-16 1.29893408435324e-16 -1
vn -0.4999999999999999 -0.4999999999999999 -0.7071067811865477
vn -0.7071067811865476 -0.7071067811865476 0
vn -0.5000000000000001 -0.5000000000000001 0.7071067811865475
vn -4.329780281177467e-17 -4.329780281177467e-17 1
vn 0.5 0.5 0.7071067811865476
vn 0.7071067811865476 0.7071067811865476 1.2246467991473532e-16
vn 0.5000000000000001 0.5000000000000001 -0.7071067811865475
vn 1.29893408435324e-16 1.29893408435324e-16 -1
vn -0.4999999999999999 -0.4999999999999999 -0.7071067811865477
vn -0.7071067811865476 -0.7071067811865476 0
vn -0.5000000000000001 -0.5000000000000001 0.7071067811865475
vn -4.329780281177467e-17 -4.329780281177467e-17 1
vn 0.5 0.5 0.7071067811865476
vn 0.7071067811865476 0.7071067811865476 1.2246467991473532e-16
vn 0.5000000000000001 0.5000000000000001 -0.7071067811865475
vn 1.29893408435324e-16 1.29893408435324e-16 -1
vn -0.4999999999999999 -0.4999999999999999 -0.7071067811865477
vn -0.7071067811865476 -0.7071067811865476 0
vn -0.5000000000000001 -0.5000000000000001 0.7071067811865475
vn -4.329780281177467e-17 -4.329780281177467e-17 1
vn 0.5 0.5 0.7071067811865476
vn 0.7071067811865476 0.7071067811865476 1.2246467991473532e-16
vn 0.5000000000000001 0.5000000000000001 -0.7071067811865475
vn 1.29893408435324e-16 1.29893408435324e-16 -1
vn -0.4999999999999999 -0.4999999999999999 -0.7071067811865477
vn -0.7071067811865476 -0.7071067811865476 0
vn -0.5000000000000001 -0.5000000000000001 0.7071067811865475
vn -4.329780281177467e-17 -4.329780281177467e-17 1
vn 0.5 0.5 0.7071067811865476
vn 0.7071067811865476 0.7071067811865476 1.2246467991473532e-16
vn 0.5000000000000001 0.5000000000000001 -0.7071067811865475
vn 1.29893408435324e-16 1.29893408435324e-16 -1
vn -0.4999999999999999 -0.4999999999999999 -0.7071067811865477
vn -0.7071067811865476 -0.7071067811865476 0
vn -0.5000000000000001 -0.5000000000000001 0.7071067811865475
vn -4.329780281177467e-17 -4.329780281177467e-17 1
vn 0.5 0.5 0.7071067811865476
vn 0.7071067811865476 0.7071067811865476 1.2246467991473532e-16
vn 0.5000000000000001 0.5000000000000001 -0.7071067811865475
vn 1.29893408435324e-16 1.29893408435324e-16 -1
vn -0.4999999999999999 -0.4999999999999999 -0.7071067811865477
vn -0.7071067811865476 -0.7071067811865476 0
vn -0.5000000000000001 -0.5000000000000001 0.7071067811865475
vn -4.329780281177467e-17 -4.329780281177467e-17 1
vn 0.5 0.5 0.7071067811865476
vn 0.7071067811865476 0.7071067811865476 1.2246467991473532e-16
vn 0.5000000000000001 0.5000000000000001 -0.7071067811865475
vn 1.29893408435324e-16 1.29893408435324e-16 -1
vn -0.4999999999999999 -0.4999999999999999 -0.7071067811865477
vn -0.7071067811865476 -0.7071067811865476 0
vn -0.5000000000000001 -0.5000000000000001 0.7071067811865475
vn -4.329780281177467e-17 -4.329780281177467e-17 1
vn 0.5 0.5 0.7071067811865476
vn 0.7071067811865476 0.7071067811865476 1.2246467991473532e-16
vn 0.5000000000000001 0.5000000000000001 -0.7071067811865475
vn 1.29893408435324e-16 1.29893408435324e-16 -1
vn -0.4999999999999999 -0.4999999999999999 -0.7071067811865477
vn -0.7071067811865476 -0.7071067811865476 0
vn -0.5000000000000001 -0.5000000000000001 0.7071067811865475
vn -4.329780281177467e-17 -4.329780281177467e-17 1
vn 0.5 0.5 0.7071067811865476
vn 0.7071067811865476 0.7071067811865476 1.2246467991473532e-16
vn 0.5000000000000001 0.5000000000000001 -0.7071067811865475
vn 1.29893408435324e-16 1.29893408435324e-16 -1
vn -0.4999999999999999 -0.4999999999999999 -0.7071067811865477
vn -0.7071067811865476 -0.7071067811865476 0
vn -0.5000000000000001 -0.5000000000000001 0.7071067811865475
vn -4.329780281177467e-17 -4.329780281177467e-17 1
vn 0.5 0.5 0.7071067811865476
vn 0.7071067811865476 0.7071067811865476 1.2246467991473532e-16
vn 0.5000000000000001 0.5000000000000001 -0.7071067811865475
vn 1.29893408435324e-16 1.29893408435324e-16 -1
vn -0.4999999999999999 -0.4999999999999999 -0.7071067811865477
vn -0.7071067811865476 -0.7071067811865476 0
vn -0.5000000000000001 -0.5000000000000001 0.7071067811865475
vn -4.329780281177467e-17 -4.329780281177467e-17 1
vn 0.5 0.5 0.7071067811865476
vn 0.7071067811865476 0.7071067811865476 1.2246467991473532e-16
vn 0.5000000000000001 0.5000000000000001 -0.7071067811865475
vn 1.29893408435324e-16 1.29893408435324e-16 -1
vn -0.4999999999999999 -0.4999999999999999 -0.7071067811865477
vn -0.7071067811865476 -0.7071067811865476 0
vn -0.5000000000000001 -0.5000000000000001 0.7071067811865475
vn -4.329780281177467e-17 -4.329780281177467e-17 1
vn 0.5 0.5 0.7071067811865476
vn 0.7071067811865476 0.7071067811865476 1.2246467991473532e-16
vn 0.5000000000000001 0.5000000000000001 -0.7071067811865475
vn 1.29893408435324e-16 1.29893408435324e-16 -1
vn -0.4999999999999999 -0.4999999999999999 -0.7071067811865477
vn -0.7071067811865476 -0.7071067811865476 0
vn -0.5000000000000001 -0.5000000000000001 0.7071067811865475
vn -4.329780281177467e-17 -4.329780281177467e-17 1
vn 0.5 0.5 0.7071067811865476
vn 0.7071067811865476 0.7071067811865476 1.2246467991473532e-16
vn 0.5000000000000001 0.5000000000000001 -0.7071067811865475
vn 1.29893408435324e-16 1.29893408435324e-16 -1
vn -0.4999999999999999 -0.4999999999999999 -0.7071067811865477
vn -0.7071067811865476 -0.7071067811865476 0
vn -0.5000000000000001 -0.5000000000000001 0.7071067811865475
vn -4.329780281177467e-17 -4.329780281177467e-17 1
vn 0.5 0.5 0.7071067811865476
vn 0.7071067811865476 0.7071067811865476 1.2246467991473532e-16
vn 0.5000000000000001 0.5000000000000001 -0.7071067811865475
vn 1.29893408435324e-16 1.29893408435324e-16 -1
vn -0.4999999999999999 -0.4999999999999999 -0.7071067811865477
vn -0.7071067811865476 -0.7071067811865476 0
vn -0.5000000000000001 -0.5000000000000001 0.7071067811865475
vn -4.329780281177467e-17 -4.329780281177467e-17 1
vn 0.5 0.5 0.7071067811865476
vn 0.7071067811865476 0.7071067811865476 1.2246467991473532e-16
vn 0.5000000000000001 0.5000000000000001 -0.7071067811865475
vn 1.29893408435324e-16 1.29893408435324e-16 -1
vn -0.4999999999999999 -0.4999999999999999 -0.7071067811865477
vn -0.7071067811865476 -0.7071067811865476 0
vn -0.5000000000000001 -0.5000000000000001 0.7071067811865475
vn -4.329780281177467e-17 -4.329780281177467e-17 1
vn 0.5 0.5 0.7071067811865476
vn 0.7071067811865476 0.7071067811865476 1.2246467991473532e-16
vn 0.5000000000000001 0.5000000000000001 -0.7071067811865475
vn 1.29893408435324e-16 1.29893408435324e-16 -1
vn -0.4999999999999999 -0.4999999999999999 -0.7071067811865477
vn -0.7071067811865476 -0.7071067811865476 0
vn -0.5000000000000001 -0.5000000000000001 0.7071067811865475
vn -4.329780281177467e-17 -4.329780281177467e-17 1
vn 0.5 0.5 0.7071067811865476
vn 0.7071067811865476 0.7071067811865476 1.2246467991473532e-16
vn 0.5000000000000001 0.5000000000000001 -0.7071067811865475
vn 1.29893408435324e-16 1.29893408435324e-16 -1
vn -0.4999999999999999 -0.4999999999999999 -0.7071067811865477
vn -0.7071067811865476 -0.7071067811865476 0
vn -0.5000000000000001 -0.5000000000000001 0.7071067811865475
vn -4.329780281177467e-17 -4.329780281177467e-17 1
vn 0.5 0.5 0.7071067811865476
vn 0.7071067811865476 0.7071067811865476 1.2246467991473532e-16
vn 0.5000000000000001 0.5000000000000001 -0.7071067811865475
vn 1.29893408435324e-16 1.29893408435324e-16 -1
vn -0.4999999999999999 -0.4999999999999999 -0.7071067811865477
vn -0.7071067811865476 -0.7071067811865476 0
vn -0.5000000000000001 -0.5000000000000001 0.7071067811865475
vn -4.329780281177467e-17 -4.329780281177467e-17 1
vn 0.5 0.5 0.7071067811865476
vn 0.7071067811865476 0.7071067811865476 1.2246467991473532e-16
vn 0.5000000000000001 0.5000000000000001 -0.7071067811865475
vn 1.29893408435324e-16 1.29893408435324e-16 -1
vn -0.4999999999999999 -0.4999999999999999 -0.7071067811865477
vn -0.7071067811865476 -0.7071067811865476 0
vn -0.5000000000000001 -0.5000000000000001 0.7071067811865475
vn -4.329780281177467e-17 -4.329780281177467e-17 1
vn 0.5 0.5 0.7071067811865476
vn 0.7071067811865476 0.7071067811865476 1.2246467991473532e-16
vn 0.5000000000000001 0.5000000000000001 -0.7071067811865475
vn 1.29893408435324e-16 1.29893408435324e-16 -1
vn -0.4999999999999999 -0.4999999999999999 -0.7071067811865477
vn -0.7071067811865476 -0.7071067811865476 0
vn -0.5000000000000001 -0.5000000000000001 0.7071067811865475
vn -4.329780281177467e-17 -4.329780281177467e-17 1
vn 0.5 0.5 0.7071067811865476
vn 0.7071067811865476 0.7071067811865476 1.2246467991473532e-16
vn 0.5000000000000001 0.5000000000000001 -0.7071067811865475
vn 1.29893408435324e-16 1.29893408435324e-16 -1
vn -0.4999999999999999 -0.4999999999999999 -0.7071067811865477
vn -0.7071067811865476 -0.7071067811865476 0
vn -0.5000000000000001 -0.5000000000000001 0.7071067811865475
vn -4.329780281177467e-17 -4.329780281177467e-17 1
vn 0.5 0.5 0.7071067811865476
vn 0.7071067811865476 0.7071067811865476 1.2246467991473532e-16
vn 0.5000000000000001 0.5000000000000001 -0.7071067811865475
vn 1.29893408435324e-16 1.29893408435324e-16 -1
vn -0.4999999999999999 -0.4999999999999999 -0.7071067811865477
vn -0.7071067811865476 -0.7071067811865476 0
vn -0.5000000000000001 -0.5000000000000001 0.7071067811865475
vn -4.329780281177467e-17 -4.329780281177467e-17 1
vn 0.5 0.5 0.7071067811865476
vn 0.7071067811865476 0.7071067811865476 1.2246467991473532e-16
vn 0.5000000000000001 0.5000000000000001 -0.7071067811865475
vn 1.29893408435324e-16 1.29893408435324e-16 -1
vn -0.4999999999999999 -0.4999999999999999 -0.7071067811865477
vn -0.7071067811865476 -0.7071067811865476 0
vn -0.5000000000000001 -0.5000000000000001 0.7071067811865475
vn -4.329780281177467e-17 -4.329780281177467e-17 1
vn 0.5 0.5 0.7071067811865476
vn 0.7071067811865476 0.7071067811865476 1.2246467991473532e-16
vn 0.5000000000000001 0.5000000000000001 -0.7071067811865475
vn 1.29893408435324e-16 1.29893408435324e-16 -1
vn -0.4999999999999999 -0.4999999999999999 -0.7071067811865477
vn -0.7071067811865476 -0.7071067811865476 0
vn -0.5000000000000001 -0.5000000000000001 0.7071067811865475
vn -4.329780281177467e-17 -4.329780281177467e-17 1
vn 0.5 0.5 0.7071067811865476
vn 0.7071067811865476 0.7071067811865476 1.2246467991473532e-16
vn 0.5000000000000001 0.5000000000000001 -0.7071067811865475
vn 1.29893408435324e-16 1.29893408435324e-16 -1
vn -0.4999999999999999 -0.4999999999999999 -0.7071067811865477
vn -0.7071067811865476 -0.7071067811865476 0
vn -0.5000000000000001 -0.5000000000000001 0.7071067811865475
vn -4.329780281177467e-17 -4.329780281177467e-17 1
vn 0.5 0.5 0.7071067811865476
vn 0.7071067811865476 0.7071067811865476 1.2246467991473532e-16
vn 0.5000000000000001 0.5000000000000001 -0.7071067811865475
vn 1.29893408435324e-16 1.29893408435324e-16 -1
vn -0.4999999999999999 -0.4999999999999999 -0.7071067811865477
vn -0.7071067811865476 -0.7071067811865476 0
vn -0.5000000000000001 -0.5000000000000001 0.7071067811865475
vn -4.329780281177467e-17 -4.329780281177467e-17 1
vn 0.5 0.5 0.7071067811865476
vn 0.7071067811865476 0.7071067811865476 1.2246467991473532e-16
vn 0.5000000000000001 0.5000000000000001 -0.7071067811865475
vn 1.29893408435324e-16 1.29893408435324e-16 -1
vn -0.4999999999999999 -0.4999999999999999 -0.7071067811865477
vn -0.7071067811865476 -0.7071067811865476 0
vn -0.5000000000000001 -0.5000000000000001 0.7071067811865475
vn -4.329780281177467e-17 -4.329780281177467e-17 1
vn 0.5 0.5 0.7071067811865476
vn 0.7071067811865476 0.7071067811865476 1.2246467991473532e-16
vn 0.5000000000000001 0.5000000000000001 -0.7071067811865475
vn 1.29893408435324e-16 1.29893408435324e-16 -1
vn -0.4999999999999999 -0.4999999999999999 -0.7071067811865477
vn -0.7071067811865476 -0.7071067811865476 0
vn -0.5000000000000001 -0.5000000000000001 0.7071067811865475
vn -4.329780281177467e-17 -4.329780281177467e-17 1
vn 0.5 0.5 0.7071067811865476
vn 0.7071067811865476 0.7071067811865476 1.2246467991473532e-16
vn 0.5000000000000001 0.5000000000000001 -0.7071067811865475
vn 1.29893408435324e-16 1.29893408435324e-16 -1
vn -0.4999999999999999 -0.4999999999999999 -0.7071067811865477
vn -0.7071067811865475 -0.7071067811865475 0
vn -0.5 -0.5 0.7071067811865475
vn -4.329780281177466e-17 -4.329780281177466e-17 1
vn 0.4999999999999999 0.4999999999999999 0.7071067811865476
vn 0.7071067811865475 0.7071067811865475 1.2246467991473532e-16
vn 0.5000000000000001 0.5000000000000001 -0.7071067811865475
vn 1.2989340843532398e-16 1.2989340843532398e-16 -1
vn -0.49999999999999983 -0.49999999999999983 -0.7071067811865477
vn -0.7071067811865475 -0.7071067811865475 0
vn -0.5 -0.5 0.7071067811865475
vn -4.329780281177466e-17 -4.329780281177466e-17 1
vn 0.4999999999999999 0.4999999999999999 0.7071067811865476
vn 0.7071067811865475 0.7071067811865475 1.2246467991473532e-16
vn 0.5000000000000001 0.5000000000000001 -0.7071067811865475
vn 1.2989340843532398e-16 1.2989340843532398e-16 -1
vn -0.49999999999999983 -0.49999999999999983 -0.7071067811865477
vn -0.7071067811865475 -0.7071067811865475 0
vn -0.5 -0.5 0.7071067811865475
vn -4.329780281177466e-17 -4.329780281177466e-17 1
vn 0.4999999999999999 0.4999999999999999 0.7071067811865476
vn 0.7071067811865475 0.7071067811865475 1.2246467991473532e-16
vn 0.5000000000000001 0.5000000000000001 -0.7071067811865475
vn 1.2989340843532398e-16 1.2989340843532398e-16 -1
vn -0.49999999999999983 -0.49999999999999983 -0.7071067811865477
vn -0.7071067811865475 -0.7071067811865475 0
vn -0.5 -0.5 0.7071067811865475
vn -4.329780281177466e-17 -4.329780281177466e-17 1
vn 0.4999999999999999 0.4999999999999999 0.7071067811865476
vn 0.7071067811865475 0.7071067811865475 1.2246467991473532e-16
vn 0.5000000000000001 0.5000000000000001 -0.7071067811865475
vn 1.2989340843532398e-16 1.2989340843532398e-16 -1
vn -0.49999999999999983 -0.49999999999999983 -0.7071067811865477
vn -0.7071067811865475 -0.7071067811865475 0
vn -0.5 -0.5 0.7071067811865475
vn -4.329780281177466e-17 -4.329780281177466e-17 1
vn 0.4999999999999999 0.4999999999999999 0.7071067811865476
vn 0.7071067811865475 0.7071067811865475 1.2246467991473532e-16
vn 0.5000000000000001 0.5000000000000001 -0.7071067811865475
vn 1.2989340843532398e-16 1.2989340843532398e-16 -1
vn -0.49999999999999983 -0.49999999999999983 -0.7071067811865477
vn -0.7071067811865475 -0.7071067811865475 0
vn -0.5 -0.5 0.7071067811865475
vn -4.329780281177466e-17 -4.329780281177466e-17 1
vn 0.4999999999999999 0.4999999999999999 0.7071067811865476
vn 0.7071067811865475 0.7071067811865475 1.2246467991473532e-16
vn 0.5000000000000001 0.5000000000000001 -0.7071067811865475
vn 1.2989340843532398e-16 1.2989340843532398e-16 -1
vn -0.49999999999999983 -0.49999999999999983 -0.7071067811865477
vn -0.7071067811865475 -0.7071067811865475 0
vn -0.5 -0.5 0.7071067811865475
vn -4.329780281177466e-17 -4.329780281177466e-17 1
vn 0.4999999999999999 0.4999999999999999 0.7071067811865476
vn 0.7071067811865475 0.7071067811865475 1.2246467991473532e-16
vn 0.5000000000000001 0.5000000000000001 -0.7071067811865475
vn 1.2989340843532398e-16 1.2989340843532398e-16 -1
vn -0.49999999999999983 -0.49999999999999983 -0.7071067811865477
vn -0.7071067811865475 -0.7071067811865475 0
vn -0.5 -0.5 0.7071067811865475
vn -4.329780281177466e-17 -4.329780281177466e-17 1
vn 0.4999999999999999 0.4999999999999999 0.7071067811865476
vn 0.7071067811865475 0.7071067811865475 1.2246467991473532e-16
vn 0.5000000000000001 0.5000000000000001 -0.7071067811865475
vn 1.2989340843532398e-16 1.2989340843532398e-16 -1
vn -0.49999999999999983 -0.49999999999999983 -0.7071067811865477
vn -0.7071067811865475 -0.7071067811865475 0
vn -0.5 -0.5 0.7071067811865475
vn -4.329780281177466e-17 -4.329780281177466e-17 1
vn 0.4999999999999999 0.4999999999999999 0.7071067811865476
vn 0.7071067811865475 0.7071067811865475 1.2246467991473532e-16
vn 0.5000000000000001 0.5000000000000001 -0.7071067811865475
vn 1.2989340843532398e-16 1.2989340843532398e-16 -1
vn -0.49999999999999983 -0.49999999999999983 -0.7071067811865477
vn -0.7071067811865475 -0.7071067811865475 0
vn -0.5 -0.5 0.7071067811865475
vn -4.329780281177466e-17 -4.329780281177466e-17 1
vn 0.4999999999999999 0.4999999999999999 0.7071067811865476
vn 0.7071067811865475 0.7071067811865475 1.2246467991473532e-16
vn 0.5000000000000001 0.5000000000000001 -0.7071067811865475
vn 1.2989340843532398e-16 1.2989340843532398e-16 -1
vn -0.49999999999999983 -0.49999999999999983 -0.7071067811865477
vn -0.7071067811865475 -0.7071067811865475 0
vn -0.5 -0.5 0.7071067811865475
vn -4.329780281177466e-17 -4.329780281177466e-17 1
vn 0.4999999999999999 0.4999999999999999 0.7071067811865476
vn 0.7071067811865475 0.7071067811865475 1.2246467991473532e-16
vn 0.5000000000000001 0.5000000000000001 -0.7071067811865475
vn 1.2989340843532398e-16 1.2989340843532398e-16 -1
vn -0.49999999999999983 -0.49999999999999983 -0.7071067811865477
vn -0.7071067811865475 -0.7071067811865475 0
vn -0.5 -0.5 0.7071067811865475
vn -4.329780281177466e-17 -4.329780281177466e-17 1
vn 0.4999999999999999 0.4999999999999999 0.7071067811865476
vn 0.7071067811865475 0.7071067811865475 1.2246467991473532e-16
vn 0.5000000000000001 0.5000000000000001 -0.7071067811865475
vn 1.2989340843532398e-16 1.2989340843532398e-16 -1
vn -0.49999999999999983 -0.49999999999999983 -0.7071067811865477
vn -0.7071067811865475 -0.7071067811865475 0
vn -0.5 -0.5 0.7071067811865475
vn -4.329780281177466e-17 -4.329780281177466e-17 1
vn 0.4999999999999999 0.4999999999999999 0.7071067811865476
vn 0.7071067811865475 0.7071067811865475 1.2246467991473532e-16
vn 0.5000000000000001 0.5000000000000001 -0.7071067811865475
vn 1.2989340843532398e-16 1.2989340843532398e-16 -1
vn -0.49999999999999983 -0.49999999999999983 -0.7071067811865477
vn -0.7071067811865475 -0.7071067811865475 0
vn -0.5 -0.5 0.7071067811865475
vn -4.329780281177466e-17 -4.329780281177466e-17 1
vn 0.4999999999999999 0.4999999999999999 0.7071067811865476
vn 0.7071067811865475 0.7071067811865475 1.2246467991473532e-16
vn 0.5000000000000001 0.5000000000000001 -0.7071067811865475
vn 1.2989340843532398e-16 1.2989340843532398e-16 -1
vn -0.49999999999999983 -0.49999999999999983 -0.7071067811865477
vn -0.7071067811865475 -0.7071067811865475 0
vn -0.5 -0.5 0.7071067811865475
vn -4.329780281177466e-17 -4.329780281177466e-17 1
vn 0.4999999999999999 0.4999999999999999 0.7071067811865476
vn 0.7071067811865475 0.7071067811865475 1.2246467991473532e-16
vn 0.5000000000000001 0.5000000000000001 -0.7071067811865475
vn 1.2989340843532398e-16 1.2989340843532398e-16 -1
vn -0.49999999999999983 -0.49999999999999983 -0.7071067811865477
vn -0.7071067811865475 -0.7071067811865475 0
vn -0.5 -0.5 0.7071067811865475
vn -4.329780281177466e-17 -4.329780281177466e-17 1
vn 0.4999999999999999 0.4999999999999999 0.7071067811865476
vn 0.7071067811865475 0.7071067811865475 1.2246467991473532e-16
vn 0.5000000000000001 0.5000000000000001 -0.7071067811865475
vn 1.2989340843532398e-16 1.2989340843532398e-16 -1
vn -0.49999999999999983 -0.49999999999999983 -0.7071067811865477
vn -0.7071067811865475 -0.7071067811865475 0
vn -0.5 -0.5 0.7071067811865475
vn -4.329780281177466e-17 -4.329780281177466e-17 1
vn 0.4999999999999999 0.4999999999999999 0.7071067811865476
vn 0.7071067811865475 0.7071067811865475 1.2246467991473532e-16
vn 0.5000000000000001 0.5000000000000001 -0.7071067811865475
vn 1.2989340843532398e-16 1.2989340843532398e-16 -1
vn -0.49999999999999983 -0.49999999999999983 -0.7071067811865477
vn -0.7071067811865475 -0.7071067811865475 0
vn -0.5 -0.5 0.7071067811865475
vn -4.329780281177466e-17 -4.329780281177466e-17 1
vn 0.4999999999999999 0.4999999999999999 0.7071067811865476
vn 0.7071067811865475 0.7071067811865475 1.2246467991473532e-16
vn 0.5000000000000001 0.5000000000000001 -0.7071067811865475
vn 1.2989340843532398e-16 1.2989340843532398e-16 -1
vn -0.49999999999999983 -0.49999999999999983 -0.7071067811865477
vn -0.7071067811865475 -0.7071067811865475 0
vn -0.5 -0.5 0.7071067811865475
vn -4.329780281177466e-17 -4.329780281177466e-17 1
vn 0.4999999999999999 0.4999999999999999 0.7071067811865476
vn 0.7071067811865475 0.7071067811865475 1.2246467991473532e-16
vn 0.5000000000000001 0.5000000000000001 -0.7071067811865475
vn 1.2989340843532398e-16 1.2989340843532398e-16 -1
vn -0.49999999999999983 -0.49999999999999983 -0.7071067811865477
vn -0.7071067811865475 -0.7071067811865475 0
vn -0.5 -0.5 0.7071067811865475
vn -4.329780281177466e-17 -4.329780281177466e-17 1
vn 0.4999999999999999 0.4999999999999999 0.7071067811865476
vn 0.7071067811865475 0.7071067811865475 1.2246467991473532e-16
vn 0.5000000000000001 0.5000000000000001 -0.7071067811865475
vn 1.2989340843532398e-16 1.2989340843532398e-16 -1
vn -0.49999999999999983 -0.49999999999999983 -0.7071067811865477
vn -0.7071067811865475 -0.7071067811865475 0
vn -0.5 -0.5 0.7071067811865475
vn -4.329780281177466e-17 -4.329780281177466e-17 1
vn 0.4999999999999999 0.4999999999999999 0.7071067811865476
vn 0.7071067811865475 0.7071067811865475 1.2246467991473532e-16
vn 0.5000000000000001 0.5000000000000001 -0.7071067811865475
vn 1.2989340843532398e-16 1.2989340843532398e-16 -1
vn -0.49999999999999983 -0.49999999999999983 -0.7071067811865477
vn -0.7071067811865475 -0.7071067811865475 0
vn -0.5 -0.5 0.7071067811865475
vn -4.329780281177466e-17 -4.329780281177466e-17 1
vn 0.4999999999999999 0.4999999999999999 0.7071067811865476
vn 0.7071067811865475 0.7071067811865475 1.2246467991473532e-16
vn 0.5000000000000001 0.5000000000000001 -0.7071067811865475
vn 1.2989340843532398e-16 1.2989340843532398e-16 -1
vn -0.49999999999999983 -0.49999999999999983 -0.7071067811865477
vn -0.7071067811865475 -0.7071067811865475 0
vn -0.5 -0.5 0.7071067811865475
vn -4.329780281177466e-17 -4.329780281177466e-17 1
vn 0.4999999999999999 0.4999999999999999 0.7071067811865476
vn 0.7071067811865475 0.7071067811865475 1.2246467991473532e-16
vn 0.5000000000000001 0.5000000000000001 -0.7071067811865475
vn 1.2989340843532398e-16 1.2989340843532398e-16 -1
vn -0.49999999999999983 -0.49999999999999983 -0.7071067811865477
vn -0.7071067811865475 -0.7071067811865475 0
vn -0.5 -0.5 0.7071067811865475
vn -4.329780281177466e-17 -4.329780281177466e-17 1
vn 0.4999999999999999 0.4999999999999999 0.7071067811865476
vn 0.7071067811865475 0.7071067811865475 1.2246467991473532e-16
vn 0.5000000000000001 0.5000000000000001 -0.7071067811865475
vn 1.2989340843532398e-16 1.2989340843532398e-16 -1
vn -0.49999999999999983 -0.49999999999999983 -0.7071067811865477
vn -0.7071067811865475 -0.7071067811865475 0
vn -0.5 -0.5 0.7071067811865475
vn -4.329780281177466e-17 -4.329780281177466e-17 1
vn 0.4999999999999999 0.4999999999999999 0.7071067811865476
vn 0.7071067811865475 0.7071067811865475 1.2246467991473532e-16
vn 0.5000000000000001 0.5000000000000001 -0.7071067811865475
vn 1.2989340843532398e-16 1.2989340843532398e-16 -1
vn -0.49999999999999983 -0.49999999999999983 -0.7071067811865477
vn -0.7071067811865475 -0.7071067811865475 0
vn -0.5 -0.5 0.7071067811865475
vn -4.329780281177466e-17 -4.329780281177466e-17 1
vn 0.4999999999999999 0.4999999999999999 0.7071067811865476
vn 0.7071067811865475 0.7071067811865475 1.2246467991473532e-16
vn 0.5000000000000001 0.5000000000000001 -0.7071067811865475
vn 1.2989340843532398e-16 1.2989340843532398e-16 -1
vn -0.49999999999999983 -0.49999999999999983 -0.7071067811865477
vn -0.7071067811865475 -0.7071067811865475 0
vn -0.5 -0.5 0.7071067811865475
vn -4.329780281177466e-17 -4.329780281177466e-17 1
vn 0.4999999999999999 0.4999999999999999 0.7071067811865476
vn 0.7071067811865475 0.7071067811865475 1.2246467991473532e-16
vn 0.5000000000000001 0.5000000000000001 -0.7071067811865475
vn 1.2989340843532398e-16 1.2989340843532398e-16 -1
vn -0.49999999999999983 -0.49999999999999983 -0.7071067811865477
vn -0.7071067811865475 -0.7071067811865475 0
vn -0.5 -0.5 0.7071067811865475
vn -4.329780281177466e-17 -4.329780281177466e-17 1
vn 0.4999999999999999 0.4999999999999999 0.7071067811865476
vn 0.7071067811865475 0.7071067811865475 1.2246467991473532e-16
vn 0.5000000000000001 0.5000000000000001 -0.7071067811865475
vn 1.2989340843532398e-16 1.2989340843532398e-16 -1
vn -0.49999999999999983 -0.49999999999999983 -0.7071067811865477
vn -0.7071067811865475 -0.7071067811865475 0
vn -0.5 -0.5 0.7071067811865475
vn -4.329780281177466e-17 -4.329780281177466e-17 1
vn 0.4999999999999999 0.4999999999999999 0.7071067811865476
vn 0.7071067811865475 0.7071067811865475 1.2246467991473532e-16
vn 0.5000000000000001 0.5000000000000001 -0.7071067811865475
vn 1.2989340843532398e-16 1.2989340843532398e-16 -1
vn -0.49999999999999983 -0.49999999999999983 -0.7071067811865477
vn -0.7071067811865475 -0.7071067811865475 0
vn -0.5 -0.5 0.7071067811865475
vn -4.329780281177466e-17 -4.329780281177466e-17 1
vn 0.4999999999999999 0.4999999999999999 0.7071067811865476
vn 0.7071067811865475 0.7071067811865475 1.2246467991473532e-16
vn 0.5000000000000001 0.5000000000000001 -0.7071067811865475
vn 1.2989340843532398e-16 1.2989340843532398e-16 -1
vn -0.49999999999999983 -0.49999999999999983 -0.7071067811865477
vn -0.7071067811865475 -0.7071067811865475 0
vn -0.5 -0.5 0.7071067811865475
vn -4.329780281177466e-17 -4.329780281177466e-17 1
vn 0.4999999999999999 0.4999999999999999 0.7071067811865476
vn 0.7071067811865475 0.7071067811865475 1.2246467991473532e-16
vn 0.5000000000000001 0.5000000000000001 -0.7071067811865475
vn 1.2989340843532398e-16 1.2989340843532398e-16 -1
vn -0.49999999999999983 -0.49999999999999983 -0.7071067811865477
vn -0.7071067811865475 -0.7071067811865475 0
vn -0.5 -0.5 0.7071067811865475
vn -4.329780281177466e-17 -4.329780281177466e-17 1
vn 0.4999999999999999 0.4999999999999999 0.7071067811865476
vn 0.7071067811865475 0.7071067811865475 1.2246467991473532e-16
vn 0.5000000000000001 0.5000000000000001 -0.7071067811865475
vn 1.2989340843532398e-16 1.2989340843532398e-16 -1
vn -0.49999999999999983 -0.49999999999999983 -0.7071067811865477
vn -0.7071067811865475 -0.7071067811865475 0
vn -0.5 -0.5 0.7071067811865475
vn -4.329780281177466e-17 -4.329780281177466e-17 1
vn 0.4999999999999999 0.4999999999999999 0.7071067811865476
vn 0.7071067811865475 0.7071067811865475 1.2246467991473532e-16
vn 0.5000000000000001 0.5000000000000001 -0.7071067811865475
vn 1.2989340843532398e-16 1.2989340843532398e-16 -1
vn -0.49999999999999983 -0.49999999999999983 -0.7071067811865477
vn -0.7071067811865475 -0.7071067811865475 0
vn -0.5 -0.5 0.7071067811865475
vn -4.329780281177466e-17 -4.329780281177466e-17 1
vn 0.4999999999999999 0.4999999999999999 0.7071067811865476
vn 0.7071067811865475 0.7071067811865475 1.2246467991473532e-16
vn 0.5000000000000001 0.5000000000000001 -0.7071067811865475
vn 1.2989340843532398e-16 1.2989340843532398e-16 -1
vn -0.49999999999999983 -0.49999999999999983 -0.7071067811865477
vn -0.7071067811865475 -0.7071067811865475 0
vn -0.5 -0.5 0.7071067811865475
vn -4.329780281177466e-17 -4.329780281177466e-17 1
vn 0.4999999999999999 0.4999999999999999 0.7071067811865476
vn 0.7071067811865475 0.7071067811865475 1.2246467991473532e-16
vn 0.5000000000000001 0.5000000000000001 -0.7071067811865475
vn 1.2989340843532398e-16 1.2989340843532398e-16 -1
vn -0.49999999999999983 -0.49999999999999983 -0.7071067811865477
vn -0.7071067811865475 -0.7071067811865475 0
vn -0.5 -0.5 0.7071067811865475
vn -4.329780281177466e-17 -4.329780281177466e-17 1
vn 0.4999999999999999 0.4999999999999999 0.7071067811865476
vn 0.7071067811865475 0.7071067811865475 1.2246467991473532e-16
vn 0.5000000000000001 0.5000000000000001 -0.7071067811865475
vn 1.2989340843532398e-16 1.2989340843532398e-16 -1
vn -0.49999999999999983 -0.49999999999999983 -0.7071067811865477
vn -0.7071067811865475 -0.7071067811865475 0
vn -0.5 -0.5 0.7071067811865475
vn -4.329780281177466e-17 -4.329780281177466e-17 1
vn 0.4999999999999999 0.4999999999999999 0.7071067811865476
vn 0.7071067811865475 0.7071067811865475 1.2246467991473532e-16
vn 0.5000000000000001 0.5000000000000001 -0.7071067811865475
vn 1.2989340843532398e-16 1.2989340843532398e-16 -1
vn -0.49999999999999983 -0.49999999999999983 -0.7071067811865477
vn -0.7071067811865475 -0.7071067811865475 0
vn -0.5 -0.5 0.7071067811865475
vn -4.329780281177466e-17 -4.329780281177466e-17 1
vn 0.4999999999999999 0.4999999999999999 0.7071067811865476
vn 0.7071067811865475 0.7071067811865475 1.2246467991473532e-16
vn 0.5000000000000001 0.5000000000000001 -0.7071067811865475
vn 1.2989340843532398e-16 1.2989340843532398e-16 -1
vn -0.49999999999999983 -0.49999999999999983 -0.7071067811865477
vn -0.7071067811865475 -0.7071067811865475 0
vn -0.5 -0.5 0.7071067811865475
vn -4.329780281177466e-17 -4.329780281177466e-17 1
vn 0.4999999999999999 0.4999999999999999 0.7071067811865476
vn 0.7071067811865475 0.7071067811865475 1.2246467991473532e-16
vn 0.5000000000000001 0.5000000000000001 -0.7071067811865475
vn 1.2989340843532398e-16 1.2989340843532398e-16 -1
vn -0.49999999999999983 -0.49999999999999983 -0.7071067811865477
vn -0.7071067811865475 -0.7071067811865475 0
vn -0.5 -0.5 0.7071067811865475
vn -4.329780281177466e-17 -4.329780281177466e-17 1
vn 0.4999999999999999 0.4999999999999999 0.7071067811865476
vn 0.7071067811865475 0.7071067811865475 1.2246467991473532e-16
vn 0.5000000000000001 0.5000000000000001 -0.7071067811865475
vn 1.2989340843532398e-16 1.2989340843532398e-16 -1
vn -0.49999999999999983 -0.49999999999999983 -0.7071067811865477
vn -0.7071067811865475 -0.7071067811865475 0
vn -0.5 -0.5 0.7071067811865475
vn -4.329780281177466e-17 -4.329780281177466e-17 1
vn 0.4999999999999999 0.4999999999999999 0.7071067811865476
vn 0.7071067811865475 0.7071067811865475 1.2246467991473532e-16
vn 0.5000000000000001 0.5000000000000001 -0.7071067811865475
vn 1.2989340843532398e-16 1.2989340843532398e-16 -1
vn -0.49999999999999983 -0.49999999999999983 -0.7071067811865477
vn -0.7071067811865475 -0.7071067811865475 0
vn -0.5 -0.5 0.7071067811865475
vn -4.329780281177466e-17 -4.329780281177466e-17 1
vn 0.4999999999999999 0.4999999999999999 0.7071067811865476
vn 0.7071067811865475 0.7071067811865475 1.2246467991473532e-16
vn 0.5000000000000001 0.5000000000000001 -0.7071067811865475
vn 1.2989340843532398e-16 1.2989340843532398e-16 -1
vn -0.49999999999999983 -0.49999999999999983 -0.7071067811865477
vn -0.7071067811865475 -0.7071067811865475 0
vn -0.5 -0.5 0.7071067811865475
vn -4.329780281177466e-17 -4.329780281177466e-17 1
vn 0.4999999999999999 0.4999999999999999 0.7071067811865476
vn 0.7071067811865475 0.7071067811865475 1.2246467991473532e-16
vn 0.5000000000000001 0.5000000000000001 -0.7071067811865475
vn 1.2989340843532398e-16 1.2989340843532398e-16 -1
vn -0.49999999999999983 -0.49999999999999983 -0.7071067811865477
vn -0.7071067811865475 -0.7071067811865475 0
vn -0.5 -0.5 0.7071067811865475
vn -4.329780281177466e-17 -4.329780281177466e-17 1
vn 0.4999999999999999 0.4999999999999999 0.7071067811865476
vn 0.7071067811865475 0.7071067811865475 1.2246467991473532e-16
vn 0.5000000000000001 0.5000000000000001 -0.7071067811865475
vn 1.2989340843532398e-16 1.2989340843532398e-16 -1
vn -0.49999999999999983 -0.49999999999999983 -0.7071067811865477
vn -0.7071067811865475 -0.7071067811865475 0
vn -0.5 -0.5 0.7071067811865475
vn -4.329780281177466e-17 -4.329780281177466e-17 1
vn 0.4999999999999999 0.4999999999999999 0.7071067811865476
vn 0.7071067811865475 0.7071067811865475 1.2246467991473532e-16
vn 0.5000000000000001 0.5000000000000001 -0.7071067811865475
vn 1.2989340843532398e-16 1.2989340843532398e-16 -1
vn -0.49999999999999983 -0.49999999999999983 -0.7071067811865477
vn -0.7071067811865475 -0.7071067811865475 0
vn -0.5 -0.5 0.7071067811865475
vn -4.329780281177466e-17 -4.329780281177466e-17 1
vn 0.4999999999999999 0.4999999999999999 0.7071067811865476
vn 0.7071067811865475 0.7071067811865475 1.2246467991473532e-16
vn 0.5000000000000001 0.5000000000000001 -0.7071067811865475
vn 1.2989340843532398e-16 1.2989340843532398e-16 -1
vn -0.49999999999999983 -0.49999999999999983 -0.7071067811865477
vn -0.7071067811865475 -0.7071067811865475 0
vn -0.5 -0.5 0.7071067811865475
vn -4.329780281177466e-17 -4.329780281177466e-17 1
vn 0.4999999999999999 0.4999999999999999 0.7071067811865476
vn 0.7071067811865475 0.7071067811865475 1.2246467991473532e-16
vn 0.5000000000000001 0.5000000000000001 -0.7071067811865475
vn 1.2989340843532398e-16 1.2989340843532398e-16 -1
vn -0.49999999999999983 -0.49999999999999983 -0.7071067811865477
vn -0.7071067811865475 -0.7071067811865475 0
vn -0.5 -0.5 0.7071067811865475
vn -4.329780281177466e-17 -4.329780281177466e-17 1
vn 0.4999999999999999 0.4999999999999999 0.7071067811865476
vn 0.7071067811865475 0.7071067811865475 1.2246467991473532e-16
vn 0.5000000000000001 0.5000000000000001 -0.7071067811865475
vn 1.2989340843532398e-16 1.2989340843532398e-16 -1
vn -0.49999999999999983 -0.49999999999999983 -0.7071067811865477
vn -0.7071067811865475 -0.7071067811865475 0
vn -0.5 -0.5 0.7071067811865475
vn -4.329780281177466e-17 -4.329780281177466e-17 1
vn 0.4999999999999999 0.4999999999999999 0.7071067811865476
vn 0.7071067811865475 0.7071067811865475 1.2246467991473532e-16
vn 0.5000000000000001 0.5000000000000001 -0.7071067811865475
vn 1.2989340843532398e-16 1.2989340843532398e-16 -1
vn -0.49999999999999983 -0.49999999999999983 -0.7071067811865477
vn -0.7071067811865475 -0.7071067811865475 0
vn -0.5 -0.5 0.7071067811865475
vn -4.329780281177466e-17 -4.329780281177466e-17 1
vn 0.4999999999999999 0.4999999999999999 0.7071067811865476
vn 0.7071067811865475 0.7071067811865475 1.2246467991473532e-16
vn 0.5000000000000001 0.5000000000000001 -0.7071067811865475
vn 1.2989340843532398e-16 1.2989340843532398e-16 -1
vn -0.49999999999999983 -0.49999999999999983 -0.7071067811865477
vn -0.7071067811865475 -0.7071067811865475 0
vn -0.5 -0.5 0.7071067811865475
vn -4.329780281177466e-17 -4.329780281177466e-17 1
vn 0.4999999999999999 0.4999999999999999 0.7071067811865476
vn 0.7071067811865475 0.7071067811865475 1.2246467991473532e-16
vn 0.5000000000000001 0.5000000000000001 -0.7071067811865475
vn 1.2989340843532398e-16 1.2989340843532398e-16 -1
vn -0.49999999999999983 -0.49999999999999983 -0.7071067811865477
vn -0.7071067811865475 -0.7071067811865475 0
vn -0.5 -0.5 0.7071067811865475
vn -4.329780281177466e-17 -4.329780281177466e-17 1
vn 0.4999999999999999 0.4999999999999999 0.7071067811865476
vn 0.7071067811865475 0.7071067811865475 1.2246467991473532e-16
vn 0.5000000000000001 0.5000000000000001 -0.7071067811865475
vn 1.2989340843532398e-16 1.2989340843532398e-16 -1
vn -0.49999999999999983 -0.49999999999999983 -0.7071067811865477
vn -0.7071067811865475 -0.7071067811865475 0
vn -0.5 -0.5 0.7071067811865475
vn -4.329780281177466e-17 -4.329780281177466e-17 1
vn 0.4999999999999999 0.4999999999999999 0.7071067811865476
vn 0.7071067811865475 0.7071067811865475 1.2246467991473532e-16
vn 0.5000000000000001 0.5000000000000001 -0.7071067811865475
vn 1.2989340843532398e-16 1.2989340843532398e-16 -1
vn -0.49999999999999983 -0.49999999999999983 -0.7071067811865477
vn -0.7071067811865475 -0.7071067811865475 0
vn -0.5 -0.5 0.7071067811865475
vn -4.329780281177466e-17 -4.329780281177466e-17 1
vn 0.4999999999999999 0.4999999999999999 0.7071067811865476
vn 0.7071067811865475 0.7071067811865475 1.2246467991473532e-16
vn 0.5000000000000001 0.5000000000000001 -0.7071067811865475
vn 1.2989340843532398e-16 1.2989340843532398e-16 -1
vn -0.49999999999999983 -0.49999999999999983 -0.7071067811865477
vn -0.7071067811865475 -0.7071067811865475 0
vn -0.5 -0.5 0.7071067811865475
vn -4.329780281177466e-17 -4.329780281177466e-17 1
vn 0.4999999999999999 0.4999999999999999 0.7071067811865476
vn 0.7071067811865475 0.7071067811865475 1.2246467991473532e-16
vn 0.5000000000000001 0.5000000000000001 -0.7071067811865475
vn 1.2989340843532398e-16 1.2989340843532398e-16 -1
vn -0.49999999999999983 -0.49999999999999983 -0.7071067811865477
vn -0.7071067811865475 -0.7071067811865475 0
vn -0.5 -0.5 0.7071067811865475
vn -4.329780281177466e-17 -4.329780281177466e-17 1
vn 0.4999999999999999 0.4999999999999999 0.7071067811865476
vn 0.7071067811865475 0.7071067811865475 1.2246467991473532e-16
vn 0.5000000000000001 0.5000000000000001 -0.7071067811865475
vn 1.2989340843532398e-16 1.2989340843532398e-16 -1
vn -0.49999999999999983 -0.49999999999999983 -0.7071067811865477
vn -0.7071067811865475 -0.7071067811865475 0
vn -0.5 -0.5 0.7071067811865475
vn -4.329780281177466e-17 -4.329780281177466e-17 1
vn 0.4999999999999999 0.4999999999999999 0.7071067811865476
vn 0.7071067811865475 0.7071067811865475 1.2246467991473532e-16
vn 0.5000000000000001 0.5000000000000001 -0.7071067811865475
vn 1.2989340843532398e-16 1.2989340843532398e-16 -1
vn -0.49999999999999983 -0.49999999999999983 -0.7071067811865477
vn -0.7071067811865475 -0.7071067811865475 0
vn -0.5 -0.5 0.7071067811865475
vn -4.329780281177466e-17 -4.329780281177466e-17 1
vn 0.4999999999999999 0.4999999999999999 0.7071067811865476
vn 0.7071067811865475 0.7071067811865475 1.2246467991473532e-16
vn 0.5000000000000001 0.5000000000000001 -0.7071067811865475
vn 1.2989340843532398e-16 1.2989340843532398e-16 -1
vn -0.49999999999999983 -0.49999999999999983 -0.7071067811865477
vn -0.7071067811865475 -0.7071067811865475 0
vn -0.5 -0.5 0.7071067811865475
vn -4.329780281177466e-17 -4.329780281177466e-17 1
vn 0.4999999999999999 0.4999999999999999 0.7071067811865476
vn 0.7071067811865475 0.7071067811865475 1.2246467991473532e-16
vn 0.5000000000000001 0.5000000000000001 -0.7071067811865475
vn 1.2989340843532398e-16 1.2989340843532398e-16 -1
vn -0.49999999999999983 -0.49999999999999983 -0.7071067811865477
vn -0.7071067811865475 -0.7071067811865475 0
vn -0.5 -0.5 0.7071067811865475
vn -4.329780281177466e-17 -4.329780281177466e-17 1
vn 0.4999999999999999 0.4999999999999999 0.7071067811865476
vn 0.7071067811865475 0.7071067811865475 1.2246467991473532e-16
vn 0.5000000000000001 0.5000000000000001 -0.7071067811865475
vn 1.2989340843532398e-16 1.2989340843532398e-16 -1
vn -0.49999999999999983 -0.49999999999999983 -0.7071067811865477
vn -0.7071067811865475 -0.7071067811865475 0
vn -0.5 -0.5 0.7071067811865475
vn -4.329780281177466e-17 -4.329780281177466e-17 1
vn 0.4999999999999999 0.4999999999999999 0.7071067811865476
vn 0.7071067811865475 0.7071067811865475 1.2246467991473532e-16
vn 0.5000000000000001 0.5000000000000001 -0.7071067811865475
vn 1.2989340843532398e-16 1.2989340843532398e-16 -1
vn -0.49999999999999983 -0.49999999999999983 -0.7071067811865477
vn -0.7071067811865475 -0.7071067811865475 0
vn -0.5 -0.5 0.7071067811865475
vn -4.329780281177466e-17 -4.329780281177466e-17 1
vn 0.4999999999999999 0.4999999999999999 0.7071067811865476
vn 0.7071067811865475 0.7071067811865475 1.2246467991473532e-16
vn 0.5000000000000001 0.5000000000000001 -0.7071067811865475
vn 1.2989340843532398e-16 1.2989340843532398e-16 -1
vn -0.49999999999999983 -0.49999999999999983 -0.7071067811865477
vn -0.7071067811865475 -0.7071067811865475 0
vn -0.5 -0.5 0.7071067811865475
vn -4.329780281177466e-17 -4.329780281177466e-17 1
vn 0.4999999999999999 0.4999999999999999 0.7071067811865476
vn 0.7071067811865475 0.7071067811865475 1.2246467991473532e-16
vn 0.5000000000000001 0.5000000000000001 -0.7071067811865475
vn 1.2989340843532398e-16 1.2989340843532398e-16 -1
vn -0.49999999999999983 -0.49999999999999983 -0.7071067811865477
vn -0.7071067811865475 -0.7071067811865475 0
vn -0.5 -0.5 0.7071067811865475
vn -4.329780281177466e-17 -4.329780281177466e-17 1
vn 0.4999999999999999 0.4999999999999999 0.7071067811865476
vn 0.7071067811865475 0.7071067811865475 1.2246467991473532e-16
vn 0.5000000000000001 0.5000000000000001 -0.7071067811865475
vn 1.2989340843532398e-16 1.2989340843532398e-16 -1
vn -0.49999999999999983 -0.49999999999999983 -0.7071067811865477
vn -0.7071067811865475 -0.7071067811865475 0
vn -0.5 -0.5 0.7071067811865475
vn -4.329780281177466e-17 -4.329780281177466e-17 1
vn 0.4999999999999999 0.4999999999999999 0.7071067811865476
vn 0.7071067811865475 0.7071067811865475 1.2246467991473532e-16
vn 0.5000000000000001 0.5000000000000001 -0.7071067811865475
vn 1.2989340843532398e-16 1.2989340843532398e-16 -1
vn -0.49999999999999983 -0.49999999999999983 -0.7071067811865477
vn -0.7071067811865475 -0.7071067811865475 0
vn -0.5 -0.5 0.7071067811865475
vn -4.329780281177466e-17 -4.329780281177466e-17 1
vn 0.4999999999999999 0.4999999999999999 0.7071067811865476
vn 0.7071067811865475 0.7071067811865475 1.2246467991473532e-16
vn 0.5000000000000001 0.5000000000000001 -0.7071067811865475
vn 1.2989340843532398e-16 1.2989340843532398e-16 -1
vn -0.49999999999999983 -0.49999999999999983 -0.7071067811865477
vn -0.7071067811865475 -0.7071067811865475 0
vn -0.5 -0.5 0.7071067811865475
vn -4.329780281177466e-17 -4.329780281177466e-17 1
vn 0.4999999999999999 0.4999999999999999 0.7071067811865476
vn 0.7071067811865475 0.7071067811865475 1.2246467991473532e-16
vn 0.5000000000000001 0.5000000000000001 -0.7071067811865475
vn 1.2989340843532398e-16 1.2989340843532398e-16 -1
vn -0.49999999999999983 -0.49999999999999983 -0.7071067811865477
vn -0.7071067811865475 -0.7071067811865475 0
vn -0.5 -0.5 0.7071067811865475
vn -4.329780281177466e-17 -4.329780281177466e-17 1
vn 0.4999999999999999 0.4999999999999999 0.7071067811865476
vn 0.7071067811865475 0.7071067811865475 1.2246467991473532e-16
vn 0.5000000000000001 0.5000000000000001 -0.7071067811865475
vn 1.2989340843532398e-16 1.2989340843532398e-16 -1
vn -0.49999999999999983 -0.49999999999999983 -0.7071067811865477
vn -0.7071067811865475 -0.7071067811865475 0
vn -0.5 -0.5 0.7071067811865475
vn -4.329780281177466e-17 -4.329780281177466e-17 1
vn 0.4999999999999999 0.4999999999999999 0.7071067811865476
vn 0.7071067811865475 0.7071067811865475 1.2246467991473532e-16
vn 0.5000000000000001 0.5000000000000001 -0.7071067811865475
vn 1.2989340843532398e-16 1.2989340843532398e-16 -1
vn -0.49999999999999983 -0.49999999999999983 -0.7071067811865477
vn -0.7071067811865475 -0.7071067811865475 0
vn -0.5 -0.5 0.7071067811865475
vn -4.329780281177466e-17 -4.329780281177466e-17 1
vn 0.4999999999999999 0.4999999999999999 0.7071067811865476
vn 0.7071067811865475 0.7071067811865475 1.2246467991473532e-16
vn 0.5000000000000001 0.5000000000000001 -0.7071067811865475
vn 1.2989340843532398e-16 1.2989340843532398e-16 -1
vn -0.49999999999999983 -0.49999999999999983 -0.7071067811865477
vn -0.7071067811865475 -0.7071067811865475 0
vn -0.5 -0.5 0.7071067811865475
vn -4.329780281177466e-17 -4.329780281177466e-17 1
vn 0.4999999999999999 0.4999999999999999 0.7071067811865476
vn 0.7071067811865475 0.7071067811865475 1.2246467991473532e-16
vn 0.5000000000000001 0.5000000000000001 -0.7071067811865475
vn 1.2989340843532398e-16 1.2989340843532398e-16 -1
vn -0.49999999999999983 -0.49999999999999983 -0.7071067811865477
vn -0.7071067811865475 -0.7071067811865475 0
vn -0.5 -0.5 0.7071067811865475
vn -4.329780281177466e-17 -4.329780281177466e-17 1
vn 0.4999999999999999 0.4999999999999999 0.7071067811865476
vn 0.7071067811865475 0.7071067811865475 1.2246467991473532e-16
vn 0.5000000000000001 0.5000000000000001 -0.7071067811865475
vn 1.2989340843532398e-16 1.2989340843532398e-16 -1
vn -0.49999999999999983 -0.49999999999999983 -0.7071067811865477
vn -0.7071067811865475 -0.7071067811865475 0
vn -0.5 -0.5 0.7071067811865475
vn -4.329780281177466e-17 -4.329780281177466e-17 1
vn 0.4999999999999999 0.4999999999999999 0.7071067811865476
vn 0.7071067811865475 0.7071067811865475 1.2246467991473532e-16
vn 0.5000000000000001 0.5000000000000001 -0.7071067811865475
vn 1.2989340843532398e-16 1.2989340843532398e-16 -1
vn -0.49999999999999983 -0.49999999999999983 -0.7071067811865477
vn -0.7071067811865475 -0.7071067811865475 0
vn -0.5 -0.5 0.7071067811865475
vn -4.329780281177466e-17 -4.329780281177466e-17 1
vn 0.4999999999999999 0.4999999999999999 0.7071067811865476
vn 0.7071067811865475 0.7071067811865475 1.2246467991473532e-16
vn 0.5000000000000001 0.5000000000000001 -0.7071067811865475
vn 1.2989340843532398e-16 1.2989340843532398e-16 -1
vn -0.49999999999999983 -0.49999999999999983 -0.7071067811865477
vn -0.7071067811865475 -0.7071067811865475 0
vn -0.5 -0.5 0.7071067811865475
vn -4.329780281177466e-17 -4.329780281177466e-17 1
vn 0.4999999999999999 0.4999999999999999 0.7071067811865476
vn 0.7071067811865475 0.7071067811865475 1.2246467991473532e-16
vn 0.5000000000000001 0.5000000000000001 -0.7071067811865475
vn 1.2989340843532398e-16 1.2989340843532398e-16 -1
vn -0.49999999999999983 -0.49999999999999983 -0.7071067811865477
vn -0.7071067811865475 -0.7071067811865475 0
vn -0.5 -0.5 0.7071067811865475
vn -4.329780281177466e-17 -4.329780281177466e-17 1
vn 0.4999999999999999 0.4999999999999999 0.7071067811865476
vn 0.7071067811865475 0.7071067811865475 1.2246467991473532e-16
vn 0.5000000000000001 0.5000000000000001 -0.7071067811865475
vn 1.2989340843532398e-16 1.2989340843532398e-16 -1
vn -0.49999999999999983 -0.49999999999999983 -0.7071067811865477
vn -0.7071067811865475 -0.7071067811865475 0
vn -0.5 -0.5 0.7071067811865475
vn -4.329780281177466e-17 -4.329780281177466e-17 1
vn 0.4999999999999999 0.4999999999999999 0.7071067811865476
vn 0.7071067811865475 0.7071067811865475 1.2246467991473532e-16
vn 0.5000000000000001 0.5000000000000001 -0.7071067811865475
vn 1.2989340843532398e-16 1.2989340843532398e-16 -1
vn -0.49999999999999983 -0.49999999999999983 -0.7071067811865477
vn -0.7071067811865475 -0.7071067811865475 0
vn -0.5 -0.5 0.7071067811865475
vn -4.329780281177466e-17 -4.329780281177466e-17 1
vn 0.4999999999999999 0.4999999999999999 0.7071067811865476
vn 0.7071067811865475 0.7071067811865475 1.2246467991473532e-16
vn 0.5000000000000001 0.5000000000000001 -0.7071067811865475
vn 1.2989340843532398e-16 1.2989340843532398e-16 -1
vn -0.49999999999999983 -0.49999999999999983 -0.7071067811865477
vn -0.7071067811865475 -0.7071067811865475 0
vn -0.5 -0.5 0.7071067811865475
vn -4.329780281177466e-17 -4.329780281177466e-17 1
vn 0.4999999999999999 0.4999999999999999 0.7071067811865476
vn 0.7071067811865475 0.7071067811865475 1.2246467991473532e-16
vn 0.5000000000000001 0.5000000000000001 -0.7071067811865475
vn 1.2989340843532398e-16 1.2989340843532398e-16 -1
vn -0.49999999999999983 -0.49999999999999983 -0.7071067811865477
vn -0.7071067811865475 -0.7071067811865475 0
vn -0.5 -0.5 0.7071067811865475
vn -4.329780281177466e-17 -4.329780281177466e-17 1
vn 0.4999999999999999 0.4999999999999999 0.7071067811865476
vn 0.7071067811865475 0.7071067811865475 1.2246467991473532e-16
vn 0.5000000000000001 0.5000000000000001 -0.7071067811865475
vn 1.2989340843532398e-16 1.2989340843532398e-16 -1
vn -0.49999999999999983 -0.49999999999999983 -0.7071067811865477
vn -0.7071067811865475 -0.7071067811865475 0
vn -0.5 -0.5 0.7071067811865475
vn -4.329780281177466e-17 -4.329780281177466e-17 1
vn 0.4999999999999999 0.4999999999999999 0.7071067811865476
vn 0.7071067811865475 0.7071067811865475 1.2246467991473532e-16
vn 0.5000000000000001 0.5000000000000001 -0.7071067811865475
vn 1.2989340843532398e-16 1.2989340843532398e-16 -1
vn -0.49999999999999983 -0.49999999999999983 -0.7071067811865477
vn -0.7071067811865475 -0.7071067811865475 0
vn -0.5 -0.5 0.7071067811865475
vn -4.329780281177466e-17 -4.329780281177466e-17 1
vn 0.4999999999999999 0.4999999999999999 0.7071067811865476
vn 0.7071067811865475 0.7071067811865475 1.2246467991473532e-16
vn 0.5000000000000001 0.5000000000000001 -0.7071067811865475
vn 1.2989340843532398e-16 1.2989340843532398e-16 -1
vn -0.49999999999999983 -0.49999999999999983 -0.7071067811865477
vn -0.7071067811865475 -0.7071067811865475 0
vn -0.5 -0.5 0.7071067811865475
vn -4.329780281177466e-17 -4.329780281177466e-17 1
vn 0.4999999999999999 0.4999999999999999 0.7071067811865476
vn 0.7071067811865475 0.7071067811865475 1.2246467991473532e-16
vn 0.5000000000000001 0.5000000000000001 -0.7071067811865475
vn 1.2989340843532398e-16 1.2989340843532398e-16 -1
vn -0.49999999999999983 -0.49999999999999983 -0.7071067811865477
vn 0.7071067811865475 -0.7071067811865475 0
vn 0.5 -0.5 0.7071067811865475
vn 4.329780281177466e-17 -4.329780281177466e-17 1
vn -0.4999999999999999 0.4999999999999999 0.7071067811865476
vn -0.7071067811865475 0.7071067811865475 1.2246467991473532e-16
vn -0.5000000000000001 0.5000000000000001 -0.7071067811865475
vn -1.2989340843532398e-16 1.2989340843532398e-16 -1
vn 0.49999999999999983 -0.49999999999999983 -0.7071067811865477
vn 0.7071067811865475 -0.7071067811865475 0
vn 0.5 -0.5 0.7071067811865475
vn 4.329780281177466e-17 -4.329780281177466e-17 1
vn -0.4999999999999999 0.4999999999999999 0.7071067811865476
vn -0.7071067811865475 0.7071067811865475 1.2246467991473532e-16
vn -0.5000000000000001 0.5000000000000001 -0.7071067811865475
vn -1.2989340843532398e-16 1.2989340843532398e-16 -1
vn 0.49999999999999983 -0.49999999999999983 -0.7071067811865477
vn 0.7071067811865475 -0.7071067811865475 0
vn 0.5 -0.5 0.7071067811865475
vn 4.329780281177466e-17 -4.329780281177466e-17 1
vn -0.4999999999999999 0.4999999999999999 0.7071067811865476
vn -0.7071067811865475 0.7071067811865475 1.2246467991473532e-16
vn -0.5000000000000001 0.5000000000000001 -0.7071067811865475
vn -1.2989340843532398e-16 1.2989340843532398e-16 -1
vn 0.49999999999999983 -0.49999999999999983 -0.7071067811865477
vn 0.7071067811865475 -0.7071067811865475 0
vn 0.5 -0.5 0.7071067811865475
vn 4.329780281177466e-17 -4.329780281177466e-17 1
vn -0.4999999999999999 0.4999999999999999 0.7071067811865476
vn -0.7071067811865475 0.7071067811865475 1.2246467991473532e-16
vn -0.5000000000000001 0.5000000000000001 -0.7071067811865475
vn -1.2989340843532398e-16 1.2989340843532398e-16 -1
vn 0.49999999999999983 -0.49999999999999983 -0.7071067811865477
vn 0.7071067811865475 -0.7071067811865475 0
vn 0.5 -0.5 0.7071067811865475
vn 4.329780281177466e-17 -4.329780281177466e-17 1
vn -0.4999999999999999 0.4999999999999999 0.7071067811865476
vn -0.7071067811865475 0.7071067811865475 1.2246467991473532e-16
vn -0.5000000000000001 0.5000000000000001 -0.7071067811865475
vn -1.2989340843532398e-16 1.2989340843532398e-16 -1
vn 0.49999999999999983 -0.49999999999999983 -0.7071067811865477
vn 0.7071067811865475 -0.7071067811865475 0
vn 0.5 -0.5 0.7071067811865475
vn 4.329780281177466e-17 -4.329780281177466e-17 1
vn -0.4999999999999999 0.4999999999999999 0.7071067811865476
vn -0.7071067811865475 0.7071067811865475 1.2246467991473532e-16
vn -0.5000000000000001 0.5000000000000001 -0.7071067811865475
vn -1.2989340843532398e-16 1.2989340843532398e-16 -1
vn 0.49999999999999983 -0.49999999999999983 -0.7071067811865477
vn 0.7071067811865475 -0.7071067811865475 0
vn 0.5 -0.5 0.7071067811865475
vn 4.329780281177466e-17 -4.329780281177466e-17 1
vn -0.4999999999999999 0.4999999999999999 0.7071067811865476
vn -0.7071067811865475 0.7071067811865475 1.2246467991473532e-16
vn -0.5000000000000001 0.5000000000000001 -0.7071067811865475
vn -1.2989340843532398e-16 1.2989340843532398e-16 -1
vn 0.49999999999999983 -0.49999999999999983 -0.7071067811865477
vn 0.7071067811865475 -0.7071067811865475 0
vn 0.5 -0.5 0.7071067811865475
vn 4.329780281177466e-17 -4.329780281177466e-17 1
vn -0.4999999999999999 0.4999999999999999 0.7071067811865476
vn -0.7071067811865475 0.7071067811865475 1.2246467991473532e-16
vn -0.5000000000000001 0.5000000000000001 -0.7071067811865475
vn -1.2989340843532398e-16 1.2989340843532398e-16 -1
vn 0.49999999999999983 -0.49999999999999983 -0.7071067811865477
vn 0.7071067811865475 -0.7071067811865475 0
vn 0.5 -0.5 0.7071067811865475
vn 4.329780281177466e-17 -4.329780281177466e-17 1
vn -0.4999999999999999 0.4999999999999999 0.7071067811865476
vn -0.7071067811865475 0.7071067811865475 1.2246467991473532e-16
vn -0.5000000000000001 0.5000000000000001 -0.7071067811865475
vn -1.2989340843532398e-16 1.2989340843532398e-16 -1
vn 0.49999999999999983 -0.49999999999999983 -0.7071067811865477
vn 0.7071067811865475 -0.7071067811865475 0
vn 0.5 -0.5 0.7071067811865475
vn 4.329780281177466e-17 -4.329780281177466e-17 1
vn -0.4999999999999999 0.4999999999999999 0.7071067811865476
vn -0.7071067811865475 0.7071067811865475 1.2246467991473532e-16
vn -0.5000000000000001 0.5000000000000001 -0.7071067811865475
vn -1.2989340843532398e-16 1.2989340843532398e-16 -1
vn 0.49999999999999983 -0.49999999999999983 -0.7071067811865477
vn 0.7071067811865475 -0.7071067811865475 0
vn 0.5 -0.5 0.7071067811865475
vn 4.329780281177466e-17 -4.329780281177466e-17 1
vn -0.4999999999999999 0.4999999999999999 0.7071067811865476
vn -0.7071067811865475 0.7071067811865475 1.2246467991473532e-16
vn -0.5000000000000001 0.5000000000000001 -0.7071067811865475
vn -1.2989340843532398e-16 1.2989340843532398e-16 -1
vn 0.49999999999999983 -0.49999999999999983 -0.7071067811865477
vn 0.7071067811865475 -0.7071067811865475 0
vn 0.5 -0.5 0.7071067811865475
vn 4.329780281177466e-17 -4.329780281177466e-17 1
vn -0.4999999999999999 0.4999999999999999 0.7071067811865476
vn -0.7071067811865475 0.7071067811865475 1.2246467991473532e-16
vn -0.5000000000000001 0.5000000000000001 -0.7071067811865475
vn -1.2989340843532398e-16 1.2989340843532398e-16 -1
vn 0.49999999999999983 -0.49999999999999983 -0.7071067811865477
vn 0.7071067811865475 -0.7071067811865475 0
vn 0.5 -0.5 0.7071067811865475
vn 4.329780281177466e-17 -4.329780281177466e-17 1
vn -0.4999999999999999 0.4999999999999999 0.7071067811865476
vn -0.7071067811865475 0.7071067811865475 1.2246467991473532e-16
vn -0.5000000000000001 0.5000000000000001 -0.7071067811865475
vn -1.2989340843532398e-16 1.2989340843532398e-16 -1
vn 0.49999999999999983 -0.49999999999999983 -0.7071067811865477
vn 0.7071067811865475 -0.7071067811865475 0
vn 0.5 -0.5 0.7071067811865475
vn 4.329780281177466e-17 -4.329780281177466e-17 1
vn -0.4999999999999999 0.4999999999999999 0.7071067811865476
vn -0.7071067811865475 0.7071067811865475 1.2246467991473532e-16
vn -0.5000000000000001 0.5000000000000001 -0.7071067811865475
vn -1.2989340843532398e-16 1.2989340843532398e-16 -1
vn 0.49999999999999983 -0.49999999999999983 -0.7071067811865477
vn 0.7071067811865475 -0.7071067811865475 0
vn 0.5 -0.5 0.7071067811865475
vn 4.329780281177466e-17 -4.329780281177466e-17 1
vn -0.4999999999999999 0.4999999999999999 0.7071067811865476
vn -0.7071067811865475 0.7071067811865475 1.2246467991473532e-16
vn -0.5000000000000001 0.5000000000000001 -0.7071067811865475
vn -1.2989340843532398e-16 1.2989340843532398e-16 -1
vn 0.49999999999999983 -0.49999999999999983 -0.7071067811865477
vn 0.7071067811865475 -0.7071067811865475 0
vn 0.5 -0.5 0.7071067811865475
vn 4.329780281177466e-17 -4.329780281177466e-17 1
vn -0.4999999999999999 0.4999999999999999 0.7071067811865476
vn -0.7071067811865475 0.7071067811865475 1.2246467991473532e-16
vn -0.5000000000000001 0.5000000000000001 -0.7071067811865475
vn -1.2989340843532398e-16 1.2989340843532398e-16 -1
vn 0.49999999999999983 -0.49999999999999983 -0.7071067811865477
vn 0.7071067811865475 -0.7071067811865475 0
vn 0.5 -0.5 0.7071067811865475
vn 4.329780281177466e-17 -4.329780281177466e-17 1
vn -0.4999999999999999 0.4999999999999999 0.7071067811865476
vn -0.7071067811865475 0.7071067811865475 1.2246467991473532e-16
vn -0.5000000000000001 0.5000000000000001 -0.7071067811865475
vn -1.2989340843532398e-16 1.2989340843532398e-16 -1
vn 0.49999999999999983 -0.49999999999999983 -0.7071067811865477
vn 0.7071067811865475 -0.7071067811865475 0
vn 0.5 -0.5 0.7071067811865475
vn 4.329780281177466e-17 -4.329780281177466e-17 1
vn -0.4999999999999999 0.4999999999999999 0.7071067811865476
vn -0.7071067811865475 0.7071067811865475 1.2246467991473532e-16
vn -0.5000000000000001 0.5000000000000001 -0.7071067811865475
vn -1.2989340843532398e-16 1.2989340843532398e-16 -1
vn 0.49999999999999983 -0.49999999999999983 -0.7071067811865477
vn 0.7071067811865475 -0.7071067811865475 0
vn 0.5 -0.5 0.7071067811865475
vn 4.329780281177466e-17 -4.329780281177466e-17 1
vn -0.4999999999999999 0.4999999999999999 0.7071067811865476
vn -0.7071067811865475 0.7071067811865475 1.2246467991473532e-16
vn -0.5000000000000001 0.5000000000000001 -0.7071067811865475
vn -1.2989340843532398e-16 1.2989340843532398e-16 -1
vn 0.49999999999999983 -0.49999999999999983 -0.7071067811865477
vn 0.7071067811865475 -0.7071067811865475 0
vn 0.5 -0.5 0.7071067811865475
vn 4.329780281177466e-17 -4.329780281177466e-17 1
vn -0.4999999999999999 0.4999999999999999 0.7071067811865476
vn -0.7071067811865475 0.7071067811865475 1.2246467991473532e-16
vn -0.5000000000000001 0.5000000000000001 -0.7071067811865475
vn -1.2989340843532398e-16 1.2989340843532398e-16 -1
vn 0.49999999999999983 -0.49999999999999983 -0.7071067811865477
vn 0.7071067811865475 -0.7071067811865475 0
vn 0.5 -0.5 0.7071067811865475
vn 4.329780281177466e-17 -4.329780281177466e-17 1
vn -0.4999999999999999 0.4999999999999999 0.7071067811865476
vn -0.7071067811865475 0.7071067811865475 1.2246467991473532e-16
vn -0.5000000000000001 0.5000000000000001 -0.7071067811865475
vn -1.2989340843532398e-16 1.2989340843532398e-16 -1
vn 0.49999999999999983 -0.49999999999999983 -0.7071067811865477
vn 0.7071067811865475 -0.7071067811865475 0
vn 0.5 -0.5 0.7071067811865475
vn 4.329780281177466e-17 -4.329780281177466e-17 1
vn -0.4999999999999999 0.4999999999999999 0.7071067811865476
vn -0.7071067811865475 0.7071067811865475 1.2246467991473532e-16
vn -0.5000000000000001 0.5000000000000001 -0.7071067811865475
vn -1.2989340843532398e-16 1.2989340843532398e-16 -1
vn 0.49999999999999983 -0.49999999999999983 -0.7071067811865477
vn 0.7071067811865475 -0.7071067811865475 0
vn 0.5 -0.5 0.7071067811865475
vn 4.329780281177466e-17 -4.329780281177466e-17 1
vn -0.4999999999999999 0.4999999999999999 0.7071067811865476
vn -0.7071067811865475 0.7071067811865475 1.2246467991473532e-16
vn -0.5000000000000001 0.5000000000000001 -0.7071067811865475
vn -1.2989340843532398e-16 1.2989340843532398e-16 -1
vn 0.49999999999999983 -0.49999999999999983 -0.7071067811865477
vn 0.7071067811865475 -0.7071067811865475 0
vn 0.5 -0.5 0.7071067811865475
vn 4.329780281177466e-17 -4.329780281177466e-17 1
vn -0.4999999999999999 0.4999999999999999 0.7071067811865476
vn -0.7071067811865475 0.7071067811865475 1.2246467991473532e-16
vn -0.5000000000000001 0.5000000000000001 -0.7071067811865475
vn -1.2989340843532398e-16 1.2989340843532398e-16 -1
vn 0.49999999999999983 -0.49999999999999983 -0.7071067811865477
vn 0.7071067811865475 -0.7071067811865475 0
vn 0.5 -0.5 0.7071067811865475
vn 4.329780281177466e-17 -4.329780281177466e-17 1
vn -0.4999999999999999 0.4999999999999999 0.7071067811865476
vn -0.7071067811865475 0.7071067811865475 1.2246467991473532e-16
vn -0.5000000000000001 0.5000000000000001 -0.7071067811865475
vn -1.2989340843532398e-16 1.2989340843532398e-16 -1
vn 0.49999999999999983 -0.49999999999999983 -0.7071067811865477
vn 0.7071067811865475 -0.7071067811865475 0
vn 0.5 -0.5 0.7071067811865475
vn 4.329780281177466e-17 -4.329780281177466e-17 1
vn -0.4999999999999999 0.4999999999999999 0.7071067811865476
vn -0.7071067811865475 0.7071067811865475 1.2246467991473532e-16
vn -0.5000000000000001 0.5000000000000001 -0.7071067811865475
vn -1.2989340843532398e-16 1.2989340843532398e-16 -1
vn 0.49999999999999983 -0.49999999999999983 -0.7071067811865477
vn 0.7071067811865475 -0.7071067811865475 0
vn 0.5 -0.5 0.7071067811865475
vn 4.329780281177466e-17 -4.329780281177466e-17 1
vn -0.4999999999999999 0.4999999999999999 0.7071067811865476
vn -0.7071067811865475 0.7071067811865475 1.2246467991473532e-16
vn -0.5000000000000001 0.5000000000000001 -0.7071067811865475
vn -1.2989340843532398e-16 1.2989340843532398e-16 -1
vn 0.49999999999999983 -0.49999999999999983 -0.7071067811865477
vn 0.7071067811865475 -0.7071067811865475 0
vn 0.5 -0.5 0.7071067811865475
vn 4.329780281177466e-17 -4.329780281177466e-17 1
vn -0.4999999999999999 0.4999999999999999 0.7071067811865476
vn -0.7071067811865475 0.7071067811865475 1.2246467991473532e-16
vn -0.5000000000000001 0.5000000000000001 -0.7071067811865475
vn -1.2989340843532398e-16 1.2989340843532398e-16 -1
vn 0.49999999999999983 -0.49999999999999983 -0.7071067811865477
vn 0.7071067811865475 -0.7071067811865475 0
vn 0.5 -0.5 0.7071067811865475
vn 4.329780281177466e-17 -4.329780281177466e-17 1
vn -0.4999999999999999 0.4999999999999999 0.7071067811865476
vn -0.7071067811865475 0.7071067811865475 1.2246467991473532e-16
vn -0.5000000000000001 0.5000000000000001 -0.7071067811865475
vn -1.2989340843532398e-16 1.2989340843532398e-16 -1
vn 0.49999999999999983 -0.49999999999999983 -0.7071067811865477
vn 0.7071067811865475 -0.7071067811865475 0
vn 0.5 -0.5 0.7071067811865475
vn 4.329780281177466e-17 -4.329780281177466e-17 1
vn -0.4999999999999999 0.4999999999999999 0.7071067811865476
vn -0.7071067811865475 0.7071067811865475 1.2246467991473532e-16
vn -0.5000000000000001 0.5000000000000001 -0.7071067811865475
vn -1.2989340843532398e-16 1.2989340843532398e-16 -1
vn 0.49999999999999983 -0.49999999999999983 -0.7071067811865477
vn 0.7071067811865475 -0.7071067811865475 0
vn 0.5 -0.5 0.7071067811865475
vn 4.329780281177466e-17 -4.329780281177466e-17 1
vn -0.4999999999999999 0.4999999999999999 0.7071067811865476
vn -0.7071067811865475 0.7071067811865475 1.2246467991473532e-16
vn -0.5000000000000001 0.5000000000000001 -0.7071067811865475
vn -1.2989340843532398e-16 1.2989340843532398e-16 -1
vn 0.49999999999999983 -0.49999999999999983 -0.7071067811865477
vn 0.7071067811865475 -0.7071067811865475 0
vn 0.5 -0.5 0.7071067811865475
vn 4.329780281177466e-17 -4.329780281177466e-17 1
vn -0.4999999999999999 0.4999999999999999 0.7071067811865476
vn -0.7071067811865475 0.7071067811865475 1.2246467991473532e-16
vn -0.5000000000000001 0.5000000000000001 -0.7071067811865475
vn -1.2989340843532398e-16 1.2989340843532398e-16 -1
vn 0.49999999999999983 -0.49999999999999983 -0.7071067811865477
vn 0.7071067811865475 -0.7071067811865475 0
vn 0.5 -0.5 0.7071067811865475
vn 4.329780281177466e-17 -4.329780281177466e-17 1
vn -0.4999999999999999 0.4999999999999999 0.7071067811865476
vn -0.7071067811865475 0.7071067811865475 1.2246467991473532e-16
vn -0.5000000000000001 0.5000000000000001 -0.7071067811865475
vn -1.2989340843532398e-16 1.2989340843532398e-16 -1
vn 0.49999999999999983 -0.49999999999999983 -0.7071067811865477
vn 0.7071067811865475 -0.7071067811865475 0
vn 0.5 -0.5 0.7071067811865475
vn 4.329780281177466e-17 -4.329780281177466e-17 1
vn -0.4999999999999999 0.4999999999999999 0.7071067811865476
vn -0.7071067811865475 0.7071067811865475 1.2246467991473532e-16
vn -0.5000000000000001 0.5000000000000001 -0.7071067811865475
vn -1.2989340843532398e-16 1.2989340843532398e-16 -1
vn 0.49999999999999983 -0.49999999999999983 -0.7071067811865477
vn 0.7071067811865475 -0.7071067811865475 0
vn 0.5 -0.5 0.7071067811865475
vn 4.329780281177466e-17 -4.329780281177466e-17 1
vn -0.4999999999999999 0.4999999999999999 0.7071067811865476
vn -0.7071067811865475 0.7071067811865475 1.2246467991473532e-16
vn -0.5000000000000001 0.5000000000000001 -0.7071067811865475
vn -1.2989340843532398e-16 1.2989340843532398e-16 -1
vn 0.49999999999999983 -0.49999999999999983 -0.7071067811865477
vn 0.7071067811865475 -0.7071067811865475 0
vn 0.5 -0.5 0.7071067811865475
vn 4.329780281177466e-17 -4.329780281177466e-17 1
vn -0.4999999999999999 0.4999999999999999 0.7071067811865476
vn -0.7071067811865475 0.7071067811865475 1.2246467991473532e-16
vn -0.5000000000000001 0.5000000000000001 -0.7071067811865475
vn -1.2989340843532398e-16 1.2989340843532398e-16 -1
vn 0.49999999999999983 -0.49999999999999983 -0.7071067811865477
vn 0.7071067811865475 -0.7071067811865475 0
vn 0.5 -0.5 0.7071067811865475
vn 4.329780281177466e-17 -4.329780281177466e-17 1
vn -0.4999999999999999 0.4999999999999999 0.7071067811865476
vn -0.7071067811865475 0.7071067811865475 1.2246467991473532e-16
vn -0.5000000000000001 0.5000000000000001 -0.7071067811865475
vn -1.2989340843532398e-16 1.2989340843532398e-16 -1
vn 0.49999999999999983 -0.49999999999999983 -0.7071067811865477
vn 0.7071067811865475 -0.7071067811865475 0
vn 0.5 -0.5 0.7071067811865475
vn 4.329780281177466e-17 -4.329780281177466e-17 1
vn -0.4999999999999999 0.4999999999999999 0.7071067811865476
vn -0.7071067811865475 0.7071067811865475 1.2246467991473532e-16
vn -0.5000000000000001 0.5000000000000001 -0.7071067811865475
vn -1.2989340843532398e-16 1.2989340843532398e-16 -1
vn 0.49999999999999983 -0.49999999999999983 -0.7071067811865477
vn 0.7071067811865475 -0.7071067811865475 0
vn 0.5 -0.5 0.7071067811865475
vn 4.329780281177466e-17 -4.329780281177466e-17 1
vn -0.4999999999999999 0.4999999999999999 0.7071067811865476
vn -0.7071067811865475 0.7071067811865475 1.2246467991473532e-16
vn -0.5000000000000001 0.5000000000000001 -0.7071067811865475
vn -1.2989340843532398e-16 1.2989340843532398e-16 -1
vn 0.49999999999999983 -0.49999999999999983 -0.7071067811865477
vn 0.7071067811865475 -0.7071067811865475 0
vn 0.5 -0.5 0.7071067811865475
vn 4.329780281177466e-17 -4.329780281177466e-17 1
vn -0.4999999999999999 0.4999999999999999 0.7071067811865476
vn -0.7071067811865475 0.7071067811865475 1.2246467991473532e-16
vn -0.5000000000000001 0.5000000000000001 -0.7071067811865475
vn -1.2989340843532398e-16 1.2989340843532398e-16 -1
vn 0.49999999999999983 -0.49999999999999983 -0.7071067811865477
vn 0.7071067811865475 -0.7071067811865475 0
vn 0.5 -0.5 0.7071067811865475
vn 4.329780281177466e-17 -4.329780281177466e-17 1
vn -0.4999999999999999 0.4999999999999999 0.7071067811865476
vn -0.7071067811865475 0.7071067811865475 1.2246467991473532e-16
vn -0.5000000000000001 0.5000000000000001 -0.7071067811865475
vn -1.2989340843532398e-16 1.2989340843532398e-16 -1
vn 0.49999999999999983 -0.49999999999999983 -0.7071067811865477
vn 0.7071067811865475 -0.7071067811865475 0
vn 0.5 -0.5 0.7071067811865475
vn 4.329780281177466e-17 -4.329780281177466e-17 1
vn -0.4999999999999999 0.4999999999999999 0.7071067811865476
vn -0.7071067811865475 0.7071067811865475 1.2246467991473532e-16
vn -0.5000000000000001 0.5000000000000001 -0.7071067811865475
vn -1.2989340843532398e-16 1.2989340843532398e-16 -1
vn 0.49999999999999983 -0.49999999999999983 -0.7071067811865477
vn 0.7071067811865475 -0.7071067811865475 0
vn 0.5 -0.5 0.7071067811865475
vn 4.329780281177466e-17 -4.329780281177466e-17 1
vn -0.4999999999999999 0.4999999999999999 0.7071067811865476
vn -0.7071067811865475 0.7071067811865475 1.2246467991473532e-16
vn -0.5000000000000001 0.5000000000000001 -0.7071067811865475
vn -1.2989340843532398e-16 1.2989340843532398e-16 -1
vn 0.49999999999999983 -0.49999999999999983 -0.7071067811865477
vn 0.7071067811865475 -0.7071067811865475 0
vn 0.5 -0.5 0.7071067811865475
vn 4.329780281177466e-17 -4.329780281177466e-17 1
vn -0.4999999999999999 0.4999999999999999 0.7071067811865476
vn -0.7071067811865475 0.7071067811865475 1.2246467991473532e-16
vn -0.5000000000000001 0.5000000000000001 -0.7071067811865475
vn -1.2989340843532398e-16 1.2989340843532398e-16 -1
vn 0.49999999999999983 -0.49999999999999983 -0.7071067811865477
vn 0.7071067811865475 -0.7071067811865475 0
vn 0.5 -0.5 0.7071067811865475
vn 4.329780281177466e-17 -4.329780281177466e-17 1
vn -0.4999999999999999 0.4999999999999999 0.7071067811865476
vn -0.7071067811865475 0.7071067811865475 1.2246467991473532e-16
vn -0.5000000000000001 0.5000000000000001 -0.7071067811865475
vn -1.2989340843532398e-16 1.2989340843532398e-16 -1
vn 0.49999999999999983 -0.49999999999999983 -0.7071067811865477
vn 0.7071067811865475 -0.7071067811865475 0
vn 0.5 -0.5 0.7071067811865475
vn 4.329780281177466e-17 -4.329780281177466e-17 1
vn -0.4999999999999999 0.4999999999999999 0.7071067811865476
vn -0.7071067811865475 0.7071067811865475 1.2246467991473532e-16
vn -0.5000000000000001 0.5000000000000001 -0.7071067811865475
vn -1.2989340843532398e-16 1.2989340843532398e-16 -1
vn 0.49999999999999983 -0.49999999999999983 -0.7071067811865477
vn 0.7071067811865475 -0.7071067811865475 0
vn 0.5 -0.5 0.7071067811865475
vn 4.329780281177466e-17 -4.329780281177466e-17 1
vn -0.4999999999999999 0.4999999999999999 0.7071067811865476
vn -0.7071067811865475 0.7071067811865475 1.2246467991473532e-16
vn -0.5000000000000001 0.5000000000000001 -0.7071067811865475
vn -1.2989340843532398e-16 1.2989340843532398e-16 -1
vn 0.49999999999999983 -0.49999999999999983 -0.7071067811865477
vn 0.7071067811865475 -0.7071067811865475 0
vn 0.5 -0.5 0.7071067811865475
vn 4.329780281177466e-17 -4.329780281177466e-17 1
vn -0.4999999999999999 0.4999999999999999 0.7071067811865476
vn -0.7071067811865475 0.7071067811865475 1.2246467991473532e-16
vn -0.5000000000000001 0.5000000000000001 -0.7071067811865475
vn -1.2989340843532398e-16 1.2989340843532398e-16 -1
vn 0.49999999999999983 -0.49999999999999983 -0.7071067811865477
vn 0.7071067811865475 -0.7071067811865475 0
vn 0.5 -0.5 0.7071067811865475
vn 4.329780281177466e-17 -4.329780281177466e-17 1
vn -0.4999999999999999 0.4999999999999999 0.7071067811865476
vn -0.7071067811865475 0.7071067811865475 1.2246467991473532e-16
vn -0.5000000000000001 0.5000000000000001 -0.7071067811865475
vn -1.2989340843532398e-16 1.2989340843532398e-16 -1
vn 0.49999999999999983 -0.49999999999999983 -0.7071067811865477
vn 0.7071067811865475 -0.7071067811865475 0
vn 0.5 -0.5 0.7071067811865475
vn 4.329780281177466e-17 -4.329780281177466e-17 1
vn -0.4999999999999999 0.4999999999999999 0.7071067811865476
vn -0.7071067811865475 0.7071067811865475 1.2246467991473532e-16
vn -0.5000000000000001 0.5000000000000001 -0.7071067811865475
vn -1.2989340843532398e-16 1.2989340843532398e-16 -1
vn 0.49999999999999983 -0.49999999999999983 -0.7071067811865477
vn 0.7071067811865475 -0.7071067811865475 0
vn 0.5 -0.5 0.7071067811865475
vn 4.329780281177466e-17 -4.329780281177466e-17 1
vn -0.4999999999999999 0.4999999999999999 0.7071067811865476
vn -0.7071067811865475 0.7071067811865475 1.2246467991473532e-16
vn -0.5000000000000001 0.5000000000000001 -0.7071067811865475
vn -1.2989340843532398e-16 1.2989340843532398e-16 -1
vn 0.49999999999999983 -0.49999999999999983 -0.7071067811865477
vn 0.7071067811865475 -0.7071067811865475 0
vn 0.5 -0.5 0.7071067811865475
vn 4.329780281177466e-17 -4.329780281177466e-17 1
vn -0.4999999999999999 0.4999999999999999 0.7071067811865476
vn -0.7071067811865475 0.7071067811865475 1.2246467991473532e-16
vn -0.5000000000000001 0.5000000000000001 -0.7071067811865475
vn -1.2989340843532398e-16 1.2989340843532398e-16 -1
vn 0.49999999999999983 -0.49999999999999983 -0.7071067811865477
vn 0.7071067811865475 -0.7071067811865475 0
vn 0.5 -0.5 0.7071067811865475
vn 4.329780281177466e-17 -4.329780281177466e-17 1
vn -0.4999999999999999 0.4999999999999999 0.7071067811865476
vn -0.7071067811865475 0.7071067811865475 1.2246467991473532e-16
vn -0.5000000000000001 0.5000000000000001 -0.7071067811865475
vn -1.2989340843532398e-16 1.2989340843532398e-16 -1
vn 0.49999999999999983 -0.49999999999999983 -0.7071067811865477
vn 0.7071067811865475 -0.7071067811865475 0
vn 0.5 -0.5 0.7071067811865475
vn 4.329780281177466e-17 -4.329780281177466e-17 1
vn -0.4999999999999999 0.4999999999999999 0.7071067811865476
vn -0.7071067811865475 0.7071067811865475 1.2246467991473532e-16
vn -0.5000000000000001 0.5000000000000001 -0.7071067811865475
vn -1.2989340843532398e-16 1.2989340843532398e-16 -1
vn 0.49999999999999983 -0.49999999999999983 -0.7071067811865477
vn 0.7071067811865475 -0.7071067811865475 0
vn 0.5 -0.5 0.7071067811865475
vn 4.329780281177466e-17 -4.329780281177466e-17 1
vn -0.4999999999999999 0.4999999999999999 0.7071067811865476
vn -0.7071067811865475 0.7071067811865475 1.2246467991473532e-16
vn -0.5000000000000001 0.5000000000000001 -0.7071067811865475
vn -1.2989340843532398e-16 1.2989340843532398e-16 -1
vn 0.49999999999999983 -0.49999999999999983 -0.7071067811865477
vn 0.7071067811865475 -0.7071067811865475 0
vn 0.5 -0.5 0.7071067811865475
vn 4.329780281177466e-17 -4.329780281177466e-17 1
vn -0.4999999999999999 0.4999999999999999 0.7071067811865476
vn -0.7071067811865475 0.7071067811865475 1.2246467991473532e-16
vn -0.5000000000000001 0.5000000000000001 -0.7071067811865475
vn -1.2989340843532398e-16 1.2989340843532398e-16 -1
vn 0.49999999999999983 -0.49999999999999983 -0.7071067811865477
vn 0.7071067811865475 -0.7071067811865475 0
vn 0.5 -0.5 0.7071067811865475
vn 4.329780281177466e-17 -4.329780281177466e-17 1
vn -0.4999999999999999 0.4999999999999999 0.7071067811865476
vn -0.7071067811865475 0.7071067811865475 1.2246467991473532e-16
vn -0.5000000000000001 0.5000000000000001 -0.7071067811865475
vn -1.2989340843532398e-16 1.2989340843532398e-16 -1
vn 0.49999999999999983 -0.49999999999999983 -0.7071067811865477
vn 0.7071067811865475 -0.7071067811865475 0
vn 0.5 -0.5 0.7071067811865475
vn 4.329780281177466e-17 -4.329780281177466e-17 1
vn -0.4999999999999999 0.4999999999999999 0.7071067811865476
vn -0.7071067811865475 0.7071067811865475 1.2246467991473532e-16
vn -0.5000000000000001 0.5000000000000001 -0.7071067811865475
vn -1.2989340843532398e-16 1.2989340843532398e-16 -1
vn 0.49999999999999983 -0.49999999999999983 -0.7071067811865477
vn 0.7071067811865475 -0.7071067811865475 0
vn 0.5 -0.5 0.7071067811865475
vn 4.329780281177466e-17 -4.329780281177466e-17 1
vn -0.4999999999999999 0.4999999999999999 0.7071067811865476
vn -0.7071067811865475 0.7071067811865475 1.2246467991473532e-16
vn -0.5000000000000001 0.5000000000000001 -0.7071067811865475
vn -1.2989340843532398e-16 1.2989340843532398e-16 -1
vn 0.49999999999999983 -0.49999999999999983 -0.7071067811865477
vn 0.7071067811865475 -0.7071067811865475 0
vn 0.5 -0.5 0.7071067811865475
vn 4.329780281177466e-17 -4.329780281177466e-17 1
vn -0.4999999999999999 0.4999999999999999 0.7071067811865476
vn -0.7071067811865475 0.7071067811865475 1.2246467991473532e-16
vn -0.5000000000000001 0.5000000000000001 -0.7071067811865475
vn -1.2989340843532398e-16 1.2989340843532398e-16 -1
vn 0.49999999999999983 -0.49999999999999983 -0.7071067811865477
vn 0.7071067811865475 -0.7071067811865475 0
vn 0.5 -0.5 0.7071067811865475
vn 4.329780281177466e-17 -4.329780281177466e-17 1
vn -0.4999999999999999 0.4999999999999999 0.7071067811865476
vn -0.7071067811865475 0.7071067811865475 1.2246467991473532e-16
vn -0.5000000000000001 0.5000000000000001 -0.7071067811865475
vn -1.2989340843532398e-16 1.2989340843532398e-16 -1
vn 0.49999999999999983 -0.49999999999999983 -0.7071067811865477
vn 0.7071067811865475 -0.7071067811865475 0
vn 0.5 -0.5 0.7071067811865475
vn 4.329780281177466e-17 -4.329780281177466e-17 1
vn -0.4999999999999999 0.4999999999999999 0.7071067811865476
vn -0.7071067811865475 0.7071067811865475 1.2246467991473532e-16
vn -0.5000000000000001 0.5000000000000001 -0.7071067811865475
vn -1.2989340843532398e-16 1.2989340843532398e-16 -1
vn 0.49999999999999983 -0.49999999999999983 -0.7071067811865477
vn 0.7071067811865475 -0.7071067811865475 0
vn 0.5 -0.5 0.7071067811865475
vn 4.329780281177466e-17 -4.329780281177466e-17 1
vn -0.4999999999999999 0.4999999999999999 0.7071067811865476
vn -0.7071067811865475 0.7071067811865475 1.2246467991473532e-16
vn -0.5000000000000001 0.5000000000000001 -0.7071067811865475
vn -1.2989340843532398e-16 1.2989340843532398e-16 -1
vn 0.49999999999999983 -0.49999999999999983 -0.7071067811865477
vn 0.7071067811865475 -0.7071067811865475 0
vn 0.5 -0.5 0.7071067811865475
vn 4.329780281177466e-17 -4.329780281177466e-17 1
vn -0.4999999999999999 0.4999999999999999 0.7071067811865476
vn -0.7071067811865475 0.7071067811865475 1.2246467991473532e-16
vn -0.5000000000000001 0.5000000000000001 -0.7071067811865475
vn -1.2989340843532398e-16 1.2989340843532398e-16 -1
vn 0.49999999999999983 -0.49999999999999983 -0.7071067811865477
vn 0.7071067811865475 -0.7071067811865475 0
vn 0.5 -0.5 0.7071067811865475
vn 4.329780281177466e-17 -4.329780281177466e-17 1
vn -0.4999999999999999 0.4999999999999999 0.7071067811865476
vn -0.7071067811865475 0.7071067811865475 1.2246467991473532e-16
vn -0.5000000000000001 0.5000000000000001 -0.7071067811865475
vn -1.2989340843532398e-16 1.2989340843532398e-16 -1
vn 0.49999999999999983 -0.49999999999999983 -0.7071067811865477
vn 0.7071067811865475 -0.7071067811865475 0
vn 0.5 -0.5 0.7071067811865475
vn 4.329780281177466e-17 -4.329780281177466e-17 1
vn -0.4999999999999999 0.4999999999999999 0.7071067811865476
vn -0.7071067811865475 0.7071067811865475 1.2246467991473532e-16
vn -0.5000000000000001 0.5000000000000001 -0.7071067811865475
vn -1.2989340843532398e-16 1.2989340843532398e-16 -1
vn 0.49999999999999983 -0.49999999999999983 -0.7071067811865477
vn 0.7071067811865475 -0.7071067811865475 0
vn 0.5 -0.5 0.7071067811865475
vn 4.329780281177466e-17 -4.329780281177466e-17 1
vn -0.4999999999999999 0.4999999999999999 0.7071067811865476
vn -0.7071067811865475 0.7071067811865475 1.2246467991473532e-16
vn -0.5000000000000001 0.5000000000000001 -0.7071067811865475
vn -1.2989340843532398e-16 1.2989340843532398e-16 -1
vn 0.49999999999999983 -0.49999999999999983 -0.7071067811865477
vn 0.7071067811865475 -0.7071067811865475 0
vn 0.5 -0.5 0.7071067811865475
vn 4.329780281177466e-17 -4.329780281177466e-17 1
vn -0.4999999999999999 0.4999999999999999 0.7071067811865476
vn -0.7071067811865475 0.7071067811865475 1.2246467991473532e-16
vn -0.5000000000000001 0.5000000000000001 -0.7071067811865475
vn -1.2989340843532398e-16 1.2989340843532398e-16 -1
vn 0.49999999999999983 -0.49999999999999983 -0.7071067811865477
vn 0.7071067811865475 -0.7071067811865475 0
vn 0.5 -0.5 0.7071067811865475
vn 4.329780281177466e-17 -4.329780281177466e-17 1
vn -0.4999999999999999 0.4999999999999999 0.7071067811865476
vn -0.7071067811865475 0.7071067811865475 1.2246467991473532e-16
vn -0.5000000000000001 0.5000000000000001 -0.7071067811865475
vn -1.2989340843532398e-16 1.2989340843532398e-16 -1
vn 0.49999999999999983 -0.49999999999999983 -0.7071067811865477
vn 0.7071067811865475 -0.7071067811865475 0
vn 0.5 -0.5 0.7071067811865475
vn 4.329780281177466e-17 -4.329780281177466e-17 1
vn -0.4999999999999999 0.4999999999999999 0.7071067811865476
vn -0.7071067811865475 0.7071067811865475 1.2246467991473532e-16
vn -0.5000000000000001 0.5000000000000001 -0.7071067811865475
vn -1.2989340843532398e-16 1.2989340843532398e-16 -1
vn 0.49999999999999983 -0.49999999999999983 -0.7071067811865477
vn 0.7071067811865475 -0.7071067811865475 0
vn 0.5 -0.5 0.7071067811865475
vn 4.329780281177466e-17 -4.329780281177466e-17 1
vn -0.4999999999999999 0.4999999999999999 0.7071067811865476
vn -0.7071067811865475 0.7071067811865475 1.2246467991473532e-16
vn -0.5000000000000001 0.5000000000000001 -0.7071067811865475
vn -1.2989340843532398e-16 1.2989340843532398e-16 -1
vn 0.49999999999999983 -0.49999999999999983 -0.7071067811865477
vn 0.7071067811865475 -0.7071067811865475 0
vn 0.5 -0.5 0.7071067811865475
vn 4.329780281177466e-17 -4.329780281177466e-17 1
vn -0.4999999999999999 0.4999999999999999 0.7071067811865476
vn -0.7071067811865475 0.7071067811865475 1.2246467991473532e-16
vn -0.5000000000000001 0.5000000000000001 -0.7071067811865475
vn -1.2989340843532398e-16 1.2989340843532398e-16 -1
vn 0.49999999999999983 -0.49999999999999983 -0.7071067811865477
vn 0.7071067811865475 -0.7071067811865475 0
vn 0.5 -0.5 0.7071067811865475
vn 4.329780281177466e-17 -4.329780281177466e-17 1
vn -0.4999999999999999 0.4999999999999999 0.7071067811865476
vn -0.7071067811865475 0.7071067811865475 1.2246467991473532e-16
vn -0.5000000000000001 0.5000000000000001 -0.7071067811865475
vn -1.2989340843532398e-16 1.2989340843532398e-16 -1
vn 0.49999999999999983 -0.49999999999999983 -0.7071067811865477
vn 0.7071067811865475 -0.7071067811865475 0
vn 0.5 -0.5 0.7071067811865475
vn 4.329780281177466e-17 -4.329780281177466e-17 1
vn -0.4999999999999999 0.4999999999999999 0.7071067811865476
vn -0.7071067811865475 0.7071067811865475 1.2246467991473532e-16
vn -0.5000000000000001 0.5000000000000001 -0.7071067811865475
vn -1.2989340843532398e-16 1.2989340843532398e-16 -1
vn 0.49999999999999983 -0.49999999999999983 -0.7071067811865477
vn 0.7071067811865475 -0.7071067811865475 0
vn 0.5 -0.5 0.7071067811865475
vn 4.329780281177466e-17 -4.329780281177466e-17 1
vn -0.4999999999999999 0.4999999999999999 0.7071067811865476
vn -0.7071067811865475 0.7071067811865475 1.2246467991473532e-16
vn -0.5000000000000001 0.5000000000000001 -0.7071067811865475
vn -1.2989340843532398e-16 1.2989340843532398e-16 -1
vn 0.49999999999999983 -0.49999999999999983 -0.7071067811865477
vn 0.7071067811865475 -0.7071067811865475 0
vn 0.5 -0.5 0.7071067811865475
vn 4.329780281177466e-17 -4.329780281177466e-17 1
vn -0.4999999999999999 0.4999999999999999 0.7071067811865476
vn -0.7071067811865475 0.7071067811865475 1.2246467991473532e-16
vn -0.5000000000000001 0.5000000000000001 -0.7071067811865475
vn -1.2989340843532398e-16 1.2989340843532398e-16 -1
vn 0.49999999999999983 -0.49999999999999983 -0.7071067811865477
vn 0.7071067811865475 -0.7071067811865475 0
vn 0.5 -0.5 0.7071067811865475
vn 4.329780281177466e-17 -4.329780281177466e-17 1
vn -0.4999999999999999 0.4999999999999999 0.7071067811865476
vn -0.7071067811865475 0.7071067811865475 1.2246467991473532e-16
vn -0.5000000000000001 0.5000000000000001 -0.7071067811865475
vn -1.2989340843532398e-16 1.2989340843532398e-16 -1
vn 0.49999999999999983 -0.49999999999999983 -0.7071067811865477
vn 0.7071067811865475 -0.7071067811865475 0
vn 0.5 -0.5 0.7071067811865475
vn 4.329780281177466e-17 -4.329780281177466e-17 1
vn -0.4999999999999999 0.4999999999999999 0.7071067811865476
vn -0.7071067811865475 0.7071067811865475 1.2246467991473532e-16
vn -0.5000000000000001 0.5000000000000001 -0.7071067811865475
vn -1.2989340843532398e-16 1.2989340843532398e-16 -1
vn 0.49999999999999983 -0.49999999999999983 -0.7071067811865477
vn 0.7071067811865475 -0.7071067811865475 0
vn 0.5 -0.5 0.7071067811865475
vn 4.329780281177466e-17 -4.329780281177466e-17 1
vn -0.4999999999999999 0.4999999999999999 0.7071067811865476
vn -0.7071067811865475 0.7071067811865475 1.2246467991473532e-16
vn -0.5000000000000001 0.5000000000000001 -0.7071067811865475
vn -1.2989340843532398e-16 1.2989340843532398e-16 -1
vn 0.49999999999999983 -0.49999999999999983 -0.7071067811865477
vn 0.7071067811865475 -0.7071067811865475 0
vn 0.5 -0.5 0.7071067811865475
vn 4.329780281177466e-17 -4.329780281177466e-17 1
vn -0.4999999999999999 0.4999999999999999 0.7071067811865476
vn -0.7071067811865475 0.7071067811865475 1.2246467991473532e-16
vn -0.5000000000000001 0.5000000000000001 -0.7071067811865475
vn -1.2989340843532398e-16 1.2989340843532398e-16 -1
vn 0.49999999999999983 -0.49999999999999983 -0.7071067811865477
vn 0.7071067811865475 -0.7071067811865475 0
vn 0.5 -0.5 0.7071067811865475
vn 4.329780281177466e-17 -4.329780281177466e-17 1
vn -0.4999999999999999 0.4999999999999999 0.7071067811865476
vn -0.7071067811865475 0.7071067811865475 1.2246467991473532e-16
vn -0.5000000000000001 0.5000000000000001 -0.7071067811865475
vn -1.2989340843532398e-16 1.2989340843532398e-16 -1
vn 0.49999999999999983 -0.49999999999999983 -0.7071067811865477
vn 0.7071067811865475 -0.7071067811865475 0
vn 0.5 -0.5 0.7071067811865475
vn 4.329780281177466e-17 -4.329780281177466e-17 1
vn -0.4999999999999999 0.4999999999999999 0.7071067811865476
vn -0.7071067811865475 0.7071067811865475 1.2246467991473532e-16
vn -0.5000000000000001 0.5000000000000001 -0.7071067811865475
vn -1.2989340843532398e-16 1.2989340843532398e-16 -1
vn 0.49999999999999983 -0.49999999999999983 -0.7071067811865477
vn 0.7071067811865475 -0.7071067811865475 0
vn 0.5 -0.5 0.7071067811865475
vn 4.329780281177466e-17 -4.329780281177466e-17 1
vn -0.4999999999999999 0.4999999999999999 0.7071067811865476
vn -0.7071067811865475 0.7071067811865475 1.2246467991473532e-16
vn -0.5000000000000001 0.5000000000000001 -0.7071067811865475
vn -1.2989340843532398e-16 1.2989340843532398e-16 -1
vn 0.49999999999999983 -0.49999999999999983 -0.7071067811865477
vn 0.7071067811865476 -0.7071067811865476 0
vn 0.5000000000000001 -0.5000000000000001 0.7071067811865475
vn 4.329780281177467e-17 -4.329780281177467e-17 1
vn -0.5 0.5 0.7071067811865476
vn -0.7071067811865476 0.7071067811865476 1.2246467991473532e-16
vn -0.5000000000000001 0.5000000000000001 -0.7071067811865475
vn -1.29893408435324e-16 1.29893408435324e-16 -1
vn 0.4999999999999999 -0.4999999999999999 -0.7071067811865477
vn 0.7071067811865476 -0.7071067811865476 0
vn 0.5000000000000001 -0.5000000000000001 0.7071067811865475
vn 4.329780281177467e-17 -4.329780281177467e-17 1
vn -0.5 0.5 0.7071067811865476
vn -0.7071067811865476 0.7071067811865476 1.2246467991473532e-16
vn -0.5000000000000001 0.5000000000000001 -0.7071067811865475
vn -1.29893408435324e-16 1.29893408435324e-16 -1
vn 0.4999999999999999 -0.4999999999999999 -0.7071067811865477
vn 0.7071067811865476 -0.7071067811865476 0
vn 0.5000000000000001 -0.5000000000000001 0.7071067811865475
vn 4.329780281177467e-17 -4.329780281177467e-17 1
vn -0.5 0.5 0.7071067811865476
vn -0.7071067811865476 0.7071067811865476 1.2246467991473532e-16
vn -0.5000000000000001 0.5000000000000001 -0.7071067811865475
vn -1.29893408435324e-16 1.29893408435324e-16 -1
vn 0.4999999999999999 -0.4999999999999999 -0.7071067811865477
vn 0.7071067811865476 -0.7071067811865476 0
vn 0.5000000000000001 -0.5000000000000001 0.7071067811865475
vn 4.329780281177467e-17 -4.329780281177467e-17 1
vn -0.5 0.5 0.7071067811865476
vn -0.7071067811865476 0.7071067811865476 1.2246467991473532e-16
vn -0.5000000000000001 0.5000000000000001 -0.7071067811865475
vn -1.29893408435324e-16 1.29893408435324e-16 -1
vn 0.4999999999999999 -0.4999999999999999 -0.7071067811865477
vn 0.7071067811865476 -0.7071067811865476 0
vn 0.5000000000000001 -0.5000000000000001 0.7071067811865475
vn 4.329780281177467e-17 -4.329780281177467e-17 1
vn -0.5 0.5 0.7071067811865476
vn -0.7071067811865476 0.7071067811865476 1.2246467991473532e-16
vn -0.5000000000000001 0.5000000000000001 -0.7071067811865475
vn -1.29893408435324e-16 1.29893408435324e-16 -1
vn 0.4999999999999999 -0.4999999999999999 -0.7071067811865477
vn 0.7071067811865476 -0.7071067811865476 0
vn 0.5000000000000001 -0.5000000000000001 0.7071067811865475
vn 4.329780281177467e-17 -4.329780281177467e-17 1
vn -0.5 0.5 0.7071067811865476
vn -0.7071067811865476 0.7071067811865476 1.2246467991473532e-16
vn -0.5000000000000001 0.5000000000000001 -0.7071067811865475
vn -1.29893408435324e-16 1.29893408435324e-16 -1
vn 0.4999999999999999 -0.4999999999999999 -0.7071067811865477
vn 0.7071067811865476 -0.7071067811865476 0
vn 0.5000000000000001 -0.5000000000000001 0.7071067811865475
vn 4.329780281177467e-17 -4.329780281177467e-17 1
vn -0.5 0.5 0.7071067811865476
vn -0.7071067811865476 0.7071067811865476 1.2246467991473532e-16
vn -0.5000000000000001 0.5000000000000001 -0.7071067811865475
vn -1.29893408435324e-16 1.29893408435324e-16 -1
vn 0.4999999999999999 -0.4999999999999999 -0.7071067811865477
vn 0.7071067811865476 -0.7071067811865476 0
vn 0.5000000000000001 -0.5000000000000001 0.7071067811865475
vn 4.329780281177467e-17 -4.329780281177467e-17 1
vn -0.5 0.5 0.7071067811865476
vn -0.7071067811865476 0.7071067811865476 1.2246467991473532e-16
vn -0.5000000000000001 0.5000000000000001 -0.7071067811865475
vn -1.29893408435324e-16 1.29893408435324e-16 -1
vn 0.4999999999999999 -0.4999999999999999 -0.7071067811865477
vn 0.7071067811865476 -0.7071067811865476 0
vn 0.5000000000000001 -0.5000000000000001 0.7071067811865475
vn 4.329780281177467e-17 -4.329780281177467e-17 1
vn -0.5 0.5 0.7071067811865476
vn -0.7071067811865476 0.7071067811865476 1.2246467991473532e-16
vn -0.5000000000000001 0.5000000000000001 -0.7071067811865475
vn -1.29893408435324e-16 1.29893408435324e-16 -1
vn 0.4999999999999999 -0.4999999999999999 -0.7071067811865477
vn 0.7071067811865476 -0.7071067811865476 0
vn 0.5000000000000001 -0.5000000000000001 0.7071067811865475
vn 4.329780281177467e-17 -4.329780281177467e-17 1
vn -0.5 0.5 0.7071067811865476
vn -0.7071067811865476 0.7071067811865476 1.2246467991473532e-16
vn -0.5000000000000001 0.5000000000000001 -0.7071067811865475
vn -1.29893408435324e-16 1.29893408435324e-16 -1
vn 0.4999999999999999 -0.4999999999999999 -0.7071067811865477
vn 0.7071067811865476 -0.7071067811865476 0
vn 0.5000000000000001 -0.5000000000000001 0.7071067811865475
vn 4.329780281177467e-17 -4.329780281177467e-17 1
vn -0.5 0.5 0.7071067811865476
vn -0.7071067811865476 0.7071067811865476 1.2246467991473532e-16
vn -0.5000000000000001 0.5000000000000001 -0.7071067811865475
vn -1.29893408435324e-16 1.29893408435324e-16 -1
vn 0.4999999999999999 -0.4999999999999999 -0.7071067811865477
vn 0.7071067811865476 -0.7071067811865476 0
vn 0.5000000000000001 -0.5000000000000001 0.7071067811865475
vn 4.329780281177467e-17 -4.329780281177467e-17 1
vn -0.5 0.5 0.7071067811865476
vn -0.7071067811865476 0.7071067811865476 1.2246467991473532e-16
vn -0.5000000000000001 0.5000000000000001 -0.7071067811865475
vn -1.29893408435324e-16 1.29893408435324e-16 -1
vn 0.4999999999999999 -0.4999999999999999 -0.7071067811865477
vn 0.7071067811865476 -0.7071067811865476 0
vn 0.5000000000000001 -0.5000000000000001 0.7071067811865475
vn 4.329780281177467e-17 -4.329780281177467e-17 1
vn -0.5 0.5 0.7071067811865476
vn -0.7071067811865476 0.7071067811865476 1.2246467991473532e-16
vn -0.5000000000000001 0.5000000000000001 -0.7071067811865475
vn -1.29893408435324e-16 1.29893408435324e-16 -1
vn 0.4999999999999999 -0.4999999999999999 -0.7071067811865477
vn 0.7071067811865476 -0.7071067811865476 0
vn 0.5000000000000001 -0.5000000000000001 0.7071067811865475
vn 4.329780281177467e-17 -4.329780281177467e-17 1
vn -0.5 0.5 0.7071067811865476
vn -0.7071067811865476 0.7071067811865476 1.2246467991473532e-16
vn -0.5000000000000001 0.5000000000000001 -0.7071067811865475
vn -1.29893408435324e-16 1.29893408435324e-16 -1
vn 0.4999999999999999 -0.4999999999999999 -0.7071067811865477
vn 0.7071067811865476 -0.7071067811865476 0
vn 0.5000000000000001 -0.5000000000000001 0.7071067811865475
vn 4.329780281177467e-17 -4.329780281177467e-17 1
vn -0.5 0.5 0.7071067811865476
vn -0.7071067811865476 0.7071067811865476 1.2246467991473532e-16
vn -0.5000000000000001 0.5000000000000001 -0.7071067811865475
vn -1.29893408435324e-16 1.29893408435324e-16 -1
vn 0.4999999999999999 -0.4999999999999999 -0.7071067811865477
vn 0.7071067811865476 -0.7071067811865476 0
vn 0.5000000000000001 -0.5000000000000001 0.7071067811865475
vn 4.329780281177467e-17 -4.329780281177467e-17 1
vn -0.5 0.5 0.7071067811865476
vn -0.7071067811865476 0.7071067811865476 1.2246467991473532e-16
vn -0.5000000000000001 0.5000000000000001 -0.7071067811865475
vn -1.29893408435324e-16 1.29893408435324e-16 -1
vn 0.4999999999999999 -0.4999999999999999 -0.7071067811865477
vn 0.7071067811865476 -0.7071067811865476 0
vn 0.5000000000000001 -0.5000000000000001 0.7071067811865475
vn 4.329780281177467e-17 -4.329780281177467e-17 1
vn -0.5 0.5 0.7071067811865476
vn -0.7071067811865476 0.7071067811865476 1.2246467991473532e-16
vn -0.5000000000000001 0.5000000000000001 -0.7071067811865475
vn -1.29893408435324e-16 1.29893408435324e-16 -1
vn 0.4999999999999999 -0.4999999999999999 -0.7071067811865477
vn 0.7071067811865476 -0.7071067811865476 0
vn 0.5000000000000001 -0.5000000000000001 0.7071067811865475
vn 4.329780281177467e-17 -4.329780281177467e-17 1
vn -0.5 0.5 0.7071067811865476
vn -0.7071067811865476 0.7071067811865476 1.2246467991473532e-16
vn -0.5000000000000001 0.5000000000000001 -0.7071067811865475
vn -1.29893408435324e-16 1.29893408435324e-16 -1
vn 0.4999999999999999 -0.4999999999999999 -0.7071067811865477
vn 0.7071067811865476 -0.7071067811865476 0
vn 0.5000000000000001 -0.5000000000000001 0.7071067811865475
vn 4.329780281177467e-17 -4.329780281177467e-17 1
vn -0.5 0.5 0.7071067811865476
vn -0.7071067811865476 0.7071067811865476 1.2246467991473532e-16
vn -0.5000000000000001 0.5000000000000001 -0.7071067811865475
vn -1.29893408435324e-16 1.29893408435324e-16 -1
vn 0.4999999999999999 -0.4999999999999999 -0.7071067811865477
vn 0.7071067811865476 -0.7071067811865476 0
vn 0.5000000000000001 -0.5000000000000001 0.7071067811865475
vn 4.329780281177467e-17 -4.329780281177467e-17 1
vn -0.5 0.5 0.7071067811865476
vn -0.7071067811865476 0.7071067811865476 1.2246467991473532e-16
vn -0.5000000000000001 0.5000000000000001 -0.7071067811865475
vn -1.29893408435324e-16 1.29893408435324e-16 -1
vn 0.4999999999999999 -0.4999999999999999 -0.7071067811865477
vn 0.7071067811865476 -0.7071067811865476 0
vn 0.5000000000000001 -0.5000000000000001 0.7071067811865475
vn 4.329780281177467e-17 -4.329780281177467e-17 1
vn -0.5 0.5 0.7071067811865476
vn -0.7071067811865476 0.7071067811865476 1.2246467991473532e-16
vn -0.5000000000000001 0.5000000000000001 -0.7071067811865475
vn -1.29893408435324e-16 1.29893408435324e-16 -1
vn 0.4999999999999999 -0.4999999999999999 -0.7071067811865477
vn 0.7071067811865476 -0.7071067811865476 0
vn 0.5000000000000001 -0.5000000000000001 0.7071067811865475
vn 4.329780281177467e-17 -4.329780281177467e-17 1
vn -0.5 0.5 0.7071067811865476
vn -0.7071067811865476 0.7071067811865476 1.2246467991473532e-16
vn -0.5000000000000001 0.5000000000000001 -0.7071067811865475
vn -1.29893408435324e-16 1.29893408435324e-16 -1
vn 0.4999999999999999 -0.4999999999999999 -0.7071067811865477
vn 0.7071067811865476 -0.7071067811865476 0
vn 0.5000000000000001 -0.5000000000000001 0.7071067811865475
vn 4.329780281177467e-17 -4.329780281177467e-17 1
vn -0.5 0.5 0.7071067811865476
vn -0.7071067811865476 0.7071067811865476 1.2246467991473532e-16
vn -0.5000000000000001 0.5000000000000001 -0.7071067811865475
vn -1.29893408435324e-16 1.29893408435324e-16 -1
vn 0.4999999999999999 -0.4999999999999999 -0.7071067811865477
vn 0.7071067811865476 -0.7071067811865476 0
vn 0.5000000000000001 -0.5000000000000001 0.7071067811865475
vn 4.329780281177467e-17 -4.329780281177467e-17 1
vn -0.5 0.5 0.7071067811865476
vn -0.7071067811865476 0.7071067811865476 1.2246467991473532e-16
vn -0.5000000000000001 0.5000000000000001 -0.7071067811865475
vn -1.29893408435324e-16 1.29893408435324e-16 -1
vn 0.4999999999999999 -0.4999999999999999 -0.7071067811865477
vn 0.7071067811865476 -0.7071067811865476 0
vn 0.5000000000000001 -0.5000000000000001 0.7071067811865475
vn 4.329780281177467e-17 -4.329780281177467e-17 1
vn -0.5 0.5 0.7071067811865476
vn -0.7071067811865476 0.7071067811865476 1.2246467991473532e-16
vn -0.5000000000000001 0.5000000000000001 -0.7071067811865475
vn -1.29893408435324e-16 1.29893408435324e-16 -1
vn 0.4999999999999999 -0.4999999999999999 -0.7071067811865477
vn 0.7071067811865476 -0.7071067811865476 0
vn 0.5000000000000001 -0.5000000000000001 0.7071067811865475
vn 4.329780281177467e-17 -4.329780281177467e-17 1
vn -0.5 0.5 0.7071067811865476
vn -0.7071067811865476 0.7071067811865476 1.2246467991473532e-16
vn -0.5000000000000001 0.5000000000000001 -0.7071067811865475
vn -1.29893408435324e-16 1.29893408435324e-16 -1
vn 0.4999999999999999 -0.4999999999999999 -0.7071067811865477
vn 0.7071067811865476 -0.7071067811865476 0
vn 0.5000000000000001 -0.5000000000000001 0.7071067811865475
vn 4.329780281177467e-17 -4.329780281177467e-17 1
vn -0.5 0.5 0.7071067811865476
vn -0.7071067811865476 0.7071067811865476 1.2246467991473532e-16
vn -0.5000000000000001 0.5000000000000001 -0.7071067811865475
vn -1.29893408435324e-16 1.29893408435324e-16 -1
vn 0.4999999999999999 -0.4999999999999999 -0.7071067811865477
vn 0.7071067811865476 -0.7071067811865476 0
vn 0.5000000000000001 -0.5000000000000001 0.7071067811865475
vn 4.329780281177467e-17 -4.329780281177467e-17 1
vn -0.5 0.5 0.7071067811865476
vn -0.7071067811865476 0.7071067811865476 1.2246467991473532e-16
vn -0.5000000000000001 0.5000000000000001 -0.7071067811865475
vn -1.29893408435324e-16 1.29893408435324e-16 -1
vn 0.4999999999999999 -0.4999999999999999 -0.7071067811865477
vn 0.7071067811865476 -0.7071067811865476 0
vn 0.5000000000000001 -0.5000000000000001 0.7071067811865475
vn 4.329780281177467e-17 -4.329780281177467e-17 1
vn -0.5 0.5 0.7071067811865476
vn -0.7071067811865476 0.7071067811865476 1.2246467991473532e-16
vn -0.5000000000000001 0.5000000000000001 -0.7071067811865475
vn -1.29893408435324e-16 1.29893408435324e-16 -1
vn 0.4999999999999999 -0.4999999999999999 -0.7071067811865477
vn 0.7071067811865476 -0.7071067811865476 0
vn 0.5000000000000001 -0.5000000000000001 0.7071067811865475
vn 4.329780281177467e-17 -4.329780281177467e-17 1
vn -0.5 0.5 0.7071067811865476
vn -0.7071067811865476 0.7071067811865476 1.2246467991473532e-16
vn -0.5000000000000001 0.5000000000000001 -0.7071067811865475
vn -1.29893408435324e-16 1.29893408435324e-16 -1
vn 0.4999999999999999 -0.4999999999999999 -0.7071067811865477
vn 0.7071067811865476 -0.7071067811865476 0
vn 0.5000000000000001 -0.5000000000000001 0.7071067811865475
vn 4.329780281177467e-17 -4.329780281177467e-17 1
vn -0.5 0.5 0.7071067811865476
vn -0.7071067811865476 0.7071067811865476 1.2246467991473532e-16
vn -0.5000000000000001 0.5000000000000001 -0.7071067811865475
vn -1.29893408435324e-16 1.29893408435324e-16 -1
vn 0.4999999999999999 -0.4999999999999999 -0.7071067811865477
vn 0.7071067811865476 -0.7071067811865476 0
vn 0.5000000000000001 -0.5000000000000001 0.7071067811865475
vn 4.329780281177467e-17 -4.329780281177467e-17 1
vn -0.5 0.5 0.7071067811865476
vn -0.7071067811865476 0.7071067811865476 1.2246467991473532e-16
vn -0.5000000000000001 0.5000000000000001 -0.7071067811865475
vn -1.29893408435324e-16 1.29893408435324e-16 -1
vn 0.4999999999999999 -0.4999999999999999 -0.7071067811865477
vn 0.7071067811865476 -0.7071067811865476 0
vn 0.5000000000000001 -0.5000000000000001 0.7071067811865475
vn 4.329780281177467e-17 -4.329780281177467e-17 1
vn -0.5 0.5 0.7071067811865476
vn -0.7071067811865476 0.7071067811865476 1.2246467991473532e-16
vn -0.5000000000000001 0.5000000000000001 -0.7071067811865475
vn -1.29893408435324e-16 1.29893408435324e-16 -1
vn 0.4999999999999999 -0.4999999999999999 -0.7071067811865477
vn 0.7071067811865476 -0.7071067811865476 0
vn 0.5000000000000001 -0.5000000000000001 0.7071067811865475
vn 4.329780281177467e-17 -4.329780281177467e-17 1
vn -0.5 0.5 0.7071067811865476
vn -0.7071067811865476 0.7071067811865476 1.2246467991473532e-16
vn -0.5000000000000001 0.5000000000000001 -0.7071067811865475
vn -1.29893408435324e-16 1.29893408435324e-16 -1
vn 0.4999999999999999 -0.4999999999999999 -0.7071067811865477
vn 0.7071067811865476 -0.7071067811865476 0
vn 0.5000000000000001 -0.5000000000000001 0.7071067811865475
vn 4.329780281177467e-17 -4.329780281177467e-17 1
vn -0.5 0.5 0.7071067811865476
vn -0.7071067811865476 0.7071067811865476 1.2246467991473532e-16
vn -0.5000000000000001 0.5000000000000001 -0.7071067811865475
vn -1.29893408435324e-16 1.29893408435324e-16 -1
vn 0.4999999999999999 -0.4999999999999999 -0.7071067811865477
vn 0.7071067811865476 -0.7071067811865476 0
vn 0.5000000000000001 -0.5000000000000001 0.7071067811865475
vn 4.329780281177467e-17 -4.329780281177467e-17 1
vn -0.5 0.5 0.7071067811865476
vn -0.7071067811865476 0.7071067811865476 1.2246467991473532e-16
vn -0.5000000000000001 0.5000000000000001 -0.7071067811865475
vn -1.29893408435324e-16 1.29893408435324e-16 -1
vn 0.4999999999999999 -0.4999999999999999 -0.7071067811865477
vn -0.7071067811865475 0.7071067811865475 0
vn -0.5 0.5 0.7071067811865475
vn -4.329780281177466e-17 4.329780281177466e-17 1
vn 0.4999999999999999 -0.4999999999999999 0.7071067811865476
vn 0.7071067811865475 -0.7071067811865475 1.2246467991473532e-16
vn 0.5000000000000001 -0.5000000000000001 -0.7071067811865475
vn 1.2989340843532398e-16 -1.2989340843532398e-16 -1
vn -0.49999999999999983 0.49999999999999983 -0.7071067811865477
vn -0.7071067811865475 0.7071067811865475 0
vn -0.5 0.5 0.7071067811865475
vn -4.329780281177466e-17 4.329780281177466e-17 1
vn 0.4999999999999999 -0.4999999999999999 0.7071067811865476
vn 0.7071067811865475 -0.7071067811865475 1.2246467991473532e-16
vn 0.5000000000000001 -0.5000000000000001 -0.7071067811865475
vn 1.2989340843532398e-16 -1.2989340843532398e-16 -1
vn -0.49999999999999983 0.49999999999999983 -0.7071067811865477
vn -0.7071067811865475 0.7071067811865475 0
vn -0.5 0.5 0.7071067811865475
vn -4.329780281177466e-17 4.329780281177466e-17 1
vn 0.4999999999999999 -0.4999999999999999 0.7071067811865476
vn 0.7071067811865475 -0.7071067811865475 1.2246467991473532e-16
vn 0.5000000000000001 -0.5000000000000001 -0.7071067811865475
vn 1.2989340843532398e-16 -1.2989340843532398e-16 -1
vn -0.49999999999999983 0.49999999999999983 -0.7071067811865477
vn -0.7071067811865475 0.7071067811865475 0
vn -0.5 0.5 0.7071067811865475
vn -4.329780281177466e-17 4.329780281177466e-17 1
vn 0.4999999999999999 -0.4999999999999999 0.7071067811865476
vn 0.7071067811865475 -0.7071067811865475 1.2246467991473532e-16
vn 0.5000000000000001 -0.5000000000000001 -0.7071067811865475
vn 1.2989340843532398e-16 -1.2989340843532398e-16 -1
vn -0.49999999999999983 0.49999999999999983 -0.7071067811865477
vn -0.7071067811865475 0.7071067811865475 0
vn -0.5 0.5 0.7071067811865475
vn -4.329780281177466e-17 4.329780281177466e-17 1
vn 0.4999999999999999 -0.4999999999999999 0.7071067811865476
vn 0.7071067811865475 -0.7071067811865475 1.2246467991473532e-16
vn 0.5000000000000001 -0.5000000000000001 -0.7071067811865475
vn 1.2989340843532398e-16 -1.2989340843532398e-16 -1
vn -0.49999999999999983 0.49999999999999983 -0.7071067811865477
vn -0.7071067811865475 0.7071067811865475 0
vn -0.5 0.5 0.7071067811865475
vn -4.329780281177466e-17 4.329780281177466e-17 1
vn 0.4999999999999999 -0.4999999999999999 0.7071067811865476
vn 0.7071067811865475 -0.7071067811865475 1.2246467991473532e-16
vn 0.5000000000000001 -0.5000000000000001 -0.7071067811865475
vn 1.2989340843532398e-16 -1.2989340843532398e-16 -1
vn -0.49999999999999983 0.49999999999999983 -0.7071067811865477
vn -0.7071067811865475 0.7071067811865475 0
vn -0.5 0.5 0.7071067811865475
vn -4.329780281177466e-17 4.329780281177466e-17 1
vn 0.4999999999999999 -0.4999999999999999 0.7071067811865476
vn 0.7071067811865475 -0.7071067811865475 1.2246467991473532e-16
vn 0.5000000000000001 -0.5000000000000001 -0.7071067811865475
vn 1.2989340843532398e-16 -1.2989340843532398e-16 -1
vn -0.49999999999999983 0.49999999999999983 -0.7071067811865477
vn -0.7071067811865475 0.7071067811865475 0
vn -0.5 0.5 0.7071067811865475
vn -4.329780281177466e-17 4.329780281177466e-17 1
vn 0.4999999999999999 -0.4999999999999999 0.7071067811865476
vn 0.7071067811865475 -0.7071067811865475 1.2246467991473532e-16
vn 0.5000000000000001 -0.5000000000000001 -0.7071067811865475
vn 1.2989340843532398e-16 -1.2989340843532398e-16 -1
vn -0.49999999999999983 0.49999999999999983 -0.7071067811865477
vn -0.7071067811865475 0.7071067811865475 0
vn -0.5 0.5 0.7071067811865475
vn -4.329780281177466e-17 4.329780281177466e-17 1
vn 0.4999999999999999 -0.4999999999999999 0.7071067811865476
vn 0.7071067811865475 -0.7071067811865475 1.2246467991473532e-16
vn 0.5000000000000001 -0.5000000000000001 -0.7071067811865475
vn 1.2989340843532398e-16 -1.2989340843532398e-16 -1
vn -0.49999999999999983 0.49999999999999983 -0.7071067811865477
vn -0.7071067811865475 0.7071067811865475 0
vn -0.5 0.5 0.7071067811865475
vn -4.329780281177466e-17 4.329780281177466e-17 1
vn 0.4999999999999999 -0.4999999999999999 0.7071067811865476
vn 0.7071067811865475 -0.7071067811865475 1.2246467991473532e-16
vn 0.5000000000000001 -0.5000000000000001 -0.7071067811865475
vn 1.2989340843532398e-16 -1.2989340843532398e-16 -1
vn -0.49999999999999983 0.49999999999999983 -0.7071067811865477
vn -0.7071067811865475 0.7071067811865475 0
vn -0.5 0.5 0.7071067811865475
vn -4.329780281177466e-17 4.329780281177466e-17 1
vn 0.4999999999999999 -0.4999999999999999 0.7071067811865476
vn 0.7071067811865475 -0.7071067811865475 1.2246467991473532e-16
vn 0.5000000000000001 -0.5000000000000001 -0.7071067811865475
vn 1.2989340843532398e-16 -1.2989340843532398e-16 -1
vn -0.49999999999999983 0.49999999999999983 -0.7071067811865477
vn -0.7071067811865475 0.7071067811865475 0
vn -0.5 0.5 0.7071067811865475
vn -4.329780281177466e-17 4.329780281177466e-17 1
vn 0.4999999999999999 -0.4999999999999999 0.7071067811865476
vn 0.7071067811865475 -0.7071067811865475 1.2246467991473532e-16
vn 0.5000000000000001 -0.5000000000000001 -0.7071067811865475
vn 1.2989340843532398e-16 -1.2989340843532398e-16 -1
vn -0.49999999999999983 0.49999999999999983 -0.7071067811865477
vn -0.7071067811865475 0.7071067811865475 0
vn -0.5 0.5 0.7071067811865475
vn -4.329780281177466e-17 4.329780281177466e-17 1
vn 0.4999999999999999 -0.4999999999999999 0.7071067811865476
vn 0.7071067811865475 -0.7071067811865475 1.2246467991473532e-16
vn 0.5000000000000001 -0.5000000000000001 -0.7071067811865475
vn 1.2989340843532398e-16 -1.2989340843532398e-16 -1
vn -0.49999999999999983 0.49999999999999983 -0.7071067811865477
vn -0.7071067811865475 0.7071067811865475 0
vn -0.5 0.5 0.7071067811865475
vn -4.329780281177466e-17 4.329780281177466e-17 1
vn 0.4999999999999999 -0.4999999999999999 0.7071067811865476
vn 0.7071067811865475 -0.7071067811865475 1.2246467991473532e-16
vn 0.5000000000000001 -0.5000000000000001 -0.7071067811865475
vn 1.2989340843532398e-16 -1.2989340843532398e-16 -1
vn -0.49999999999999983 0.49999999999999983 -0.7071067811865477
vn -0.7071067811865475 0.7071067811865475 0
vn -0.5 0.5 0.7071067811865475
vn -4.329780281177466e-17 4.329780281177466e-17 1
vn 0.4999999999999999 -0.4999999999999999 0.7071067811865476
vn 0.7071067811865475 -0.7071067811865475 1.2246467991473532e-16
vn 0.5000000000000001 -0.5000000000000001 -0.7071067811865475
vn 1.2989340843532398e-16 -1.2989340843532398e-16 -1
vn -0.49999999999999983 0.49999999999999983 -0.7071067811865477
vn -0.7071067811865475 0.7071067811865475 0
vn -0.5 0.5 0.7071067811865475
vn -4.329780281177466e-17 4.329780281177466e-17 1
vn 0.4999999999999999 -0.4999999999999999 0.7071067811865476
vn 0.7071067811865475 -0.7071067811865475 1.2246467991473532e-16
vn 0.5000000000000001 -0.5000000000000001 -0.7071067811865475
vn 1.2989340843532398e-16 -1.2989340843532398e-16 -1
vn -0.49999999999999983 0.49999999999999983 -0.7071067811865477
vn -0.7071067811865475 0.7071067811865475 0
vn -0.5 0.5 0.7071067811865475
vn -4.329780281177466e-17 4.329780281177466e-17 1
vn 0.4999999999999999 -0.4999999999999999 0.7071067811865476
vn 0.7071067811865475 -0.7071067811865475 1.2246467991473532e-16
vn 0.5000000000000001 -0.5000000000000001 -0.7071067811865475
vn 1.2989340843532398e-16 -1.2989340843532398e-16 -1
vn -0.49999999999999983 0.49999999999999983 -0.7071067811865477
vn -0.7071067811865475 0.7071067811865475 0
vn -0.5 0.5 0.7071067811865475
vn -4.329780281177466e-17 4.329780281177466e-17 1
vn 0.4999999999999999 -0.4999999999999999 0.7071067811865476
vn 0.7071067811865475 -0.7071067811865475 1.2246467991473532e-16
vn 0.5000000000000001 -0.5000000000000001 -0.7071067811865475
vn 1.2989340843532398e-16 -1.2989340843532398e-16 -1
vn -0.49999999999999983 0.49999999999999983 -0.7071067811865477
vn -0.7071067811865475 0.7071067811865475 0
vn -0.5 0.5 0.7071067811865475
vn -4.329780281177466e-17 4.329780281177466e-17 1
vn 0.4999999999999999 -0.4999999999999999 0.7071067811865476
vn 0.7071067811865475 -0.7071067811865475 1.2246467991473532e-16
vn 0.5000000000000001 -0.5000000000000001 -0.7071067811865475
vn 1.2989340843532398e-16 -1.2989340843532398e-16 -1
vn -0.49999999999999983 0.49999999999999983 -0.7071067811865477
vn -0.7071067811865475 0.7071067811865475 0
vn -0.5 0.5 0.7071067811865475
vn -4.329780281177466e-17 4.329780281177466e-17 1
vn 0.4999999999999999 -0.4999999999999999 0.7071067811865476
vn 0.7071067811865475 -0.7071067811865475 1.2246467991473532e-16
vn 0.5000000000000001 -0.5000000000000001 -0.7071067811865475
vn 1.2989340843532398e-16 -1.2989340843532398e-16 -1
vn -0.49999999999999983 0.49999999999999983 -0.7071067811865477
vn -0.7071067811865475 0.7071067811865475 0
vn -0.5 0.5 0.7071067811865475
vn -4.329780281177466e-17 4.329780281177466e-17 1
vn 0.4999999999999999 -0.4999999999999999 0.7071067811865476
vn 0.7071067811865475 -0.7071067811865475 1.2246467991473532e-16
vn 0.5000000000000001 -0.5000000000000001 -0.7071067811865475
vn 1.2989340843532398e-16 -1.2989340843532398e-16 -1
vn -0.49999999999999983 0.49999999999999983 -0.7071067811865477
vn -0.7071067811865475 0.7071067811865475 0
vn -0.5 0.5 0.7071067811865475
vn -4.329780281177466e-17 4.329780281177466e-17 1
vn 0.4999999999999999 -0.4999999999999999 0.7071067811865476
vn 0.7071067811865475 -0.7071067811865475 1.2246467991473532e-16
vn 0.5000000000000001 -0.5000000000000001 -0.7071067811865475
vn 1.2989340843532398e-16 -1.2989340843532398e-16 -1
vn -0.49999999999999983 0.49999999999999983 -0.7071067811865477
vn -0.7071067811865475 0.7071067811865475 0
vn -0.5 0.5 0.7071067811865475
vn -4.329780281177466e-17 4.329780281177466e-17 1
vn 0.4999999999999999 -0.4999999999999999 0.7071067811865476
vn 0.7071067811865475 -0.7071067811865475 1.2246467991473532e-16
vn 0.5000000000000001 -0.5000000000000001 -0.7071067811865475
vn 1.2989340843532398e-16 -1.2989340843532398e-16 -1
vn -0.49999999999999983 0.49999999999999983 -0.7071067811865477
vn -0.7071067811865475 0.7071067811865475 0
vn -0.5 0.5 0.7071067811865475
vn -4.329780281177466e-17 4.329780281177466e-17 1
vn 0.4999999999999999 -0.4999999999999999 0.7071067811865476
vn 0.7071067811865475 -0.7071067811865475 1.2246467991473532e-16
vn 0.5000000000000001 -0.5000000000000001 -0.7071067811865475
vn 1.2989340843532398e-16 -1.2989340843532398e-16 -1
vn -0.49999999999999983 0.49999999999999983 -0.7071067811865477
vn -0.7071067811865475 0.7071067811865475 0
vn -0.5 0.5 0.7071067811865475
vn -4.329780281177466e-17 4.329780281177466e-17 1
vn 0.4999999999999999 -0.4999999999999999 0.7071067811865476
vn 0.7071067811865475 -0.7071067811865475 1.2246467991473532e-16
vn 0.5000000000000001 -0.5000000000000001 -0.7071067811865475
vn 1.2989340843532398e-16 -1.2989340843532398e-16 -1
vn -0.49999999999999983 0.49999999999999983 -0.7071067811865477
vn -0.7071067811865475 0.7071067811865475 0
vn -0.5 0.5 0.7071067811865475
vn -4.329780281177466e-17 4.329780281177466e-17 1
vn 0.4999999999999999 -0.4999999999999999 0.7071067811865476
vn 0.7071067811865475 -0.7071067811865475 1.2246467991473532e-16
vn 0.5000000000000001 -0.5000000000000001 -0.7071067811865475
vn 1.2989340843532398e-16 -1.2989340843532398e-16 -1
vn -0.49999999999999983 0.49999999999999983 -0.7071067811865477
vn -0.7071067811865475 0.7071067811865475 0
vn -0.5 0.5 0.7071067811865475
vn -4.329780281177466e-17 4.329780281177466e-17 1
vn 0.4999999999999999 -0.4999999999999999 0.7071067811865476
vn 0.7071067811865475 -0.7071067811865475 1.2246467991473532e-16
vn 0.5000000000000001 -0.5000000000000001 -0.7071067811865475
vn 1.2989340843532398e-16 -1.2989340843532398e-16 -1
vn -0.49999999999999983 0.49999999999999983 -0.7071067811865477
vn -0.7071067811865475 0.7071067811865475 0
vn -0.5 0.5 0.7071067811865475
vn -4.329780281177466e-17 4.329780281177466e-17 1
vn 0.4999999999999999 -0.4999999999999999 0.7071067811865476
vn 0.7071067811865475 -0.7071067811865475 1.2246467991473532e-16
vn 0.5000000000000001 -0.5000000000000001 -0.7071067811865475
vn 1.2989340843532398e-16 -1.2989340843532398e-16 -1
vn -0.49999999999999983 0.49999999999999983 -0.7071067811865477
vn -0.7071067811865475 0.7071067811865475 0
vn -0.5 0.5 0.7071067811865475
vn -4.329780281177466e-17 4.329780281177466e-17 1
vn 0.4999999999999999 -0.4999999999999999 0.7071067811865476
vn 0.7071067811865475 -0.7071067811865475 1.2246467991473532e-16
vn 0.5000000000000001 -0.5000000000000001 -0.7071067811865475
vn 1.2989340843532398e-16 -1.2989340843532398e-16 -1
vn -0.49999999999999983 0.49999999999999983 -0.7071067811865477
vn -0.7071067811865475 0.7071067811865475 0
vn -0.5 0.5 0.7071067811865475
vn -4.329780281177466e-17 4.329780281177466e-17 1
vn 0.4999999999999999 -0.4999999999999999 0.7071067811865476
vn 0.7071067811865475 -0.7071067811865475 1.2246467991473532e-16
vn 0.5000000000000001 -0.5000000000000001 -0.7071067811865475
vn 1.2989340843532398e-16 -1.2989340843532398e-16 -1
vn -0.49999999999999983 0.49999999999999983 -0.7071067811865477
vn -0.7071067811865475 0.7071067811865475 0
vn -0.5 0.5 0.7071067811865475
vn -4.329780281177466e-17 4.329780281177466e-17 1
vn 0.4999999999999999 -0.4999999999999999 0.7071067811865476
vn 0.7071067811865475 -0.7071067811865475 1.2246467991473532e-16
vn 0.5000000000000001 -0.5000000000000001 -0.7071067811865475
vn 1.2989340843532398e-16 -1.2989340843532398e-16 -1
vn -0.49999999999999983 0.49999999999999983 -0.7071067811865477
vn -0.7071067811865475 0.7071067811865475 0
vn -0.5 0.5 0.7071067811865475
vn -4.329780281177466e-17 4.329780281177466e-17 1
vn 0.4999999999999999 -0.4999999999999999 0.7071067811865476
vn 0.7071067811865475 -0.7071067811865475 1.2246467991473532e-16
vn 0.5000000000000001 -0.5000000000000001 -0.7071067811865475
vn 1.2989340843532398e-16 -1.2989340843532398e-16 -1
vn -0.49999999999999983 0.49999999999999983 -0.7071067811865477
vn -0.7071067811865475 0.7071067811865475 0
vn -0.5 0.5 0.7071067811865475
vn -4.329780281177466e-17 4.329780281177466e-17 1
vn 0.4999999999999999 -0.4999999999999999 0.7071067811865476
vn 0.7071067811865475 -0.7071067811865475 1.2246467991473532e-16
vn 0.5000000000000001 -0.5000000000000001 -0.7071067811865475
vn 1.2989340843532398e-16 -1.2989340843532398e-16 -1
vn -0.49999999999999983 0.49999999999999983 -0.7071067811865477
vn -0.7071067811865475 0.7071067811865475 0
vn -0.5 0.5 0.7071067811865475
vn -4.329780281177466e-17 4.329780281177466e-17 1
vn 0.4999999999999999 -0.4999999999999999 0.7071067811865476
vn 0.7071067811865475 -0.7071067811865475 1.2246467991473532e-16
vn 0.5000000000000001 -0.5000000000000001 -0.7071067811865475
vn 1.2989340843532398e-16 -1.2989340843532398e-16 -1
vn -0.49999999999999983 0.49999999999999983 -0.7071067811865477
vn -0.7071067811865475 0.7071067811865475 0
vn -0.5 0.5 0.7071067811865475
vn -4.329780281177466e-17 4.329780281177466e-17 1
vn 0.4999999999999999 -0.4999999999999999 0.7071067811865476
vn 0.7071067811865475 -0.7071067811865475 1.2246467991473532e-16
vn 0.5000000000000001 -0.5000000000000001 -0.7071067811865475
vn 1.2989340843532398e-16 -1.2989340843532398e-16 -1
vn -0.49999999999999983 0.49999999999999983 -0.7071067811865477
vn -0.7071067811865475 0.7071067811865475 0
vn -0.5 0.5 0.7071067811865475
vn -4.329780281177466e-17 4.329780281177466e-17 1
vn 0.4999999999999999 -0.4999999999999999 0.7071067811865476
vn 0.7071067811865475 -0.7071067811865475 1.2246467991473532e-16
vn 0.5000000000000001 -0.5000000000000001 -0.7071067811865475
vn 1.2989340843532398e-16 -1.2989340843532398e-16 -1
vn -0.49999999999999983 0.49999999999999983 -0.7071067811865477
vn -0.7071067811865475 0.7071067811865475 0
vn -0.5 0.5 0.7071067811865475
vn -4.329780281177466e-17 4.329780281177466e-17 1
vn 0.4999999999999999 -0.4999999999999999 0.7071067811865476
vn 0.7071067811865475 -0.7071067811865475 1.2246467991473532e-16
vn 0.5000000000000001 -0.5000000000000001 -0.7071067811865475
vn 1.2989340843532398e-16 -1.2989340843532398e-16 -1
vn -0.49999999999999983 0.49999999999999983 -0.7071067811865477
vn -0.7071067811865475 0.7071067811865475 0
vn -0.5 0.5 0.7071067811865475
vn -4.329780281177466e-17 4.329780281177466e-17 1
vn 0.4999999999999999 -0.4999999999999999 0.7071067811865476
vn 0.7071067811865475 -0.7071067811865475 1.2246467991473532e-16
vn 0.5000000000000001 -0.5000000000000001 -0.7071067811865475
vn 1.2989340843532398e-16 -1.2989340843532398e-16 -1
vn -0.49999999999999983 0.49999999999999983 -0.7071067811865477
vn -0.7071067811865475 0.7071067811865475 0
vn -0.5 0.5 0.7071067811865475
vn -4.329780281177466e-17 4.329780281177466e-17 1
vn 0.4999999999999999 -0.4999999999999999 0.7071067811865476
vn 0.7071067811865475 -0.7071067811865475 1.2246467991473532e-16
vn 0.5000000000000001 -0.5000000000000001 -0.7071067811865475
vn 1.2989340843532398e-16 -1.2989340843532398e-16 -1
vn -0.49999999999999983 0.49999999999999983 -0.7071067811865477
vn -0.7071067811865475 0.7071067811865475 0
vn -0.5 0.5 0.7071067811865475
vn -4.329780281177466e-17 4.329780281177466e-17 1
vn 0.4999999999999999 -0.4999999999999999 0.7071067811865476
vn 0.7071067811865475 -0.7071067811865475 1.2246467991473532e-16
vn 0.5000000000000001 -0.5000000000000001 -0.7071067811865475
vn 1.2989340843532398e-16 -1.2989340843532398e-16 -1
vn -0.49999999999999983 0.49999999999999983 -0.7071067811865477
vn -0.7071067811865475 0.7071067811865475 0
vn -0.5 0.5 0.7071067811865475
vn -4.329780281177466e-17 4.329780281177466e-17 1
vn 0.4999999999999999 -0.4999999999999999 0.7071067811865476
vn 0.7071067811865475 -0.7071067811865475 1.2246467991473532e-16
vn 0.5000000000000001 -0.5000000000000001 -0.7071067811865475
vn 1.2989340843532398e-16 -1.2989340843532398e-16 -1
vn -0.49999999999999983 0.49999999999999983 -0.7071067811865477
vn -0.7071067811865475 0.7071067811865475 0
vn -0.5 0.5 0.7071067811865475
vn -4.329780281177466e-17 4.329780281177466e-17 1
vn 0.4999999999999999 -0.4999999999999999 0.7071067811865476
vn 0.7071067811865475 -0.7071067811865475 1.2246467991473532e-16
vn 0.5000000000000001 -0.5000000000000001 -0.7071067811865475
vn 1.2989340843532398e-16 -1.2989340843532398e-16 -1
vn -0.49999999999999983 0.49999999999999983 -0.7071067811865477
vn -0.7071067811865475 0.7071067811865475 0
vn -0.5 0.5 0.7071067811865475
vn -4.329780281177466e-17 4.329780281177466e-17 1
vn 0.4999999999999999 -0.4999999999999999 0.7071067811865476
vn 0.7071067811865475 -0.7071067811865475 1.2246467991473532e-16
vn 0.5000000000000001 -0.5000000000000001 -0.7071067811865475
vn 1.2989340843532398e-16 -1.2989340843532398e-16 -1
vn -0.49999999999999983 0.49999999999999983 -0.7071067811865477
vn -0.7071067811865475 0.7071067811865475 0
vn -0.5 0.5 0.7071067811865475
vn -4.329780281177466e-17 4.329780281177466e-17 1
vn 0.4999999999999999 -0.4999999999999999 0.7071067811865476
vn 0.7071067811865475 -0.7071067811865475 1.2246467991473532e-16
vn 0.5000000000000001 -0.5000000000000001 -0.7071067811865475
vn 1.2989340843532398e-16 -1.2989340843532398e-16 -1
vn -0.49999999999999983 0.49999999999999983 -0.7071067811865477
vn -0.7071067811865475 0.7071067811865475 0
vn -0.5 0.5 0.7071067811865475
vn -4.329780281177466e-17 4.329780281177466e-17 1
vn 0.4999999999999999 -0.4999999999999999 0.7071067811865476
vn 0.7071067811865475 -0.7071067811865475 1.2246467991473532e-16
vn 0.5000000000000001 -0.5000000000000001 -0.7071067811865475
vn 1.2989340843532398e-16 -1.2989340843532398e-16 -1
vn -0.49999999999999983 0.49999999999999983 -0.7071067811865477
vn -0.7071067811865475 0.7071067811865475 0
vn -0.5 0.5 0.7071067811865475
vn -4.329780281177466e-17 4.329780281177466e-17 1
vn 0.4999999999999999 -0.4999999999999999 0.7071067811865476
vn 0.7071067811865475 -0.7071067811865475 1.2246467991473532e-16
vn 0.5000000000000001 -0.5000000000000001 -0.7071067811865475
vn 1.2989340843532398e-16 -1.2989340843532398e-16 -1
vn -0.49999999999999983 0.49999999999999983 -0.7071067811865477
vn -0.7071067811865475 0.7071067811865475 0
vn -0.5 0.5 0.7071067811865475
vn -4.329780281177466e-17 4.329780281177466e-17 1
vn 0.4999999999999999 -0.4999999999999999 0.7071067811865476
vn 0.7071067811865475 -0.7071067811865475 1.2246467991473532e-16
vn 0.5000000000000001 -0.5000000000000001 -0.7071067811865475
vn 1.2989340843532398e-16 -1.2989340843532398e-16 -1
vn -0.49999999999999983 0.49999999999999983 -0.7071067811865477
vn -0.7071067811865475 0.7071067811865475 0
vn -0.5 0.5 0.7071067811865475
vn -4.329780281177466e-17 4.329780281177466e-17 1
vn 0.4999999999999999 -0.4999999999999999 0.7071067811865476
vn 0.7071067811865475 -0.7071067811865475 1.2246467991473532e-16
vn 0.5000000000000001 -0.5000000000000001 -0.7071067811865475
vn 1.2989340843532398e-16 -1.2989340843532398e-16 -1
vn -0.49999999999999983 0.49999999999999983 -0.7071067811865477
vn -0.7071067811865475 0.7071067811865475 0
vn -0.5 0.5 0.7071067811865475
vn -4.329780281177466e-17 4.329780281177466e-17 1
vn 0.4999999999999999 -0.4999999999999999 0.7071067811865476
vn 0.7071067811865475 -0.7071067811865475 1.2246467991473532e-16
vn 0.5000000000000001 -0.5000000000000001 -0.7071067811865475
vn 1.2989340843532398e-16 -1.2989340843532398e-16 -1
vn -0.49999999999999983 0.49999999999999983 -0.7071067811865477
vn -0.7071067811865475 0.7071067811865475 0
vn -0.5 0.5 0.7071067811865475
vn -4.329780281177466e-17 4.329780281177466e-17 1
vn 0.4999999999999999 -0.4999999999999999 0.7071067811865476
vn 0.7071067811865475 -0.7071067811865475 1.2246467991473532e-16
vn 0.5000000000000001 -0.5000000000000001 -0.7071067811865475
vn 1.2989340843532398e-16 -1.2989340843532398e-16 -1
vn -0.49999999999999983 0.49999999999999983 -0.7071067811865477
vn -0.7071067811865475 0.7071067811865475 0
vn -0.5 0.5 0.7071067811865475
vn -4.329780281177466e-17 4.329780281177466e-17 1
vn 0.4999999999999999 -0.4999999999999999 0.7071067811865476
vn 0.7071067811865475 -0.7071067811865475 1.2246467991473532e-16
vn 0.5000000000000001 -0.5000000000000001 -0.7071067811865475
vn 1.2989340843532398e-16 -1.2989340843532398e-16 -1
vn -0.49999999999999983 0.49999999999999983 -0.7071067811865477
vn -0.7071067811865475 0.7071067811865475 0
vn -0.5 0.5 0.7071067811865475
vn -4.329780281177466e-17 4.329780281177466e-17 1
vn 0.4999999999999999 -0.4999999999999999 0.7071067811865476
vn 0.7071067811865475 -0.7071067811865475 1.2246467991473532e-16
vn 0.5000000000000001 -0.5000000000000001 -0.7071067811865475
vn 1.2989340843532398e-16 -1.2989340843532398e-16 -1
vn -0.49999999999999983 0.49999999999999983 -0.7071067811865477
vn -0.7071067811865475 0.7071067811865475 0
vn -0.5 0.5 0.7071067811865475
vn -4.329780281177466e-17 4.329780281177466e-17 1
vn 0.4999999999999999 -0.4999999999999999 0.7071067811865476
vn 0.7071067811865475 -0.7071067811865475 1.2246467991473532e-16
vn 0.5000000000000001 -0.5000000000000001 -0.7071067811865475
vn 1.2989340843532398e-16 -1.2989340843532398e-16 -1
vn -0.49999999999999983 0.49999999999999983 -0.7071067811865477
vn -0.7071067811865475 0.7071067811865475 0
vn -0.5 0.5 0.7071067811865475
vn -4.329780281177466e-17 4.329780281177466e-17 1
vn 0.4999999999999999 -0.4999999999999999 0.7071067811865476
vn 0.7071067811865475 -0.7071067811865475 1.2246467991473532e-16
vn 0.5000000000000001 -0.5000000000000001 -0.7071067811865475
vn 1.2989340843532398e-16 -1.2989340843532398e-16 -1
vn -0.49999999999999983 0.49999999999999983 -0.7071067811865477
vn -0.7071067811865475 0.7071067811865475 0
vn -0.5 0.5 0.7071067811865475
vn -4.329780281177466e-17 4.329780281177466e-17 1
vn 0.4999999999999999 -0.4999999999999999 0.7071067811865476
vn 0.7071067811865475 -0.7071067811865475 1.2246467991473532e-16
vn 0.5000000000000001 -0.5000000000000001 -0.7071067811865475
vn 1.2989340843532398e-16 -1.2989340843532398e-16 -1
vn -0.49999999999999983 0.49999999999999983 -0.7071067811865477
vn -0.7071067811865475 0.7071067811865475 0
vn -0.5 0.5 0.7071067811865475
vn -4.329780281177466e-17 4.329780281177466e-17 1
vn 0.4999999999999999 -0.4999999999999999 0.7071067811865476
vn 0.7071067811865475 -0.7071067811865475 1.2246467991473532e-16
vn 0.5000000000000001 -0.5000000000000001 -0.7071067811865475
vn 1.2989340843532398e-16 -1.2989340843532398e-16 -1
vn -0.49999999999999983 0.49999999999999983 -0.7071067811865477
vn -0.7071067811865475 0.7071067811865475 0
vn -0.5 0.5 0.7071067811865475
vn -4.329780281177466e-17 4.329780281177466e-17 1
vn 0.4999999999999999 -0.4999999999999999 0.7071067811865476
vn 0.7071067811865475 -0.7071067811865475 1.2246467991473532e-16
vn 0.5000000000000001 -0.5000000000000001 -0.7071067811865475
vn 1.2989340843532398e-16 -1.2989340843532398e-16 -1
vn -0.49999999999999983 0.49999999999999983 -0.7071067811865477
vn -0.7071067811865475 0.7071067811865475 0
vn -0.5 0.5 0.7071067811865475
vn -4.329780281177466e-17 4.329780281177466e-17 1
vn 0.4999999999999999 -0.4999999999999999 0.7071067811865476
vn 0.7071067811865475 -0.7071067811865475 1.2246467991473532e-16
vn 0.5000000000000001 -0.5000000000000001 -0.7071067811865475
vn 1.2989340843532398e-16 -1.2989340843532398e-16 -1
vn -0.49999999999999983 0.49999999999999983 -0.7071067811865477
vn -0.7071067811865475 0.7071067811865475 0
vn -0.5 0.5 0.7071067811865475
vn -4.329780281177466e-17 4.329780281177466e-17 1
vn 0.4999999999999999 -0.4999999999999999 0.7071067811865476
vn 0.7071067811865475 -0.7071067811865475 1.2246467991473532e-16
vn 0.5000000000000001 -0.5000000000000001 -0.7071067811865475
vn 1.2989340843532398e-16 -1.2989340843532398e-16 -1
vn -0.49999999999999983 0.49999999999999983 -0.7071067811865477
vn -0.7071067811865475 0.7071067811865475 0
vn -0.5 0.5 0.7071067811865475
vn -4.329780281177466e-17 4.329780281177466e-17 1
vn 0.4999999999999999 -0.4999999999999999 0.7071067811865476
vn 0.7071067811865475 -0.7071067811865475 1.2246467991473532e-16
vn 0.5000000000000001 -0.5000000000000001 -0.7071067811865475
vn 1.2989340843532398e-16 -1.2989340843532398e-16 -1
vn -0.49999999999999983 0.49999999999999983 -0.7071067811865477
vn -0.7071067811865475 0.7071067811865475 0
vn -0.5 0.5 0.7071067811865475
vn -4.329780281177466e-17 4.329780281177466e-17 1
vn 0.4999999999999999 -0.4999999999999999 0.7071067811865476
vn 0.7071067811865475 -0.7071067811865475 1.2246467991473532e-16
vn 0.5000000000000001 -0.5000000000000001 -0.7071067811865475
vn 1.2989340843532398e-16 -1.2989340843532398e-16 -1
vn -0.49999999999999983 0.49999999999999983 -0.7071067811865477
vn -0.7071067811865475 0.7071067811865475 0
vn -0.5 0.5 0.7071067811865475
vn -4.329780281177466e-17 4.329780281177466e-17 1
vn 0.4999999999999999 -0.4999999999999999 0.7071067811865476
vn 0.7071067811865475 -0.7071067811865475 1.2246467991473532e-16
vn 0.5000000000000001 -0.5000000000000001 -0.7071067811865475
vn 1.2989340843532398e-16 -1.2989340843532398e-16 -1
vn -0.49999999999999983 0.49999999999999983 -0.7071067811865477
vn -0.7071067811865475 0.7071067811865475 0
vn -0.5 0.5 0.7071067811865475
vn -4.329780281177466e-17 4.329780281177466e-17 1
vn 0.4999999999999999 -0.4999999999999999 0.7071067811865476
vn 0.7071067811865475 -0.7071067811865475 1.2246467991473532e-16
vn 0.5000000000000001 -0.5000000000000001 -0.7071067811865475
vn 1.2989340843532398e-16 -1.2989340843532398e-16 -1
vn -0.49999999999999983 0.49999999999999983 -0.7071067811865477
vn -0.7071067811865475 0.7071067811865475 0
vn -0.5 0.5 0.7071067811865475
vn -4.329780281177466e-17 4.329780281177466e-17 1
vn 0.4999999999999999 -0.4999999999999999 0.7071067811865476
vn 0.7071067811865475 -0.7071067811865475 1.2246467991473532e-16
vn 0.5000000000000001 -0.5000000000000001 -0.7071067811865475
vn 1.2989340843532398e-16 -1.2989340843532398e-16 -1
vn -0.49999999999999983 0.49999999999999983 -0.7071067811865477
vn -0.7071067811865475 0.7071067811865475 0
vn -0.5 0.5 0.7071067811865475
vn -4.329780281177466e-17 4.329780281177466e-17 1
vn 0.4999999999999999 -0.4999999999999999 0.7071067811865476
vn 0.7071067811865475 -0.7071067811865475 1.2246467991473532e-16
vn 0.5000000000000001 -0.5000000000000001 -0.7071067811865475
vn 1.2989340843532398e-16 -1.2989340843532398e-16 -1
vn -0.49999999999999983 0.49999999999999983 -0.7071067811865477
vn -0.7071067811865475 0.7071067811865475 0
vn -0.5 0.5 0.7071067811865475
vn -4.329780281177466e-17 4.329780281177466e-17 1
vn 0.4999999999999999 -0.4999999999999999 0.7071067811865476
vn 0.7071067811865475 -0.7071067811865475 1.2246467991473532e-16
vn 0.5000000000000001 -0.5000000000000001 -0.7071067811865475
vn 1.2989340843532398e-16 -1.2989340843532398e-16 -1
vn -0.49999999999999983 0.49999999999999983 -0.7071067811865477
vn -0.7071067811865475 0.7071067811865475 0
vn -0.5 0.5 0.7071067811865475
vn -4.329780281177466e-17 4.329780281177466e-17 1
vn 0.4999999999999999 -0.4999999999999999 0.7071067811865476
vn 0.7071067811865475 -0.7071067811865475 1.2246467991473532e-16
vn 0.5000000000000001 -0.5000000000000001 -0.7071067811865475
vn 1.2989340843532398e-16 -1.2989340843532398e-16 -1
vn -0.49999999999999983 0.49999999999999983 -0.7071067811865477
vn -0.7071067811865475 0.7071067811865475 0
vn -0.5 0.5 0.7071067811865475
vn -4.329780281177466e-17 4.329780281177466e-17 1
vn 0.4999999999999999 -0.4999999999999999 0.7071067811865476
vn 0.7071067811865475 -0.7071067811865475 1.2246467991473532e-16
vn 0.5000000000000001 -0.5000000000000001 -0.7071067811865475
vn 1.2989340843532398e-16 -1.2989340843532398e-16 -1
vn -0.49999999999999983 0.49999999999999983 -0.7071067811865477
vn -0.7071067811865475 0.7071067811865475 0
vn -0.5 0.5 0.7071067811865475
vn -4.329780281177466e-17 4.329780281177466e-17 1
vn 0.4999999999999999 -0.4999999999999999 0.7071067811865476
vn 0.7071067811865475 -0.7071067811865475 1.2246467991473532e-16
vn 0.5000000000000001 -0.5000000000000001 -0.7071067811865475
vn 1.2989340843532398e-16 -1.2989340843532398e-16 -1
vn -0.49999999999999983 0.49999999999999983 -0.7071067811865477
vn -0.7071067811865475 0.7071067811865475 0
vn -0.5 0.5 0.7071067811865475
vn -4.329780281177466e-17 4.329780281177466e-17 1
vn 0.4999999999999999 -0.4999999999999999 0.7071067811865476
vn 0.7071067811865475 -0.7071067811865475 1.2246467991473532e-16
vn 0.5000000000000001 -0.5000000000000001 -0.7071067811865475
vn 1.2989340843532398e-16 -1.2989340843532398e-16 -1
vn -0.49999999999999983 0.49999999999999983 -0.7071067811865477
vn -0.7071067811865475 0.7071067811865475 0
vn -0.5 0.5 0.7071067811865475
vn -4.329780281177466e-17 4.329780281177466e-17 1
vn 0.4999999999999999 -0.4999999999999999 0.7071067811865476
vn 0.7071067811865475 -0.7071067811865475 1.2246467991473532e-16
vn 0.5000000000000001 -0.5000000000000001 -0.7071067811865475
vn 1.2989340843532398e-16 -1.2989340843532398e-16 -1
vn -0.49999999999999983 0.49999999999999983 -0.7071067811865477
vn -0.7071067811865475 0.7071067811865475 0
vn -0.5 0.5 0.7071067811865475
vn -4.329780281177466e-17 4.329780281177466e-17 1
vn 0.4999999999999999 -0.4999999999999999 0.7071067811865476
vn 0.7071067811865475 -0.7071067811865475 1.2246467991473532e-16
vn 0.5000000000000001 -0.5000000000000001 -0.7071067811865475
vn 1.2989340843532398e-16 -1.2989340843532398e-16 -1
vn -0.49999999999999983 0.49999999999999983 -0.7071067811865477
vn -0.7071067811865475 0.7071067811865475 0
vn -0.5 0.5 0.7071067811865475
vn -4.329780281177466e-17 4.329780281177466e-17 1
vn 0.4999999999999999 -0.4999999999999999 0.7071067811865476
vn 0.7071067811865475 -0.7071067811865475 1.2246467991473532e-16
vn 0.5000000000000001 -0.5000000000000001 -0.7071067811865475
vn 1.2989340843532398e-16 -1.2989340843532398e-16 -1
vn -0.49999999999999983 0.49999999999999983 -0.7071067811865477
vn -0.7071067811865475 0.7071067811865475 0
vn -0.5 0.5 0.7071067811865475
vn -4.329780281177466e-17 4.329780281177466e-17 1
vn 0.4999999999999999 -0.4999999999999999 0.7071067811865476
vn 0.7071067811865475 -0.7071067811865475 1.2246467991473532e-16
vn 0.5000000000000001 -0.5000000000000001 -0.7071067811865475
vn 1.2989340843532398e-16 -1.2989340843532398e-16 -1
vn -0.49999999999999983 0.49999999999999983 -0.7071067811865477
vn -0.7071067811865475 0.7071067811865475 0
vn -0.5 0.5 0.7071067811865475
vn -4.329780281177466e-17 4.329780281177466e-17 1
vn 0.4999999999999999 -0.4999999999999999 0.7071067811865476
vn 0.7071067811865475 -0.7071067811865475 1.2246467991473532e-16
vn 0.5000000000000001 -0.5000000000000001 -0.7071067811865475
vn 1.2989340843532398e-16 -1.2989340843532398e-16 -1
vn -0.49999999999999983 0.49999999999999983 -0.7071067811865477
vn -0.7071067811865475 0.7071067811865475 0
vn -0.5 0.5 0.7071067811865475
vn -4.329780281177466e-17 4.329780281177466e-17 1
vn 0.4999999999999999 -0.4999999999999999 0.7071067811865476
vn 0.7071067811865475 -0.7071067811865475 1.2246467991473532e-16
vn 0.5000000000000001 -0.5000000000000001 -0.7071067811865475
vn 1.2989340843532398e-16 -1.2989340843532398e-16 -1
vn -0.49999999999999983 0.49999999999999983 -0.7071067811865477
vn -0.7071067811865475 0.7071067811865475 0
vn -0.5 0.5 0.7071067811865475
vn -4.329780281177466e-17 4.329780281177466e-17 1
vn 0.4999999999999999 -0.4999999999999999 0.7071067811865476
vn 0.7071067811865475 -0.7071067811865475 1.2246467991473532e-16
vn 0.5000000000000001 -0.5000000000000001 -0.7071067811865475
vn 1.2989340843532398e-16 -1.2989340843532398e-16 -1
vn -0.49999999999999983 0.49999999999999983 -0.7071067811865477
vn -0.7071067811865475 0.7071067811865475 0
vn -0.5 0.5 0.7071067811865475
vn -4.329780281177466e-17 4.329780281177466e-17 1
vn 0.4999999999999999 -0.4999999999999999 0.7071067811865476
vn 0.7071067811865475 -0.7071067811865475 1.2246467991473532e-16
vn 0.5000000000000001 -0.5000000000000001 -0.7071067811865475
vn 1.2989340843532398e-16 -1.2989340843532398e-16 -1
vn -0.49999999999999983 0.49999999999999983 -0.7071067811865477
vn -0.7071067811865475 0.7071067811865475 0
vn -0.5 0.5 0.7071067811865475
vn -4.329780281177466e-17 4.329780281177466e-17 1
vn 0.4999999999999999 -0.4999999999999999 0.7071067811865476
vn 0.7071067811865475 -0.7071067811865475 1.2246467991473532e-16
vn 0.5000000000000001 -0.5000000000000001 -0.7071067811865475
vn 1.2989340843532398e-16 -1.2989340843532398e-16 -1
vn -0.49999999999999983 0.49999999999999983 -0.7071067811865477
vn -0.7071067811865475 0.7071067811865475 0
vn -0.5 0.5 0.7071067811865475
vn -4.329780281177466e-17 4.329780281177466e-17 1
vn 0.4999999999999999 -0.4999999999999999 0.7071067811865476
vn 0.7071067811865475 -0.7071067811865475 1.2246467991473532e-16
vn 0.5000000000000001 -0.5000000000000001 -0.7071067811865475
vn 1.2989340843532398e-16 -1.2989340843532398e-16 -1
vn -0.49999999999999983 0.49999999999999983 -0.7071067811865477
vn -0.7071067811865475 0.7071067811865475 0
vn -0.5 0.5 0.7071067811865475
vn -4.329780281177466e-17 4.329780281177466e-17 1
vn 0.4999999999999999 -0.4999999999999999 0.7071067811865476
vn 0.7071067811865475 -0.7071067811865475 1.2246467991473532e-16
vn 0.5000000000000001 -0.5000000000000001 -0.7071067811865475
vn 1.2989340843532398e-16 -1.2989340843532398e-16 -1
vn -0.49999999999999983 0.49999999999999983 -0.7071067811865477
vn -0.7071067811865475 0.7071067811865475 0
vn -0.5 0.5 0.7071067811865475
vn -4.329780281177466e-17 4.329780281177466e-17 1
vn 0.4999999999999999 -0.4999999999999999 0.7071067811865476
vn 0.7071067811865475 -0.7071067811865475 1.2246467991473532e-16
vn 0.5000000000000001 -0.5000000000000001 -0.7071067811865475
vn 1.2989340843532398e-16 -1.2989340843532398e-16 -1
vn -0.49999999999999983 0.49999999999999983 -0.7071067811865477
vn -0.7071067811865475 0.7071067811865475 0
vn -0.5 0.5 0.7071067811865475
vn -4.329780281177466e-17 4.329780281177466e-17 1
vn 0.4999999999999999 -0.4999999999999999 0.7071067811865476
vn 0.7071067811865475 -0.7071067811865475 1.2246467991473532e-16
vn 0.5000000000000001 -0.5000000000000001 -0.7071067811865475
vn 1.2989340843532398e-16 -1.2989340843532398e-16 -1
vn -0.49999999999999983 0.49999999999999983 -0.7071067811865477
vn -0.7071067811865475 0.7071067811865475 0
vn -0.5 0.5 0.7071067811865475
vn -4.329780281177466e-17 4.329780281177466e-17 1
vn 0.4999999999999999 -0.4999999999999999 0.7071067811865476
vn 0.7071067811865475 -0.7071067811865475 1.2246467991473532e-16
vn 0.5000000000000001 -0.5000000000000001 -0.7071067811865475
vn 1.2989340843532398e-16 -1.2989340843532398e-16 -1
vn -0.49999999999999983 0.49999999999999983 -0.7071067811865477
vn -0.7071067811865475 0.7071067811865475 0
vn -0.5 0.5 0.7071067811865475
vn -4.329780281177466e-17 4.329780281177466e-17 1
vn 0.4999999999999999 -0.4999999999999999 0.7071067811865476
vn 0.7071067811865475 -0.7071067811865475 1.2246467991473532e-16
vn 0.5000000000000001 -0.5000000000000001 -0.7071067811865475
vn 1.2989340843532398e-16 -1.2989340843532398e-16 -1
vn -0.49999999999999983 0.49999999999999983 -0.7071067811865477
vn -0.7071067811865475 0.7071067811865475 0
vn -0.5 0.5 0.7071067811865475
vn -4.329780281177466e-17 4.329780281177466e-17 1
vn 0.4999999999999999 -0.4999999999999999 0.7071067811865476
vn 0.7071067811865475 -0.7071067811865475 1.2246467991473532e-16
vn 0.5000000000000001 -0.5000000000000001 -0.7071067811865475
vn 1.2989340843532398e-16 -1.2989340843532398e-16 -1
vn -0.49999999999999983 0.49999999999999983 -0.7071067811865477
vn -0.7071067811865475 0.7071067811865475 0
vn -0.5 0.5 0.7071067811865475
vn -4.329780281177466e-17 4.329780281177466e-17 1
vn 0.4999999999999999 -0.4999999999999999 0.7071067811865476
vn 0.7071067811865475 -0.7071067811865475 1.2246467991473532e-16
vn 0.5000000000000001 -0.5000000000000001 -0.7071067811865475
vn 1.2989340843532398e-16 -1.2989340843532398e-16 -1
vn -0.49999999999999983 0.49999999999999983 -0.7071067811865477
vn -0.7071067811865475 0.7071067811865475 0
vn -0.5 0.5 0.7071067811865475
vn -4.329780281177466e-17 4.329780281177466e-17 1
vn 0.4999999999999999 -0.4999999999999999 0.7071067811865476
vn 0.7071067811865475 -0.7071067811865475 1.2246467991473532e-16
vn 0.5000000000000001 -0.5000000000000001 -0.7071067811865475
vn 1.2989340843532398e-16 -1.2989340843532398e-16 -1
vn -0.49999999999999983 0.49999999999999983 -0.7071067811865477
vn -0.7071067811865475 0.7071067811865475 0
vn -0.5 0.5 0.7071067811865475
vn -4.329780281177466e-17 4.329780281177466e-17 1
vn 0.4999999999999999 -0.4999999999999999 0.7071067811865476
vn 0.7071067811865475 -0.7071067811865475 1.2246467991473532e-16
vn 0.5000000000000001 -0.5000000000000001 -0.7071067811865475
vn 1.2989340843532398e-16 -1.2989340843532398e-16 -1
vn -0.49999999999999983 0.49999999999999983 -0.7071067811865477
vn -0.7071067811865475 0.7071067811865475 0
vn -0.5 0.5 0.7071067811865475
vn -4.329780281177466e-17 4.329780281177466e-17 1
vn 0.4999999999999999 -0.4999999999999999 0.7071067811865476
vn 0.7071067811865475 -0.7071067811865475 1.2246467991473532e-16
vn 0.5000000000000001 -0.5000000000000001 -0.7071067811865475
vn 1.2989340843532398e-16 -1.2989340843532398e-16 -1
vn -0.49999999999999983 0.49999999999999983 -0.7071067811865477
vn -0.7071067811865475 0.7071067811865475 0
vn -0.5 0.5 0.7071067811865475
vn -4.329780281177466e-17 4.329780281177466e-17 1
vn 0.4999999999999999 -0.4999999999999999 0.7071067811865476
vn 0.7071067811865475 -0.7071067811865475 1.2246467991473532e-16
vn 0.5000000000000001 -0.5000000000000001 -0.7071067811865475
vn 1.2989340843532398e-16 -1.2989340843532398e-16 -1
vn -0.49999999999999983 0.49999999999999983 -0.7071067811865477
vn -0.7071067811865475 0.7071067811865475 0
vn -0.5 0.5 0.7071067811865475
vn -4.329780281177466e-17 4.329780281177466e-17 1
vn 0.4999999999999999 -0.4999999999999999 0.7071067811865476
vn 0.7071067811865475 -0.7071067811865475 1.2246467991473532e-16
vn 0.5000000000000001 -0.5000000000000001 -0.7071067811865475
vn 1.2989340843532398e-16 -1.2989340843532398e-16 -1
vn -0.49999999999999983 0.49999999999999983 -0.7071067811865477
vn -0.7071067811865475 0.7071067811865475 0
vn -0.5 0.5 0.7071067811865475
vn -4.329780281177466e-17 4.329780281177466e-17 1
vn 0.4999999999999999 -0.4999999999999999 0.7071067811865476
vn 0.7071067811865475 -0.7071067811865475 1.2246467991473532e-16
vn 0.5000000000000001 -0.5000000000000001 -0.7071067811865475
vn 1.2989340843532398e-16 -1.2989340843532398e-16 -1
vn -0.49999999999999983 0.49999999999999983 -0.7071067811865477
vn -0.7071067811865475 0.7071067811865475 0
vn -0.5 0.5 0.7071067811865475
vn -4.329780281177466e-17 4.329780281177466e-17 1
vn 0.4999999999999999 -0.4999999999999999 0.7071067811865476
vn 0.7071067811865475 -0.7071067811865475 1.2246467991473532e-16
vn 0.5000000000000001 -0.5000000000000001 -0.7071067811865475
vn 1.2989340843532398e-16 -1.2989340843532398e-16 -1
vn -0.49999999999999983 0.49999999999999983 -0.7071067811865477
vn -0.7071067811865475 0.7071067811865475 0
vn -0.5 0.5 0.7071067811865475
vn -4.329780281177466e-17 4.329780281177466e-17 1
vn 0.4999999999999999 -0.4999999999999999 0.7071067811865476
vn 0.7071067811865475 -0.7071067811865475 1.2246467991473532e-16
vn 0.5000000000000001 -0.5000000000000001 -0.7071067811865475
vn 1.2989340843532398e-16 -1.2989340843532398e-16 -1
vn -0.49999999999999983 0.49999999999999983 -0.7071067811865477
vn -0.7071067811865475 0.7071067811865475 0
vn -0.5 0.5 0.7071067811865475
vn -4.329780281177466e-17 4.329780281177466e-17 1
vn 0.4999999999999999 -0.4999999999999999 0.7071067811865476
vn 0.7071067811865475 -0.7071067811865475 1.2246467991473532e-16
vn 0.5000000000000001 -0.5000000000000001 -0.7071067811865475
vn 1.2989340843532398e-16 -1.2989340843532398e-16 -1
vn -0.49999999999999983 0.49999999999999983 -0.7071067811865477
vn -0.7071067811865475 0.7071067811865475 0
vn -0.5 0.5 0.7071067811865475
vn -4.329780281177466e-17 4.329780281177466e-17 1
vn 0.4999999999999999 -0.4999999999999999 0.7071067811865476
vn 0.7071067811865475 -0.7071067811865475 1.2246467991473532e-16
vn 0.5000000000000001 -0.5000000000000001 -0.7071067811865475
vn 1.2989340843532398e-16 -1.2989340843532398e-16 -1
vn -0.49999999999999983 0.49999999999999983 -0.7071067811865477
vn -0.7071067811865475 0.7071067811865475 0
vn -0.5 0.5 0.7071067811865475
vn -4.329780281177466e-17 4.329780281177466e-17 1
vn 0.4999999999999999 -0.4999999999999999 0.7071067811865476
vn 0.7071067811865475 -0.7071067811865475 1.2246467991473532e-16
vn 0.5000000000000001 -0.5000000000000001 -0.7071067811865475
vn 1.2989340843532398e-16 -1.2989340843532398e-16 -1
vn -0.49999999999999983 0.49999999999999983 -0.7071067811865477
vn -0.7071067811865475 0.7071067811865475 0
vn -0.5 0.5 0.7071067811865475
vn -4.329780281177466e-17 4.329780281177466e-17 1
vn 0.4999999999999999 -0.4999999999999999 0.7071067811865476
vn 0.7071067811865475 -0.7071067811865475 1.2246467991473532e-16
vn 0.5000000000000001 -0.5000000000000001 -0.7071067811865475
vn 1.2989340843532398e-16 -1.2989340843532398e-16 -1
vn -0.49999999999999983 0.49999999999999983 -0.7071067811865477
vn -0.7071067811865475 0.7071067811865475 0
vn -0.5 0.5 0.7071067811865475
vn -4.329780281177466e-17 4.329780281177466e-17 1
vn 0.4999999999999999 -0.4999999999999999 0.7071067811865476
vn 0.7071067811865475 -0.7071067811865475 1.2246467991473532e-16
vn 0.5000000000000001 -0.5000000000000001 -0.7071067811865475
vn 1.2989340843532398e-16 -1.2989340843532398e-16 -1
vn -0.49999999999999983 0.49999999999999983 -0.7071067811865477
vn -0.7071067811865475 0.7071067811865475 0
vn -0.5 0.5 0.7071067811865475
vn -4.329780281177466e-17 4.329780281177466e-17 1
vn 0.4999999999999999 -0.4999999999999999 0.7071067811865476
vn 0.7071067811865475 -0.7071067811865475 1.2246467991473532e-16
vn 0.5000000000000001 -0.5000000000000001 -0.7071067811865475
vn 1.2989340843532398e-16 -1.2989340843532398e-16 -1
vn -0.49999999999999983 0.49999999999999983 -0.7071067811865477
vn -0.7071067811865475 0.7071067811865475 0
vn -0.5 0.5 0.7071067811865475
vn -4.329780281177466e-17 4.329780281177466e-17 1
vn 0.4999999999999999 -0.4999999999999999 0.7071067811865476
vn 0.7071067811865475 -0.7071067811865475 1.2246467991473532e-16
vn 0.5000000000000001 -0.5000000000000001 -0.7071067811865475
vn 1.2989340843532398e-16 -1.2989340843532398e-16 -1
vn -0.49999999999999983 0.49999999999999983 -0.7071067811865477
vn -0.7071067811865475 0.7071067811865475 0
vn -0.5 0.5 0.7071067811865475
vn -4.329780281177466e-17 4.329780281177466e-17 1
vn 0.4999999999999999 -0.4999999999999999 0.7071067811865476
vn 0.7071067811865475 -0.7071067811865475 1.2246467991473532e-16
vn 0.5000000000000001 -0.5000000000000001 -0.7071067811865475
vn 1.2989340843532398e-16 -1.2989340843532398e-16 -1
vn -0.49999999999999983 0.49999999999999983 -0.7071067811865477
vn -0.7071067811865475 0.7071067811865475 0
vn -0.5 0.5 0.7071067811865475
vn -4.329780281177466e-17 4.329780281177466e-17 1
vn 0.4999999999999999 -0.4999999999999999 0.7071067811865476
vn 0.7071067811865475 -0.7071067811865475 1.2246467991473532e-16
vn 0.5000000000000001 -0.5000000000000001 -0.7071067811865475
vn 1.2989340843532398e-16 -1.2989340843532398e-16 -1
vn -0.49999999999999983 0.49999999999999983 -0.7071067811865477
vn -0.7071067811865475 0.7071067811865475 0
vn -0.5 0.5 0.7071067811865475
vn -4.329780281177466e-17 4.329780281177466e-17 1
vn 0.4999999999999999 -0.4999999999999999 0.7071067811865476
vn 0.7071067811865475 -0.7071067811865475 1.2246467991473532e-16
vn 0.5000000000000001 -0.5000000000000001 -0.7071067811865475
vn 1.2989340843532398e-16 -1.2989340843532398e-16 -1
vn -0.49999999999999983 0.49999999999999983 -0.7071067811865477
vn -0.7071067811865475 0.7071067811865475 0
vn -0.5 0.5 0.7071067811865475
vn -4.329780281177466e-17 4.329780281177466e-17 1
vn 0.4999999999999999 -0.4999999999999999 0.7071067811865476
vn 0.7071067811865475 -0.7071067811865475 1.2246467991473532e-16
vn 0.5000000000000001 -0.5000000000000001 -0.7071067811865475
vn 1.2989340843532398e-16 -1.2989340843532398e-16 -1
vn -0.49999999999999983 0.49999999999999983 -0.7071067811865477
vn -0.7071067811865475 0.7071067811865475 0
vn -0.5 0.5 0.7071067811865475
vn -4.329780281177466e-17 4.329780281177466e-17 1
vn 0.4999999999999999 -0.4999999999999999 0.7071067811865476
vn 0.7071067811865475 -0.7071067811865475 1.2246467991473532e-16
vn 0.5000000000000001 -0.5000000000000001 -0.7071067811865475
vn 1.2989340843532398e-16 -1.2989340843532398e-16 -1
vn -0.49999999999999983 0.49999999999999983 -0.7071067811865477
vn -0.7071067811865475 0.7071067811865475 0
vn -0.5 0.5 0.7071067811865475
vn -4.329780281177466e-17 4.329780281177466e-17 1
vn 0.4999999999999999 -0.4999999999999999 0.7071067811865476
vn 0.7071067811865475 -0.7071067811865475 1.2246467991473532e-16
vn 0.5000000000000001 -0.5000000000000001 -0.7071067811865475
vn 1.2989340843532398e-16 -1.2989340843532398e-16 -1
vn -0.49999999999999983 0.49999999999999983 -0.7071067811865477
vn -0.7071067811865475 0.7071067811865475 0
vn -0.5 0.5 0.7071067811865475
vn -4.329780281177466e-17 4.329780281177466e-17 1
vn 0.4999999999999999 -0.4999999999999999 0.7071067811865476
vn 0.7071067811865475 -0.7071067811865475 1.2246467991473532e-16
vn 0.5000000000000001 -0.5000000000000001 -0.7071067811865475
vn 1.2989340843532398e-16 -1.2989340843532398e-16 -1
vn -0.49999999999999983 0.49999999999999983 -0.7071067811865477
vn -0.7071067811865475 0.7071067811865475 0
vn -0.5 0.5 0.7071067811865475
vn -4.329780281177466e-17 4.329780281177466e-17 1
vn 0.4999999999999999 -0.4999999999999999 0.7071067811865476
vn 0.7071067811865475 -0.7071067811865475 1.2246467991473532e-16
vn 0.5000000000000001 -0.5000000000000001 -0.7071067811865475
vn 1.2989340843532398e-16 -1.2989340843532398e-16 -1
vn -0.49999999999999983 0.49999999999999983 -0.7071067811865477
vn -0.7071067811865475 0.7071067811865475 0
vn -0.5 0.5 0.7071067811865475
vn -4.329780281177466e-17 4.329780281177466e-17 1
vn 0.4999999999999999 -0.4999999999999999 0.7071067811865476
vn 0.7071067811865475 -0.7071067811865475 1.2246467991473532e-16
vn 0.5000000000000001 -0.5000000000000001 -0.7071067811865475
vn 1.2989340843532398e-16 -1.2989340843532398e-16 -1
vn -0.49999999999999983 0.49999999999999983 -0.7071067811865477
vn -0.7071067811865475 0.7071067811865475 0
vn -0.5 0.5 0.7071067811865475
vn -4.329780281177466e-17 4.329780281177466e-17 1
vn 0.4999999999999999 -0.4999999999999999 0.7071067811865476
vn 0.7071067811865475 -0.7071067811865475 1.2246467991473532e-16
vn 0.5000000000000001 -0.5000000000000001 -0.7071067811865475
vn 1.2989340843532398e-16 -1.2989340843532398e-16 -1
vn -0.49999999999999983 0.49999999999999983 -0.7071067811865477
vn -0.7071067811865475 0.7071067811865475 0
vn -0.5 0.5 0.7071067811865475
vn -4.329780281177466e-17 4.329780281177466e-17 1
vn 0.4999999999999999 -0.4999999999999999 0.7071067811865476
vn 0.7071067811865475 -0.7071067811865475 1.2246467991473532e-16
vn 0.5000000000000001 -0.5000000000000001 -0.7071067811865475
vn 1.2989340843532398e-16 -1.2989340843532398e-16 -1
vn -0.49999999999999983 0.49999999999999983 -0.7071067811865477
vn -0.7071067811865475 0.7071067811865475 0
vn -0.5 0.5 0.7071067811865475
vn -4.329780281177466e-17 4.329780281177466e-17 1
vn 0.4999999999999999 -0.4999999999999999 0.7071067811865476
vn 0.7071067811865475 -0.7071067811865475 1.2246467991473532e-16
vn 0.5000000000000001 -0.5000000000000001 -0.7071067811865475
vn 1.2989340843532398e-16 -1.2989340843532398e-16 -1
vn -0.49999999999999983 0.49999999999999983 -0.7071067811865477
vn -0.7071067811865476 0.7071067811865476 0
vn -0.5000000000000001 0.5000000000000001 0.7071067811865475
vn -4.329780281177467e-17 4.329780281177467e-17 1
vn 0.5 -0.5 0.7071067811865476
vn 0.7071067811865476 -0.7071067811865476 1.2246467991473532e-16
vn 0.5000000000000001 -0.5000000000000001 -0.7071067811865475
vn 1.29893408435324e-16 -1.29893408435324e-16 -1
vn -0.4999999999999999 0.4999999999999999 -0.7071067811865477
vn -0.7071067811865476 0.7071067811865476 0
vn -0.5000000000000001 0.5000000000000001 0.7071067811865475
vn -4.329780281177467e-17 4.329780281177467e-17 1
vn 0.5 -0.5 0.7071067811865476
vn 0.7071067811865476 -0.7071067811865476 1.2246467991473532e-16
vn 0.5000000000000001 -0.5000000000000001 -0.7071067811865475
vn 1.29893408435324e-16 -1.29893408435324e-16 -1
vn -0.4999999999999999 0.4999999999999999 -0.7071067811865477
vn -0.7071067811865476 0.7071067811865476 0
vn -0.5000000000000001 0.5000000000000001 0.7071067811865475
vn -4.329780281177467e-17 4.329780281177467e-17 1
vn 0.5 -0.5 0.7071067811865476
vn 0.7071067811865476 -0.7071067811865476 1.2246467991473532e-16
vn 0.5000000000000001 -0.5000000000000001 -0.7071067811865475
vn 1.29893408435324e-16 -1.29893408435324e-16 -1
vn -0.4999999999999999 0.4999999999999999 -0.7071067811865477
vn -0.7071067811865476 0.7071067811865476 0
vn -0.5000000000000001 0.5000000000000001 0.7071067811865475
vn -4.329780281177467e-17 4.329780281177467e-17 1
vn 0.5 -0.5 0.7071067811865476
vn 0.7071067811865476 -0.7071067811865476 1.2246467991473532e-16
vn 0.5000000000000001 -0.5000000000000001 -0.7071067811865475
vn 1.29893408435324e-16 -1.29893408435324e-16 -1
vn -0.4999999999999999 0.4999999999999999 -0.7071067811865477
vn -0.7071067811865476 0.7071067811865476 0
vn -0.5000000000000001 0.5000000000000001 0.7071067811865475
vn -4.329780281177467e-17 4.329780281177467e-17 1
vn 0.5 -0.5 0.7071067811865476
vn 0.7071067811865476 -0.7071067811865476 1.2246467991473532e-16
vn 0.5000000000000001 -0.5000000000000001 -0.7071067811865475
vn 1.29893408435324e-16 -1.29893408435324e-16 -1
vn -0.4999999999999999 0.4999999999999999 -0.7071067811865477
vn -0.7071067811865476 0.7071067811865476 0
vn -0.5000000000000001 0.5000000000000001 0.7071067811865475
vn -4.329780281177467e-17 4.329780281177467e-17 1
vn 0.5 -0.5 0.7071067811865476
vn 0.7071067811865476 -0.7071067811865476 1.2246467991473532e-16
vn 0.5000000000000001 -0.5000000000000001 -0.7071067811865475
vn 1.29893408435324e-16 -1.29893408435324e-16 -1
vn -0.4999999999999999 0.4999999999999999 -0.7071067811865477
vn -0.7071067811865476 0.7071067811865476 0
vn -0.5000000000000001 0.5000000000000001 0.7071067811865475
vn -4.329780281177467e-17 4.329780281177467e-17 1
vn 0.5 -0.5 0.7071067811865476
vn 0.7071067811865476 -0.7071067811865476 1.2246467991473532e-16
vn 0.5000000000000001 -0.5000000000000001 -0.7071067811865475
vn 1.29893408435324e-16 -1.29893408435324e-16 -1
vn -0.4999999999999999 0.4999999999999999 -0.7071067811865477
vn -0.7071067811865476 0.7071067811865476 0
vn -0.5000000000000001 0.5000000000000001 0.7071067811865475
vn -4.329780281177467e-17 4.329780281177467e-17 1
vn 0.5 -0.5 0.7071067811865476
vn 0.7071067811865476 -0.7071067811865476 1.2246467991473532e-16
vn 0.5000000000000001 -0.5000000000000001 -0.7071067811865475
vn 1.29893408435324e-16 -1.29893408435324e-16 -1
vn -0.4999999999999999 0.4999999999999999 -0.7071067811865477
vn -0.7071067811865476 0.7071067811865476 0
vn -0.5000000000000001 0.5000000000000001 0.7071067811865475
vn -4.329780281177467e-17 4.329780281177467e-17 1
vn 0.5 -0.5 0.7071067811865476
vn 0.7071067811865476 -0.7071067811865476 1.2246467991473532e-16
vn 0.5000000000000001 -0.5000000000000001 -0.7071067811865475
vn 1.29893408435324e-16 -1.29893408435324e-16 -1
vn -0.4999999999999999 0.4999999999999999 -0.7071067811865477
vn -0.7071067811865476 0.7071067811865476 0
vn -0.5000000000000001 0.5000000000000001 0.7071067811865475
vn -4.329780281177467e-17 4.329780281177467e-17 1
vn 0.5 -0.5 0.7071067811865476
vn 0.7071067811865476 -0.7071067811865476 1.2246467991473532e-16
vn 0.5000000000000001 -0.5000000000000001 -0.7071067811865475
vn 1.29893408435324e-16 -1.29893408435324e-16 -1
vn -0.4999999999999999 0.4999999999999999 -0.7071067811865477
vn -0.7071067811865476 0.7071067811865476 0
vn -0.5000000000000001 0.5000000000000001 0.7071067811865475
vn -4.329780281177467e-17 4.329780281177467e-17 1
vn 0.5 -0.5 0.7071067811865476
vn 0.7071067811865476 -0.7071067811865476 1.2246467991473532e-16
vn 0.5000000000000001 -0.5000000000000001 -0.7071067811865475
vn 1.29893408435324e-16 -1.29893408435324e-16 -1
vn -0.4999999999999999 0.4999999999999999 -0.7071067811865477
vn -0.7071067811865476 0.7071067811865476 0
vn -0.5000000000000001 0.5000000000000001 0.7071067811865475
vn -4.329780281177467e-17 4.329780281177467e-17 1
vn 0.5 -0.5 0.7071067811865476
vn 0.7071067811865476 -0.7071067811865476 1.2246467991473532e-16
vn 0.5000000000000001 -0.5000000000000001 -0.7071067811865475
vn 1.29893408435324e-16 -1.29893408435324e-16 -1
vn -0.4999999999999999 0.4999999999999999 -0.7071067811865477
vn -0.7071067811865476 0.7071067811865476 0
vn -0.5000000000000001 0.5000000000000001 0.7071067811865475
vn -4.329780281177467e-17 4.329780281177467e-17 1
vn 0.5 -0.5 0.7071067811865476
vn 0.7071067811865476 -0.7071067811865476 1.2246467991473532e-16
vn 0.5000000000000001 -0.5000000000000001 -0.7071067811865475
vn 1.29893408435324e-16 -1.29893408435324e-16 -1
vn -0.4999999999999999 0.4999999999999999 -0.7071067811865477
vn -0.7071067811865476 0.7071067811865476 0
vn -0.5000000000000001 0.5000000000000001 0.7071067811865475
vn -4.329780281177467e-17 4.329780281177467e-17 1
vn 0.5 -0.5 0.7071067811865476
vn 0.7071067811865476 -0.7071067811865476 1.2246467991473532e-16
vn 0.5000000000000001 -0.5000000000000001 -0.7071067811865475
vn 1.29893408435324e-16 -1.29893408435324e-16 -1
vn -0.4999999999999999 0.4999999999999999 -0.7071067811865477
vn -0.7071067811865476 0.7071067811865476 0
vn -0.5000000000000001 0.5000000000000001 0.7071067811865475
vn -4.329780281177467e-17 4.329780281177467e-17 1
vn 0.5 -0.5 0.7071067811865476
vn 0.7071067811865476 -0.7071067811865476 1.2246467991473532e-16
vn 0.5000000000000001 -0.5000000000000001 -0.7071067811865475
vn 1.29893408435324e-16 -1.29893408435324e-16 -1
vn -0.4999999999999999 0.4999999999999999 -0.7071067811865477
vn -0.7071067811865476 0.7071067811865476 0
vn -0.5000000000000001 0.5000000000000001 0.7071067811865475
vn -4.329780281177467e-17 4.329780281177467e-17 1
vn 0.5 -0.5 0.7071067811865476
vn 0.7071067811865476 -0.7071067811865476 1.2246467991473532e-16
vn 0.5000000000000001 -0.5000000000000001 -0.7071067811865475
vn 1.29893408435324e-16 -1.29893408435324e-16 -1
vn -0.4999999999999999 0.4999999999999999 -0.7071067811865477
vn -0.7071067811865476 0.7071067811865476 0
vn -0.5000000000000001 0.5000000000000001 0.7071067811865475
vn -4.329780281177467e-17 4.329780281177467e-17 1
vn 0.5 -0.5 0.7071067811865476
vn 0.7071067811865476 -0.7071067811865476 1.2246467991473532e-16
vn 0.5000000000000001 -0.5000000000000001 -0.7071067811865475
vn 1.29893408435324e-16 -1.29893408435324e-16 -1
vn -0.4999999999999999 0.4999999999999999 -0.7071067811865477
vn -0.7071067811865476 0.7071067811865476 0
vn -0.5000000000000001 0.5000000000000001 0.7071067811865475
vn -4.329780281177467e-17 4.329780281177467e-17 1
vn 0.5 -0.5 0.7071067811865476
vn 0.7071067811865476 -0.7071067811865476 1.2246467991473532e-16
vn 0.5000000000000001 -0.5000000000000001 -0.7071067811865475
vn 1.29893408435324e-16 -1.29893408435324e-16 -1
vn -0.4999999999999999 0.4999999999999999 -0.7071067811865477
vn -0.7071067811865476 0.7071067811865476 0
vn -0.5000000000000001 0.5000000000000001 0.7071067811865475
vn -4.329780281177467e-17 4.329780281177467e-17 1
vn 0.5 -0.5 0.7071067811865476
vn 0.7071067811865476 -0.7071067811865476 1.2246467991473532e-16
vn 0.5000000000000001 -0.5000000000000001 -0.7071067811865475
vn 1.29893408435324e-16 -1.29893408435324e-16 -1
vn -0.4999999999999999 0.4999999999999999 -0.7071067811865477
vn -0.7071067811865476 0.7071067811865476 0
vn -0.5000000000000001 0.5000000000000001 0.7071067811865475
vn -4.329780281177467e-17 4.329780281177467e-17 1
vn 0.5 -0.5 0.7071067811865476
vn 0.7071067811865476 -0.7071067811865476 1.2246467991473532e-16
vn 0.5000000000000001 -0.5000000000000001 -0.7071067811865475
vn 1.29893408435324e-16 -1.29893408435324e-16 -1
vn -0.4999999999999999 0.4999999999999999 -0.7071067811865477
vn -0.7071067811865476 0.7071067811865476 0
vn -0.5000000000000001 0.5000000000000001 0.7071067811865475
vn -4.329780281177467e-17 4.329780281177467e-17 1
vn 0.5 -0.5 0.7071067811865476
vn 0.7071067811865476 -0.7071067811865476 1.2246467991473532e-16
vn 0.5000000000000001 -0.5000000000000001 -0.7071067811865475
vn 1.29893408435324e-16 -1.29893408435324e-16 -1
vn -0.4999999999999999 0.4999999999999999 -0.7071067811865477
vn -0.7071067811865476 0.7071067811865476 0
vn -0.5000000000000001 0.5000000000000001 0.7071067811865475
vn -4.329780281177467e-17 4.329780281177467e-17 1
vn 0.5 -0.5 0.7071067811865476
vn 0.7071067811865476 -0.7071067811865476 1.2246467991473532e-16
vn 0.5000000000000001 -0.5000000000000001 -0.7071067811865475
vn 1.29893408435324e-16 -1.29893408435324e-16 -1
vn -0.4999999999999999 0.4999999999999999 -0.7071067811865477
vn -0.7071067811865476 0.7071067811865476 0
vn -0.5000000000000001 0.5000000000000001 0.7071067811865475
vn -4.329780281177467e-17 4.329780281177467e-17 1
vn 0.5 -0.5 0.7071067811865476
vn 0.7071067811865476 -0.7071067811865476 1.2246467991473532e-16
vn 0.5000000000000001 -0.5000000000000001 -0.7071067811865475
vn 1.29893408435324e-16 -1.29893408435324e-16 -1
vn -0.4999999999999999 0.4999999999999999 -0.7071067811865477
vn -0.7071067811865476 0.7071067811865476 0
vn -0.5000000000000001 0.5000000000000001 0.7071067811865475
vn -4.329780281177467e-17 4.329780281177467e-17 1
vn 0.5 -0.5 0.7071067811865476
vn 0.7071067811865476 -0.7071067811865476 1.2246467991473532e-16
vn 0.5000000000000001 -0.5000000000000001 -0.7071067811865475
vn 1.29893408435324e-16 -1.29893408435324e-16 -1
vn -0.4999999999999999 0.4999999999999999 -0.7071067811865477
vn -0.7071067811865476 0.7071067811865476 0
vn -0.5000000000000001 0.5000000000000001 0.7071067811865475
vn -4.329780281177467e-17 4.329780281177467e-17 1
vn 0.5 -0.5 0.7071067811865476
vn 0.7071067811865476 -0.7071067811865476 1.2246467991473532e-16
vn 0.5000000000000001 -0.5000000000000001 -0.7071067811865475
vn 1.29893408435324e-16 -1.29893408435324e-16 -1
vn -0.4999999999999999 0.4999999999999999 -0.7071067811865477
vn -0.7071067811865476 0.7071067811865476 0
vn -0.5000000000000001 0.5000000000000001 0.7071067811865475
vn -4.329780281177467e-17 4.329780281177467e-17 1
vn 0.5 -0.5 0.7071067811865476
vn 0.7071067811865476 -0.7071067811865476 1.2246467991473532e-16
vn 0.5000000000000001 -0.5000000000000001 -0.7071067811865475
vn 1.29893408435324e-16 -1.29893408435324e-16 -1
vn -0.4999999999999999 0.4999999999999999 -0.7071067811865477
vn -0.7071067811865476 0.7071067811865476 0
vn -0.5000000000000001 0.5000000000000001 0.7071067811865475
vn -4.329780281177467e-17 4.329780281177467e-17 1
vn 0.5 -0.5 0.7071067811865476
vn 0.7071067811865476 -0.7071067811865476 1.2246467991473532e-16
vn 0.5000000000000001 -0.5000000000000001 -0.7071067811865475
vn 1.29893408435324e-16 -1.29893408435324e-16 -1
vn -0.4999999999999999 0.4999999999999999 -0.7071067811865477
vn -0.7071067811865476 0.7071067811865476 0
vn -0.5000000000000001 0.5000000000000001 0.7071067811865475
vn -4.329780281177467e-17 4.329780281177467e-17 1
vn 0.5 -0.5 0.7071067811865476
vn 0.7071067811865476 -0.7071067811865476 1.2246467991473532e-16
vn 0.5000000000000001 -0.5000000000000001 -0.7071067811865475
vn 1.29893408435324e-16 -1.29893408435324e-16 -1
vn -0.4999999999999999 0.4999999999999999 -0.7071067811865477
vn -0.7071067811865476 0.7071067811865476 0
vn -0.5000000000000001 0.5000000000000001 0.7071067811865475
vn -4.329780281177467e-17 4.329780281177467e-17 1
vn 0.5 -0.5 0.7071067811865476
vn 0.7071067811865476 -0.7071067811865476 1.2246467991473532e-16
vn 0.5000000000000001 -0.5000000000000001 -0.7071067811865475
vn 1.29893408435324e-16 -1.29893408435324e-16 -1
vn -0.4999999999999999 0.4999999999999999 -0.7071067811865477
vn -0.7071067811865476 0.7071067811865476 0
vn -0.5000000000000001 0.5000000000000001 0.7071067811865475
vn -4.329780281177467e-17 4.329780281177467e-17 1
vn 0.5 -0.5 0.7071067811865476
vn 0.7071067811865476 -0.7071067811865476 1.2246467991473532e-16
vn 0.5000000000000001 -0.5000000000000001 -0.7071067811865475
vn 1.29893408435324e-16 -1.29893408435324e-16 -1
vn -0.4999999999999999 0.4999999999999999 -0.7071067811865477
vn -0.7071067811865476 0.7071067811865476 0
vn -0.5000000000000001 0.5000000000000001 0.7071067811865475
vn -4.329780281177467e-17 4.329780281177467e-17 1
vn 0.5 -0.5 0.7071067811865476
vn 0.7071067811865476 -0.7071067811865476 1.2246467991473532e-16
vn 0.5000000000000001 -0.5000000000000001 -0.7071067811865475
vn 1.29893408435324e-16 -1.29893408435324e-16 -1
vn -0.4999999999999999 0.4999999999999999 -0.7071067811865477
vn -0.7071067811865476 0.7071067811865476 0
vn -0.5000000000000001 0.5000000000000001 0.7071067811865475
vn -4.329780281177467e-17 4.329780281177467e-17 1
vn 0.5 -0.5 0.7071067811865476
vn 0.7071067811865476 -0.7071067811865476 1.2246467991473532e-16
vn 0.5000000000000001 -0.5000000000000001 -0.7071067811865475
vn 1.29893408435324e-16 -1.29893408435324e-16 -1
vn -0.4999999999999999 0.4999999999999999 -0.7071067811865477
vn -0.7071067811865476 0.7071067811865476 0
vn -0.5000000000000001 0.5000000000000001 0.7071067811865475
vn -4.329780281177467e-17 4.329780281177467e-17 1
vn 0.5 -0.5 0.7071067811865476
vn 0.7071067811865476 -0.7071067811865476 1.2246467991473532e-16
vn 0.5000000000000001 -0.5000000000000001 -0.7071067811865475
vn 1.29893408435324e-16 -1.29893408435324e-16 -1
vn -0.4999999999999999 0.4999999999999999 -0.7071067811865477
vn -0.7071067811865476 0.7071067811865476 0
vn -0.5000000000000001 0.5000000000000001 0.7071067811865475
vn -4.329780281177467e-17 4.329780281177467e-17 1
vn 0.5 -0.5 0.7071067811865476
vn 0.7071067811865476 -0.7071067811865476 1.2246467991473532e-16
vn 0.5000000000000001 -0.5000000000000001 -0.7071067811865475
vn 1.29893408435324e-16 -1.29893408435324e-16 -1
vn -0.4999999999999999 0.4999999999999999 -0.7071067811865477
vn -0.7071067811865476 0.7071067811865476 0
vn -0.5000000000000001 0.5000000000000001 0.7071067811865475
vn -4.329780281177467e-17 4.329780281177467e-17 1
vn 0.5 -0.5 0.7071067811865476
vn 0.7071067811865476 -0.7071067811865476 1.2246467991473532e-16
vn 0.5000000000000001 -0.5000000000000001 -0.7071067811865475
vn 1.29893408435324e-16 -1.29893408435324e-16 -1
vn -0.4999999999999999 0.4999999999999999 -0.7071067811865477
vn -0.7071067811865476 0.7071067811865476 0
vn -0.5000000000000001 0.5000000000000001 0.7071067811865475
vn -4.329780281177467e-17 4.329780281177467e-17 1
vn 0.5 -0.5 0.7071067811865476
vn 0.7071067811865476 -0.7071067811865476 1.2246467991473532e-16
vn 0.5000000000000001 -0.5000000000000001 -0.7071067811865475
vn 1.29893408435324e-16 -1.29893408435324e-16 -1
vn -0.4999999999999999 0.4999999999999999 -0.7071067811865477
vn -0.7071067811865475 0.7071067811865475 0
vn -0.5 0.5 0.7071067811865475
vn -4.329780281177466e-17 4.329780281177466e-17 1
vn 0.4999999999999999 -0.4999999999999999 0.7071067811865476
vn 0.7071067811865475 -0.7071067811865475 1.2246467991473532e-16
vn 0.5000000000000001 -0.5000000000000001 -0.7071067811865475
vn 1.2989340843532398e-16 -1.2989340843532398e-16 -1
vn -0.49999999999999983 0.49999999999999983 -0.7071067811865477
vn -0.7071067811865475 0.7071067811865475 0
vn -0.5 0.5 0.7071067811865475
vn -4.329780281177466e-17 4.329780281177466e-17 1
vn 0.4999999999999999 -0.4999999999999999 0.7071067811865476
vn 0.7071067811865475 -0.7071067811865475 1.2246467991473532e-16
vn 0.5000000000000001 -0.5000000000000001 -0.7071067811865475
vn 1.2989340843532398e-16 -1.2989340843532398e-16 -1
vn -0.49999999999999983 0.49999999999999983 -0.7071067811865477
vn -0.7071067811865475 0.7071067811865475 0
vn -0.5 0.5 0.7071067811865475
vn -4.329780281177466e-17 4.329780281177466e-17 1
vn 0.4999999999999999 -0.4999999999999999 0.7071067811865476
vn 0.7071067811865475 -0.7071067811865475 1.2246467991473532e-16
vn 0.5000000000000001 -0.5000000000000001 -0.7071067811865475
vn 1.2989340843532398e-16 -1.2989340843532398e-16 -1
vn -0.49999999999999983 0.49999999999999983 -0.7071067811865477
vn -0.7071067811865475 0.7071067811865475 0
vn -0.5 0.5 0.7071067811865475
vn -4.329780281177466e-17 4.329780281177466e-17 1
vn 0.4999999999999999 -0.4999999999999999 0.7071067811865476
vn 0.7071067811865475 -0.7071067811865475 1.2246467991473532e-16
vn 0.5000000000000001 -0.5000000000000001 -0.7071067811865475
vn 1.2989340843532398e-16 -1.2989340843532398e-16 -1
vn -0.49999999999999983 0.49999999999999983 -0.7071067811865477
vn -0.7071067811865475 0.7071067811865475 0
vn -0.5 0.5 0.7071067811865475
vn -4.329780281177466e-17 4.329780281177466e-17 1
vn 0.4999999999999999 -0.4999999999999999 0.7071067811865476
vn 0.7071067811865475 -0.7071067811865475 1.2246467991473532e-16
vn 0.5000000000000001 -0.5000000000000001 -0.7071067811865475
vn 1.2989340843532398e-16 -1.2989340843532398e-16 -1
vn -0.49999999999999983 0.49999999999999983 -0.7071067811865477
vn -0.7071067811865475 0.7071067811865475 0
vn -0.5 0.5 0.7071067811865475
vn -4.329780281177466e-17 4.329780281177466e-17 1
vn 0.4999999999999999 -0.4999999999999999 0.7071067811865476
vn 0.7071067811865475 -0.7071067811865475 1.2246467991473532e-16
vn 0.5000000000000001 -0.5000000000000001 -0.7071067811865475
vn 1.2989340843532398e-16 -1.2989340843532398e-16 -1
vn -0.49999999999999983 0.49999999999999983 -0.7071067811865477
vn -0.7071067811865475 0.7071067811865475 0
vn -0.5 0.5 0.7071067811865475
vn -4.329780281177466e-17 4.329780281177466e-17 1
vn 0.4999999999999999 -0.4999999999999999 0.7071067811865476
vn 0.7071067811865475 -0.7071067811865475 1.2246467991473532e-16
vn 0.5000000000000001 -0.5000000000000001 -0.7071067811865475
vn 1.2989340843532398e-16 -1.2989340843532398e-16 -1
vn -0.49999999999999983 0.49999999999999983 -0.7071067811865477
vn -0.7071067811865475 0.7071067811865475 0
vn -0.5 0.5 0.7071067811865475
vn -4.329780281177466e-17 4.329780281177466e-17 1
vn 0.4999999999999999 -0.4999999999999999 0.7071067811865476
vn 0.7071067811865475 -0.7071067811865475 1.2246467991473532e-16
vn 0.5000000000000001 -0.5000000000000001 -0.7071067811865475
vn 1.2989340843532398e-16 -1.2989340843532398e-16 -1
vn -0.49999999999999983 0.49999999999999983 -0.7071067811865477
vn -0.7071067811865475 0.7071067811865475 0
vn -0.5 0.5 0.7071067811865475
vn -4.329780281177466e-17 4.329780281177466e-17 1
vn 0.4999999999999999 -0.4999999999999999 0.7071067811865476
vn 0.7071067811865475 -0.7071067811865475 1.2246467991473532e-16
vn 0.5000000000000001 -0.5000000000000001 -0.7071067811865475
vn 1.2989340843532398e-16 -1.2989340843532398e-16 -1
vn -0.49999999999999983 0.49999999999999983 -0.7071067811865477
vn -0.7071067811865475 0.7071067811865475 0
vn -0.5 0.5 0.7071067811865475
vn -4.329780281177466e-17 4.329780281177466e-17 1
vn 0.4999999999999999 -0.4999999999999999 0.7071067811865476
vn 0.7071067811865475 -0.7071067811865475 1.2246467991473532e-16
vn 0.5000000000000001 -0.5000000000000001 -0.7071067811865475
vn 1.2989340843532398e-16 -1.2989340843532398e-16 -1
vn -0.49999999999999983 0.49999999999999983 -0.7071067811865477
vn -0.7071067811865475 0.7071067811865475 0
vn -0.5 0.5 0.7071067811865475
vn -4.329780281177466e-17 4.329780281177466e-17 1
vn 0.4999999999999999 -0.4999999999999999 0.7071067811865476
vn 0.7071067811865475 -0.7071067811865475 1.2246467991473532e-16
vn 0.5000000000000001 -0.5000000000000001 -0.7071067811865475
vn 1.2989340843532398e-16 -1.2989340843532398e-16 -1
vn -0.49999999999999983 0.49999999999999983 -0.7071067811865477
vn -0.7071067811865475 0.7071067811865475 0
vn -0.5 0.5 0.7071067811865475
vn -4.329780281177466e-17 4.329780281177466e-17 1
vn 0.4999999999999999 -0.4999999999999999 0.7071067811865476
vn 0.7071067811865475 -0.7071067811865475 1.2246467991473532e-16
vn 0.5000000000000001 -0.5000000000000001 -0.7071067811865475
vn 1.2989340843532398e-16 -1.2989340843532398e-16 -1
vn -0.49999999999999983 0.49999999999999983 -0.7071067811865477
vn -0.7071067811865475 0.7071067811865475 0
vn -0.5 0.5 0.7071067811865475
vn -4.329780281177466e-17 4.329780281177466e-17 1
vn 0.4999999999999999 -0.4999999999999999 0.7071067811865476
vn 0.7071067811865475 -0.7071067811865475 1.2246467991473532e-16
vn 0.5000000000000001 -0.5000000000000001 -0.7071067811865475
vn 1.2989340843532398e-16 -1.2989340843532398e-16 -1
vn -0.49999999999999983 0.49999999999999983 -0.7071067811865477
vn -0.7071067811865475 0.7071067811865475 0
vn -0.5 0.5 0.7071067811865475
vn -4.329780281177466e-17 4.329780281177466e-17 1
vn 0.4999999999999999 -0.4999999999999999 0.7071067811865476
vn 0.7071067811865475 -0.7071067811865475 1.2246467991473532e-16
vn 0.5000000000000001 -0.5000000000000001 -0.7071067811865475
vn 1.2989340843532398e-16 -1.2989340843532398e-16 -1
vn -0.49999999999999983 0.49999999999999983 -0.7071067811865477
vn -0.7071067811865475 0.7071067811865475 0
vn -0.5 0.5 0.7071067811865475
vn -4.329780281177466e-17 4.329780281177466e-17 1
vn 0.4999999999999999 -0.4999999999999999 0.7071067811865476
vn 0.7071067811865475 -0.7071067811865475 1.2246467991473532e-16
vn 0.5000000000000001 -0.5000000000000001 -0.7071067811865475
vn 1.2989340843532398e-16 -1.2989340843532398e-16 -1
vn -0.49999999999999983 0.49999999999999983 -0.7071067811865477
vn -0.7071067811865475 0.7071067811865475 0
vn -0.5 0.5 0.7071067811865475
vn -4.329780281177466e-17 4.329780281177466e-17 1
vn 0.4999999999999999 -0.4999999999999999 0.7071067811865476
vn 0.7071067811865475 -0.7071067811865475 1.2246467991473532e-16
vn 0.5000000000000001 -0.5000000000000001 -0.7071067811865475
vn 1.2989340843532398e-16 -1.2989340843532398e-16 -1
vn -0.49999999999999983 0.49999999999999983 -0.7071067811865477
vn -0.7071067811865475 0.7071067811865475 0
vn -0.5 0.5 0.7071067811865475
vn -4.329780281177466e-17 4.329780281177466e-17 1
vn 0.4999999999999999 -0.4999999999999999 0.7071067811865476
vn 0.7071067811865475 -0.7071067811865475 1.2246467991473532e-16
vn 0.5000000000000001 -0.5000000000000001 -0.7071067811865475
vn 1.2989340843532398e-16 -1.2989340843532398e-16 -1
vn -0.49999999999999983 0.49999999999999983 -0.7071067811865477
vn -0.7071067811865475 0.7071067811865475 0
vn -0.5 0.5 0.7071067811865475
vn -4.329780281177466e-17 4.329780281177466e-17 1
vn 0.4999999999999999 -0.4999999999999999 0.7071067811865476
vn 0.7071067811865475 -0.7071067811865475 1.2246467991473532e-16
vn 0.5000000000000001 -0.5000000000000001 -0.7071067811865475
vn 1.2989340843532398e-16 -1.2989340843532398e-16 -1
vn -0.49999999999999983 0.49999999999999983 -0.7071067811865477
vn -0.7071067811865475 0.7071067811865475 0
vn -0.5 0.5 0.7071067811865475
vn -4.329780281177466e-17 4.329780281177466e-17 1
vn 0.4999999999999999 -0.4999999999999999 0.7071067811865476
vn 0.7071067811865475 -0.7071067811865475 1.2246467991473532e-16
vn 0.5000000000000001 -0.5000000000000001 -0.7071067811865475
vn 1.2989340843532398e-16 -1.2989340843532398e-16 -1
vn -0.49999999999999983 0.49999999999999983 -0.7071067811865477
vn -0.7071067811865475 0.7071067811865475 0
vn -0.5 0.5 0.7071067811865475
vn -4.329780281177466e-17 4.329780281177466e-17 1
vn 0.4999999999999999 -0.4999999999999999 0.7071067811865476
vn 0.7071067811865475 -0.7071067811865475 1.2246467991473532e-16
vn 0.5000000000000001 -0.5000000000000001 -0.7071067811865475
vn 1.2989340843532398e-16 -1.2989340843532398e-16 -1
vn -0.49999999999999983 0.49999999999999983 -0.7071067811865477
vn -0.7071067811865475 0.7071067811865475 0
vn -0.5 0.5 0.7071067811865475
vn -4.329780281177466e-17 4.329780281177466e-17 1
vn 0.4999999999999999 -0.4999999999999999 0.7071067811865476
vn 0.7071067811865475 -0.7071067811865475 1.2246467991473532e-16
vn 0.5000000000000001 -0.5000000000000001 -0.7071067811865475
vn 1.2989340843532398e-16 -1.2989340843532398e-16 -1
vn -0.49999999999999983 0.49999999999999983 -0.7071067811865477
vn -0.7071067811865475 0.7071067811865475 0
vn -0.5 0.5 0.7071067811865475
vn -4.329780281177466e-17 4.329780281177466e-17 1
vn 0.4999999999999999 -0.4999999999999999 0.7071067811865476
vn 0.7071067811865475 -0.7071067811865475 1.2246467991473532e-16
vn 0.5000000000000001 -0.5000000000000001 -0.7071067811865475
vn 1.2989340843532398e-16 -1.2989340843532398e-16 -1
vn -0.49999999999999983 0.49999999999999983 -0.7071067811865477
vn -0.7071067811865475 0.7071067811865475 0
vn -0.5 0.5 0.7071067811865475
vn -4.329780281177466e-17 4.329780281177466e-17 1
vn 0.4999999999999999 -0.4999999999999999 0.7071067811865476
vn 0.7071067811865475 -0.7071067811865475 1.2246467991473532e-16
vn 0.5000000000000001 -0.5000000000000001 -0.7071067811865475
vn 1.2989340843532398e-16 -1.2989340843532398e-16 -1
vn -0.49999999999999983 0.49999999999999983 -0.7071067811865477
vn -0.7071067811865475 0.7071067811865475 0
vn -0.5 0.5 0.7071067811865475
vn -4.329780281177466e-17 4.329780281177466e-17 1
vn 0.4999999999999999 -0.4999999999999999 0.7071067811865476
vn 0.7071067811865475 -0.7071067811865475 1.2246467991473532e-16
vn 0.5000000000000001 -0.5000000000000001 -0.7071067811865475
vn 1.2989340843532398e-16 -1.2989340843532398e-16 -1
vn -0.49999999999999983 0.49999999999999983 -0.7071067811865477
vn -0.7071067811865475 0.7071067811865475 0
vn -0.5 0.5 0.7071067811865475
vn -4.329780281177466e-17 4.329780281177466e-17 1
vn 0.4999999999999999 -0.4999999999999999 0.7071067811865476
vn 0.7071067811865475 -0.7071067811865475 1.2246467991473532e-16
vn 0.5000000000000001 -0.5000000000000001 -0.7071067811865475
vn 1.2989340843532398e-16 -1.2989340843532398e-16 -1
vn -0.49999999999999983 0.49999999999999983 -0.7071067811865477
vn -0.7071067811865475 0.7071067811865475 0
vn -0.5 0.5 0.7071067811865475
vn -4.329780281177466e-17 4.329780281177466e-17 1
vn 0.4999999999999999 -0.4999999999999999 0.7071067811865476
vn 0.7071067811865475 -0.7071067811865475 1.2246467991473532e-16
vn 0.5000000000000001 -0.5000000000000001 -0.7071067811865475
vn 1.2989340843532398e-16 -1.2989340843532398e-16 -1
vn -0.49999999999999983 0.49999999999999983 -0.7071067811865477
vn -0.7071067811865475 0.7071067811865475 0
vn -0.5 0.5 0.7071067811865475
vn -4.329780281177466e-17 4.329780281177466e-17 1
vn 0.4999999999999999 -0.4999999999999999 0.7071067811865476
vn 0.7071067811865475 -0.7071067811865475 1.2246467991473532e-16
vn 0.5000000000000001 -0.5000000000000001 -0.7071067811865475
vn 1.2989340843532398e-16 -1.2989340843532398e-16 -1
vn -0.49999999999999983 0.49999999999999983 -0.7071067811865477
vn -0.7071067811865475 0.7071067811865475 0
vn -0.5 0.5 0.7071067811865475
vn -4.329780281177466e-17 4.329780281177466e-17 1
vn 0.4999999999999999 -0.4999999999999999 0.7071067811865476
vn 0.7071067811865475 -0.7071067811865475 1.2246467991473532e-16
vn 0.5000000000000001 -0.5000000000000001 -0.7071067811865475
vn 1.2989340843532398e-16 -1.2989340843532398e-16 -1
vn -0.49999999999999983 0.49999999999999983 -0.7071067811865477
vn -0.7071067811865475 0.7071067811865475 0
vn -0.5 0.5 0.7071067811865475
vn -4.329780281177466e-17 4.329780281177466e-17 1
vn 0.4999999999999999 -0.4999999999999999 0.7071067811865476
vn 0.7071067811865475 -0.7071067811865475 1.2246467991473532e-16
vn 0.5000000000000001 -0.5000000000000001 -0.7071067811865475
vn 1.2989340843532398e-16 -1.2989340843532398e-16 -1
vn -0.49999999999999983 0.49999999999999983 -0.7071067811865477
vn -0.7071067811865475 0.7071067811865475 0
vn -0.5 0.5 0.7071067811865475
vn -4.329780281177466e-17 4.329780281177466e-17 1
vn 0.4999999999999999 -0.4999999999999999 0.7071067811865476
vn 0.7071067811865475 -0.7071067811865475 1.2246467991473532e-16
vn 0.5000000000000001 -0.5000000000000001 -0.7071067811865475
vn 1.2989340843532398e-16 -1.2989340843532398e-16 -1
vn -0.49999999999999983 0.49999999999999983 -0.7071067811865477
vn -0.7071067811865475 0.7071067811865475 0
vn -0.5 0.5 0.7071067811865475
vn -4.329780281177466e-17 4.329780281177466e-17 1
vn 0.4999999999999999 -0.4999999999999999 0.7071067811865476
vn 0.7071067811865475 -0.7071067811865475 1.2246467991473532e-16
vn 0.5000000000000001 -0.5000000000000001 -0.7071067811865475
vn 1.2989340843532398e-16 -1.2989340843532398e-16 -1
vn -0.49999999999999983 0.49999999999999983 -0.7071067811865477
vn -0.7071067811865475 0.7071067811865475 0
vn -0.5 0.5 0.7071067811865475
vn -4.329780281177466e-17 4.329780281177466e-17 1
vn 0.4999999999999999 -0.4999999999999999 0.7071067811865476
vn 0.7071067811865475 -0.7071067811865475 1.2246467991473532e-16
vn 0.5000000000000001 -0.5000000000000001 -0.7071067811865475
vn 1.2989340843532398e-16 -1.2989340843532398e-16 -1
vn -0.49999999999999983 0.49999999999999983 -0.7071067811865477
vn -0.7071067811865475 0.7071067811865475 0
vn -0.5 0.5 0.7071067811865475
vn -4.329780281177466e-17 4.329780281177466e-17 1
vn 0.4999999999999999 -0.4999999999999999 0.7071067811865476
vn 0.7071067811865475 -0.7071067811865475 1.2246467991473532e-16
vn 0.5000000000000001 -0.5000000000000001 -0.7071067811865475
vn 1.2989340843532398e-16 -1.2989340843532398e-16 -1
vn -0.49999999999999983 0.49999999999999983 -0.7071067811865477
vn -0.7071067811865475 0.7071067811865475 0
vn -0.5 0.5 0.7071067811865475
vn -4.329780281177466e-17 4.329780281177466e-17 1
vn 0.4999999999999999 -0.4999999999999999 0.7071067811865476
vn 0.7071067811865475 -0.7071067811865475 1.2246467991473532e-16
vn 0.5000000000000001 -0.5000000000000001 -0.7071067811865475
vn 1.2989340843532398e-16 -1.2989340843532398e-16 -1
vn -0.49999999999999983 0.49999999999999983 -0.7071067811865477
vn -0.7071067811865475 0.7071067811865475 0
vn -0.5 0.5 0.7071067811865475
vn -4.329780281177466e-17 4.329780281177466e-17 1
vn 0.4999999999999999 -0.4999999999999999 0.7071067811865476
vn 0.7071067811865475 -0.7071067811865475 1.2246467991473532e-16
vn 0.5000000000000001 -0.5000000000000001 -0.7071067811865475
vn 1.2989340843532398e-16 -1.2989340843532398e-16 -1
vn -0.49999999999999983 0.49999999999999983 -0.7071067811865477
vn -0.7071067811865475 0.7071067811865475 0
vn -0.5 0.5 0.7071067811865475
vn -4.329780281177466e-17 4.329780281177466e-17 1
vn 0.4999999999999999 -0.4999999999999999 0.7071067811865476
vn 0.7071067811865475 -0.7071067811865475 1.2246467991473532e-16
vn 0.5000000000000001 -0.5000000000000001 -0.7071067811865475
vn 1.2989340843532398e-16 -1.2989340843532398e-16 -1
vn -0.49999999999999983 0.49999999999999983 -0.7071067811865477
vn -0.7071067811865475 0.7071067811865475 0
vn -0.5 0.5 0.7071067811865475
vn -4.329780281177466e-17 4.329780281177466e-17 1
vn 0.4999999999999999 -0.4999999999999999 0.7071067811865476
vn 0.7071067811865475 -0.7071067811865475 1.2246467991473532e-16
vn 0.5000000000000001 -0.5000000000000001 -0.7071067811865475
vn 1.2989340843532398e-16 -1.2989340843532398e-16 -1
vn -0.49999999999999983 0.49999999999999983 -0.7071067811865477
vn -0.7071067811865475 0.7071067811865475 0
vn -0.5 0.5 0.7071067811865475
vn -4.329780281177466e-17 4.329780281177466e-17 1
vn 0.4999999999999999 -0.4999999999999999 0.7071067811865476
vn 0.7071067811865475 -0.7071067811865475 1.2246467991473532e-16
vn 0.5000000000000001 -0.5000000000000001 -0.7071067811865475
vn 1.2989340843532398e-16 -1.2989340843532398e-16 -1
vn -0.49999999999999983 0.49999999999999983 -0.7071067811865477
vn -0.7071067811865475 0.7071067811865475 0
vn -0.5 0.5 0.7071067811865475
vn -4.329780281177466e-17 4.329780281177466e-17 1
vn 0.4999999999999999 -0.4999999999999999 0.7071067811865476
vn 0.7071067811865475 -0.7071067811865475 1.2246467991473532e-16
vn 0.5000000000000001 -0.5000000000000001 -0.7071067811865475
vn 1.2989340843532398e-16 -1.2989340843532398e-16 -1
vn -0.49999999999999983 0.49999999999999983 -0.7071067811865477
vn -0.7071067811865475 0.7071067811865475 0
vn -0.5 0.5 0.7071067811865475
vn -4.329780281177466e-17 4.329780281177466e-17 1
vn 0.4999999999999999 -0.4999999999999999 0.7071067811865476
vn 0.7071067811865475 -0.7071067811865475 1.2246467991473532e-16
vn 0.5000000000000001 -0.5000000000000001 -0.7071067811865475
vn 1.2989340843532398e-16 -1.2989340843532398e-16 -1
vn -0.49999999999999983 0.49999999999999983 -0.7071067811865477
vn -0.7071067811865475 0.7071067811865475 0
vn -0.5 0.5 0.7071067811865475
vn -4.329780281177466e-17 4.329780281177466e-17 1
vn 0.4999999999999999 -0.4999999999999999 0.7071067811865476
vn 0.7071067811865475 -0.7071067811865475 1.2246467991473532e-16
vn 0.5000000000000001 -0.5000000000000001 -0.7071067811865475
vn 1.2989340843532398e-16 -1.2989340843532398e-16 -1
vn -0.49999999999999983 0.49999999999999983 -0.7071067811865477
vn -0.7071067811865475 0.7071067811865475 0
vn -0.5 0.5 0.7071067811865475
vn -4.329780281177466e-17 4.329780281177466e-17 1
vn 0.4999999999999999 -0.4999999999999999 0.7071067811865476
vn 0.7071067811865475 -0.7071067811865475 1.2246467991473532e-16
vn 0.5000000000000001 -0.5000000000000001 -0.7071067811865475
vn 1.2989340843532398e-16 -1.2989340843532398e-16 -1
vn -0.49999999999999983 0.49999999999999983 -0.7071067811865477
vn -0.7071067811865475 0.7071067811865475 0
vn -0.5 0.5 0.7071067811865475
vn -4.329780281177466e-17 4.329780281177466e-17 1
vn 0.4999999999999999 -0.4999999999999999 0.7071067811865476
vn 0.7071067811865475 -0.7071067811865475 1.2246467991473532e-16
vn 0.5000000000000001 -0.5000000000000001 -0.7071067811865475
vn 1.2989340843532398e-16 -1.2989340843532398e-16 -1
vn -0.49999999999999983 0.49999999999999983 -0.7071067811865477
vn -0.7071067811865475 0.7071067811865475 0
vn -0.5 0.5 0.7071067811865475
vn -4.329780281177466e-17 4.329780281177466e-17 1
vn 0.4999999999999999 -0.4999999999999999 0.7071067811865476
vn 0.7071067811865475 -0.7071067811865475 1.2246467991473532e-16
vn 0.5000000000000001 -0.5000000000000001 -0.7071067811865475
vn 1.2989340843532398e-16 -1.2989340843532398e-16 -1
vn -0.49999999999999983 0.49999999999999983 -0.7071067811865477
vn -0.7071067811865475 0.7071067811865475 0
vn -0.5 0.5 0.7071067811865475
vn -4.329780281177466e-17 4.329780281177466e-17 1
vn 0.4999999999999999 -0.4999999999999999 0.7071067811865476
vn 0.7071067811865475 -0.7071067811865475 1.2246467991473532e-16
vn 0.5000000000000001 -0.5000000000000001 -0.7071067811865475
vn 1.2989340843532398e-16 -1.2989340843532398e-16 -1
vn -0.49999999999999983 0.49999999999999983 -0.7071067811865477
vn -0.7071067811865475 0.7071067811865475 0
vn -0.5 0.5 0.7071067811865475
vn -4.329780281177466e-17 4.329780281177466e-17 1
vn 0.4999999999999999 -0.4999999999999999 0.7071067811865476
vn 0.7071067811865475 -0.7071067811865475 1.2246467991473532e-16
vn 0.5000000000000001 -0.5000000000000001 -0.7071067811865475
vn 1.2989340843532398e-16 -1.2989340843532398e-16 -1
vn -0.49999999999999983 0.49999999999999983 -0.7071067811865477
vn -0.7071067811865475 0.7071067811865475 0
vn -0.5 0.5 0.7071067811865475
vn -4.329780281177466e-17 4.329780281177466e-17 1
vn 0.4999999999999999 -0.4999999999999999 0.7071067811865476
vn 0.7071067811865475 -0.7071067811865475 1.2246467991473532e-16
vn 0.5000000000000001 -0.5000000000000001 -0.7071067811865475
vn 1.2989340843532398e-16 -1.2989340843532398e-16 -1
vn -0.49999999999999983 0.49999999999999983 -0.7071067811865477
vn -0.7071067811865475 0.7071067811865475 0
vn -0.5 0.5 0.7071067811865475
vn -4.329780281177466e-17 4.329780281177466e-17 1
vn 0.4999999999999999 -0.4999999999999999 0.7071067811865476
vn 0.7071067811865475 -0.7071067811865475 1.2246467991473532e-16
vn 0.5000000000000001 -0.5000000000000001 -0.7071067811865475
vn 1.2989340843532398e-16 -1.2989340843532398e-16 -1
vn -0.49999999999999983 0.49999999999999983 -0.7071067811865477
vn -0.7071067811865475 0.7071067811865475 0
vn -0.5 0.5 0.7071067811865475
vn -4.329780281177466e-17 4.329780281177466e-17 1
vn 0.4999999999999999 -0.4999999999999999 0.7071067811865476
vn 0.7071067811865475 -0.7071067811865475 1.2246467991473532e-16
vn 0.5000000000000001 -0.5000000000000001 -0.7071067811865475
vn 1.2989340843532398e-16 -1.2989340843532398e-16 -1
vn -0.49999999999999983 0.49999999999999983 -0.7071067811865477
vn -0.7071067811865475 0.7071067811865475 0
vn -0.5 0.5 0.7071067811865475
vn -4.329780281177466e-17 4.329780281177466e-17 1
vn 0.4999999999999999 -0.4999999999999999 0.7071067811865476
vn 0.7071067811865475 -0.7071067811865475 1.2246467991473532e-16
vn 0.5000000000000001 -0.5000000000000001 -0.7071067811865475
vn 1.2989340843532398e-16 -1.2989340843532398e-16 -1
vn -0.49999999999999983 0.49999999999999983 -0.7071067811865477
vn -0.7071067811865475 0.7071067811865475 0
vn -0.5 0.5 0.7071067811865475
vn -4.329780281177466e-17 4.329780281177466e-17 1
vn 0.4999999999999999 -0.4999999999999999 0.7071067811865476
vn 0.7071067811865475 -0.7071067811865475 1.2246467991473532e-16
vn 0.5000000000000001 -0.5000000000000001 -0.7071067811865475
vn 1.2989340843532398e-16 -1.2989340843532398e-16 -1
vn -0.49999999999999983 0.49999999999999983 -0.7071067811865477
vn -0.7071067811865475 0.7071067811865475 0
vn -0.5 0.5 0.7071067811865475
vn -4.329780281177466e-17 4.329780281177466e-17 1
vn 0.4999999999999999 -0.4999999999999999 0.7071067811865476
vn 0.7071067811865475 -0.7071067811865475 1.2246467991473532e-16
vn 0.5000000000000001 -0.5000000000000001 -0.7071067811865475
vn 1.2989340843532398e-16 -1.2989340843532398e-16 -1
vn -0.49999999999999983 0.49999999999999983 -0.7071067811865477
vn -0.7071067811865475 0.7071067811865475 0
vn -0.5 0.5 0.7071067811865475
vn -4.329780281177466e-17 4.329780281177466e-17 1
vn 0.4999999999999999 -0.4999999999999999 0.7071067811865476
vn 0.7071067811865475 -0.7071067811865475 1.2246467991473532e-16
vn 0.5000000000000001 -0.5000000000000001 -0.7071067811865475
vn 1.2989340843532398e-16 -1.2989340843532398e-16 -1
vn -0.49999999999999983 0.49999999999999983 -0.7071067811865477
vn -0.7071067811865475 0.7071067811865475 0
vn -0.5 0.5 0.7071067811865475
vn -4.329780281177466e-17 4.329780281177466e-17 1
vn 0.4999999999999999 -0.4999999999999999 0.7071067811865476
vn 0.7071067811865475 -0.7071067811865475 1.2246467991473532e-16
vn 0.5000000000000001 -0.5000000000000001 -0.7071067811865475
vn 1.2989340843532398e-16 -1.2989340843532398e-16 -1
vn -0.49999999999999983 0.49999999999999983 -0.7071067811865477
vn -0.7071067811865475 0.7071067811865475 0
vn -0.5 0.5 0.7071067811865475
vn -4.329780281177466e-17 4.329780281177466e-17 1
vn 0.4999999999999999 -0.4999999999999999 0.7071067811865476
vn 0.7071067811865475 -0.7071067811865475 1.2246467991473532e-16
vn 0.5000000000000001 -0.5000000000000001 -0.7071067811865475
vn 1.2989340843532398e-16 -1.2989340843532398e-16 -1
vn -0.49999999999999983 0.49999999999999983 -0.7071067811865477
vn -0.7071067811865475 0.7071067811865475 0
vn -0.5 0.5 0.7071067811865475
vn -4.329780281177466e-17 4.329780281177466e-17 1
vn 0.4999999999999999 -0.4999999999999999 0.7071067811865476
vn 0.7071067811865475 -0.7071067811865475 1.2246467991473532e-16
vn 0.5000000000000001 -0.5000000000000001 -0.7071067811865475
vn 1.2989340843532398e-16 -1.2989340843532398e-16 -1
vn -0.49999999999999983 0.49999999999999983 -0.7071067811865477
vn -0.7071067811865475 0.7071067811865475 0
vn -0.5 0.5 0.7071067811865475
vn -4.329780281177466e-17 4.329780281177466e-17 1
vn 0.4999999999999999 -0.4999999999999999 0.7071067811865476
vn 0.7071067811865475 -0.7071067811865475 1.2246467991473532e-16
vn 0.5000000000000001 -0.5000000000000001 -0.7071067811865475
vn 1.2989340843532398e-16 -1.2989340843532398e-16 -1
vn -0.49999999999999983 0.49999999999999983 -0.7071067811865477
vn -0.7071067811865475 0.7071067811865475 0
vn -0.5 0.5 0.7071067811865475
vn -4.329780281177466e-17 4.329780281177466e-17 1
vn 0.4999999999999999 -0.4999999999999999 0.7071067811865476
vn 0.7071067811865475 -0.7071067811865475 1.2246467991473532e-16
vn 0.5000000000000001 -0.5000000000000001 -0.7071067811865475
vn 1.2989340843532398e-16 -1.2989340843532398e-16 -1
vn -0.49999999999999983 0.49999999999999983 -0.7071067811865477
vn -0.7071067811865475 0.7071067811865475 0
vn -0.5 0.5 0.7071067811865475
vn -4.329780281177466e-17 4.329780281177466e-17 1
vn 0.4999999999999999 -0.4999999999999999 0.7071067811865476
vn 0.7071067811865475 -0.7071067811865475 1.2246467991473532e-16
vn 0.5000000000000001 -0.5000000000000001 -0.7071067811865475
vn 1.2989340843532398e-16 -1.2989340843532398e-16 -1
vn -0.49999999999999983 0.49999999999999983 -0.7071067811865477
vn -0.7071067811865475 0.7071067811865475 0
vn -0.5 0.5 0.7071067811865475
vn -4.329780281177466e-17 4.329780281177466e-17 1
vn 0.4999999999999999 -0.4999999999999999 0.7071067811865476
vn 0.7071067811865475 -0.7071067811865475 1.2246467991473532e-16
vn 0.5000000000000001 -0.5000000000000001 -0.7071067811865475
vn 1.2989340843532398e-16 -1.2989340843532398e-16 -1
vn -0.49999999999999983 0.49999999999999983 -0.7071067811865477
vn -0.7071067811865475 0.7071067811865475 0
vn -0.5 0.5 0.7071067811865475
vn -4.329780281177466e-17 4.329780281177466e-17 1
vn 0.4999999999999999 -0.4999999999999999 0.7071067811865476
vn 0.7071067811865475 -0.7071067811865475 1.2246467991473532e-16
vn 0.5000000000000001 -0.5000000000000001 -0.7071067811865475
vn 1.2989340843532398e-16 -1.2989340843532398e-16 -1
vn -0.49999999999999983 0.49999999999999983 -0.7071067811865477
vn -0.7071067811865475 0.7071067811865475 0
vn -0.5 0.5 0.7071067811865475
vn -4.329780281177466e-17 4.329780281177466e-17 1
vn 0.4999999999999999 -0.4999999999999999 0.7071067811865476
vn 0.7071067811865475 -0.7071067811865475 1.2246467991473532e-16
vn 0.5000000000000001 -0.5000000000000001 -0.7071067811865475
vn 1.2989340843532398e-16 -1.2989340843532398e-16 -1
vn -0.49999999999999983 0.49999999999999983 -0.7071067811865477
vn -0.7071067811865475 0.7071067811865475 0
vn -0.5 0.5 0.7071067811865475
vn -4.329780281177466e-17 4.329780281177466e-17 1
vn 0.4999999999999999 -0.4999999999999999 0.7071067811865476
vn 0.7071067811865475 -0.7071067811865475 1.2246467991473532e-16
vn 0.5000000000000001 -0.5000000000000001 -0.7071067811865475
vn 1.2989340843532398e-16 -1.2989340843532398e-16 -1
vn -0.49999999999999983 0.49999999999999983 -0.7071067811865477
vn -0.7071067811865475 0.7071067811865475 0
vn -0.5 0.5 0.7071067811865475
vn -4.329780281177466e-17 4.329780281177466e-17 1
vn 0.4999999999999999 -0.4999999999999999 0.7071067811865476
vn 0.7071067811865475 -0.7071067811865475 1.2246467991473532e-16
vn 0.5000000000000001 -0.5000000000000001 -0.7071067811865475
vn 1.2989340843532398e-16 -1.2989340843532398e-16 -1
vn -0.49999999999999983 0.49999999999999983 -0.7071067811865477
vn -0.7071067811865475 0.7071067811865475 0
vn -0.5 0.5 0.7071067811865475
vn -4.329780281177466e-17 4.329780281177466e-17 1
vn 0.4999999999999999 -0.4999999999999999 0.7071067811865476
vn 0.7071067811865475 -0.7071067811865475 1.2246467991473532e-16
vn 0.5000000000000001 -0.5000000000000001 -0.7071067811865475
vn 1.2989340843532398e-16 -1.2989340843532398e-16 -1
vn -0.49999999999999983 0.49999999999999983 -0.7071067811865477
vn -0.7071067811865475 0.7071067811865475 0
vn -0.5 0.5 0.7071067811865475
vn -4.329780281177466e-17 4.329780281177466e-17 1
vn 0.4999999999999999 -0.4999999999999999 0.7071067811865476
vn 0.7071067811865475 -0.7071067811865475 1.2246467991473532e-16
vn 0.5000000000000001 -0.5000000000000001 -0.7071067811865475
vn 1.2989340843532398e-16 -1.2989340843532398e-16 -1
vn -0.49999999999999983 0.49999999999999983 -0.7071067811865477
vn -0.7071067811865475 0.7071067811865475 0
vn -0.5 0.5 0.7071067811865475
vn -4.329780281177466e-17 4.329780281177466e-17 1
vn 0.4999999999999999 -0.4999999999999999 0.7071067811865476
vn 0.7071067811865475 -0.7071067811865475 1.2246467991473532e-16
vn 0.5000000000000001 -0.5000000000000001 -0.7071067811865475
vn 1.2989340843532398e-16 -1.2989340843532398e-16 -1
vn -0.49999999999999983 0.49999999999999983 -0.7071067811865477
vn -0.7071067811865475 0.7071067811865475 0
vn -0.5 0.5 0.7071067811865475
vn -4.329780281177466e-17 4.329780281177466e-17 1
vn 0.4999999999999999 -0.4999999999999999 0.7071067811865476
vn 0.7071067811865475 -0.7071067811865475 1.2246467991473532e-16
vn 0.5000000000000001 -0.5000000000000001 -0.7071067811865475
vn 1.2989340843532398e-16 -1.2989340843532398e-16 -1
vn -0.49999999999999983 0.49999999999999983 -0.7071067811865477
vn -0.7071067811865475 0.7071067811865475 0
vn -0.5 0.5 0.7071067811865475
vn -4.329780281177466e-17 4.329780281177466e-17 1
vn 0.4999999999999999 -0.4999999999999999 0.7071067811865476
vn 0.7071067811865475 -0.7071067811865475 1.2246467991473532e-16
vn 0.5000000000000001 -0.5000000000000001 -0.7071067811865475
vn 1.2989340843532398e-16 -1.2989340843532398e-16 -1
vn -0.49999999999999983 0.49999999999999983 -0.7071067811865477
vn -0.7071067811865475 0.7071067811865475 0
vn -0.5 0.5 0.7071067811865475
vn -4.329780281177466e-17 4.329780281177466e-17 1
vn 0.4999999999999999 -0.4999999999999999 0.7071067811865476
vn 0.7071067811865475 -0.7071067811865475 1.2246467991473532e-16
vn 0.5000000000000001 -0.5000000000000001 -0.7071067811865475
vn 1.2989340843532398e-16 -1.2989340843532398e-16 -1
vn -0.49999999999999983 0.49999999999999983 -0.7071067811865477
vn -0.7071067811865475 0.7071067811865475 0
vn -0.5 0.5 0.7071067811865475
vn -4.329780281177466e-17 4.329780281177466e-17 1
vn 0.4999999999999999 -0.4999999999999999 0.7071067811865476
vn 0.7071067811865475 -0.7071067811865475 1.2246467991473532e-16
vn 0.5000000000000001 -0.5000000000000001 -0.7071067811865475
vn 1.2989340843532398e-16 -1.2989340843532398e-16 -1
vn -0.49999999999999983 0.49999999999999983 -0.7071067811865477
vn -0.7071067811865475 0.7071067811865475 0
vn -0.5 0.5 0.7071067811865475
vn -4.329780281177466e-17 4.329780281177466e-17 1
vn 0.4999999999999999 -0.4999999999999999 0.7071067811865476
vn 0.7071067811865475 -0.7071067811865475 1.2246467991473532e-16
vn 0.5000000000000001 -0.5000000000000001 -0.7071067811865475
vn 1.2989340843532398e-16 -1.2989340843532398e-16 -1
vn -0.49999999999999983 0.49999999999999983 -0.7071067811865477
vn -0.7071067811865475 0.7071067811865475 0
vn -0.5 0.5 0.7071067811865475
vn -4.329780281177466e-17 4.329780281177466e-17 1
vn 0.4999999999999999 -0.4999999999999999 0.7071067811865476
vn 0.7071067811865475 -0.7071067811865475 1.2246467991473532e-16
vn 0.5000000000000001 -0.5000000000000001 -0.7071067811865475
vn 1.2989340843532398e-16 -1.2989340843532398e-16 -1
vn -0.49999999999999983 0.49999999999999983 -0.7071067811865477
vn -0.7071067811865475 0.7071067811865475 0
vn -0.5 0.5 0.7071067811865475
vn -4.329780281177466e-17 4.329780281177466e-17 1
vn 0.4999999999999999 -0.4999999999999999 0.7071067811865476
vn 0.7071067811865475 -0.7071067811865475 1.2246467991473532e-16
vn 0.5000000000000001 -0.5000000000000001 -0.7071067811865475
vn 1.2989340843532398e-16 -1.2989340843532398e-16 -1
vn -0.49999999999999983 0.49999999999999983 -0.7071067811865477
vn -0.7071067811865475 0.7071067811865475 0
vn -0.5 0.5 0.7071067811865475
vn -4.329780281177466e-17 4.329780281177466e-17 1
vn 0.4999999999999999 -0.4999999999999999 0.7071067811865476
vn 0.7071067811865475 -0.7071067811865475 1.2246467991473532e-16
vn 0.5000000000000001 -0.5000000000000001 -0.7071067811865475
vn 1.2989340843532398e-16 -1.2989340843532398e-16 -1
vn -0.49999999999999983 0.49999999999999983 -0.7071067811865477
vn -0.7071067811865475 0.7071067811865475 0
vn -0.5 0.5 0.7071067811865475
vn -4.329780281177466e-17 4.329780281177466e-17 1
vn 0.4999999999999999 -0.4999999999999999 0.7071067811865476
vn 0.7071067811865475 -0.7071067811865475 1.2246467991473532e-16
vn 0.5000000000000001 -0.5000000000000001 -0.7071067811865475
vn 1.2989340843532398e-16 -1.2989340843532398e-16 -1
vn -0.49999999999999983 0.49999999999999983 -0.7071067811865477
vn -0.7071067811865475 0.7071067811865475 0
vn -0.5 0.5 0.7071067811865475
vn -4.329780281177466e-17 4.329780281177466e-17 1
vn 0.4999999999999999 -0.4999999999999999 0.7071067811865476
vn 0.7071067811865475 -0.7071067811865475 1.2246467991473532e-16
vn 0.5000000000000001 -0.5000000000000001 -0.7071067811865475
vn 1.2989340843532398e-16 -1.2989340843532398e-16 -1
vn -0.49999999999999983 0.49999999999999983 -0.7071067811865477
vn -0.7071067811865475 0.7071067811865475 0
vn -0.5 0.5 0.7071067811865475
vn -4.329780281177466e-17 4.329780281177466e-17 1
vn 0.4999999999999999 -0.4999999999999999 0.7071067811865476
vn 0.7071067811865475 -0.7071067811865475 1.2246467991473532e-16
vn 0.5000000000000001 -0.5000000000000001 -0.7071067811865475
vn 1.2989340843532398e-16 -1.2989340843532398e-16 -1
vn -0.49999999999999983 0.49999999999999983 -0.7071067811865477
vn -0.7071067811865475 0.7071067811865475 0
vn -0.5 0.5 0.7071067811865475
vn -4.329780281177466e-17 4.329780281177466e-17 1
vn 0.4999999999999999 -0.4999999999999999 0.7071067811865476
vn 0.7071067811865475 -0.7071067811865475 1.2246467991473532e-16
vn 0.5000000000000001 -0.5000000000000001 -0.7071067811865475
vn 1.2989340843532398e-16 -1.2989340843532398e-16 -1
vn -0.49999999999999983 0.49999999999999983 -0.7071067811865477
vn -0.7071067811865475 0.7071067811865475 0
vn -0.5 0.5 0.7071067811865475
vn -4.329780281177466e-17 4.329780281177466e-17 1
vn 0.4999999999999999 -0.4999999999999999 0.7071067811865476
vn 0.7071067811865475 -0.7071067811865475 1.2246467991473532e-16
vn 0.5000000000000001 -0.5000000000000001 -0.7071067811865475
vn 1.2989340843532398e-16 -1.2989340843532398e-16 -1
vn -0.49999999999999983 0.49999999999999983 -0.7071067811865477
vn -0.7071067811865475 0.7071067811865475 0
vn -0.5 0.5 0.7071067811865475
vn -4.329780281177466e-17 4.329780281177466e-17 1
vn 0.4999999999999999 -0.4999999999999999 0.7071067811865476
vn 0.7071067811865475 -0.7071067811865475 1.2246467991473532e-16
vn 0.5000000000000001 -0.5000000000000001 -0.7071067811865475
vn 1.2989340843532398e-16 -1.2989340843532398e-16 -1
vn -0.49999999999999983 0.49999999999999983 -0.7071067811865477
vn -0.7071067811865475 0.7071067811865475 0
vn -0.5 0.5 0.7071067811865475
vn -4.329780281177466e-17 4.329780281177466e-17 1
vn 0.4999999999999999 -0.4999999999999999 0.7071067811865476
vn 0.7071067811865475 -0.7071067811865475 1.2246467991473532e-16
vn 0.5000000000000001 -0.5000000000000001 -0.7071067811865475
vn 1.2989340843532398e-16 -1.2989340843532398e-16 -1
vn -0.49999999999999983 0.49999999999999983 -0.7071067811865477
vn -0.7071067811865475 0.7071067811865475 0
vn -0.5 0.5 0.7071067811865475
vn -4.329780281177466e-17 4.329780281177466e-17 1
vn 0.4999999999999999 -0.4999999999999999 0.7071067811865476
vn 0.7071067811865475 -0.7071067811865475 1.2246467991473532e-16
vn 0.5000000000000001 -0.5000000000000001 -0.7071067811865475
vn 1.2989340843532398e-16 -1.2989340843532398e-16 -1
vn -0.49999999999999983 0.49999999999999983 -0.7071067811865477
f 1//1 2//2 10//10 9//9
f 2//2 3//3 11//11 10//10
f 3//3 4//4 12//12 11//11
f 4//4 5//5 13//13 12//12
f 5//5 6//6 14//14 13//13
f 6//6 7//7 15//15 14//14
f 7//7 8//8 16//16 15//15
f 8//8 1//1 9//9 16//16
f 9//9 10//10 18//18 17//17
f 10//10 11//11 19//19 18//18
f 11//11 12//12 20//20 19//19
f 12//12 13//13 21//21 20//20
f 13//13 14//14 22//22 21//21
f 14//14 15//15 23//23 22//22
f 15//15 16//16 24//24 23//23
f 16//16 9//9 17//17 24//24
f 17//17 18//18 26//26 25//25
f 18//18 19//19 27//27 26//26
f 19//19 20//20 28//28 27//27
f 20//20 21//21 29//29 28//28
f 21//21 22//22 30//30 29//29
f 22//22 23//23 31//31 30//30
f 23//23 24//24 32//32 31//31
f 24//24 17//17 25//25 32//32
f 33//33 34//34 42//42 41//41
f 34//34 35//35 43//43 42//42
f 35//35 36//36 44//44 43//43
f 36//36 37//37 45//45 44//44
f 37//37 38//38 46//46 45//45
f 38//38 39//39 47//47 46//46
f 39//39 40//40 48//48 47//47
f 40//40 33//33 41//41 48//48
f 41//41 42//42 50//50 49//49
f 42//42 43//43 51//51 50//50
f 43//43 44//44 52//52 51//51
f 44//44 45//45 53//53 52//52
f 45//45 46//46 54//54 53//53
f 46//46 47//47 55//55 54//54
f 47//47 48//48 56//56 55//55
f 48//48 41//41 49//49 56//56
f 49//49 50//50 58//58 57//57
f 50//50 51//51 59//59 58//58
f 51//51 52//52 60//60 59//59
f 52//52 53//53 61//61 60//60
f 53//53 54//54 62//62 61//61
f 54//54 55//55 63//63 62//62
f 55//55 56//56 64//64 63//63
f 56//56 49//49 57//57 64//64
f 57//57 58//58 66//66 65//65
f 58//58 59//59 67//67 66//66
f 59//59 60//60 68//68 67//67
f 60//60 61//61 69//69 68//68
f 61//61 62//62 70//70 69//69
f 62//62 63//63 71//71 70//70
f 63//63 64//64 72//72 71//71
f 64//64 57//57 65//65 72//72
f 65//65 66//66 74//74 73//73
f 66//66 67//67 75//75 74//74
f 67//67 68//68 76//76 75//75
f 68//68 69//69 77//77 76//76
f 69//69 70//70 78//78 77//77
f 70//70 71//71 79//79 78//78
f 71//71 72//72 80//80 79//79
f 72//72 65//65 73//73 80//80
f 73//73 74//74 82//82 81//81
f 74//74 75//75 83//83 82//82
f 75//75 76//76 84//84 83//83
f 76//76 77//77 85//85 84//84
f 77//77 78//78 86//86 85//85
f 78//78 79//79 87//87 86//86
f 79//79 80//80 88//88 87//87
f 80//80 73//73 81//81 88//88
f 81//81 82//82 90//90 89//89
f 82//82 83//83 91//91 90//90
f 83//83 84//84 92//92 91//91
f 84//84 85//85 93//93 92//92
f 85//85 86//86 94//94 93//93
f 86//86 87//87 95//95 94//94
f 87//87 88//88 96//96 95//95
f 88//88 81//81 89//89 96//96
f 89//89 90//90 98//98 97//97
f 90//90 91//91 99//99 98//98
f 91//91 92//92 100//100 99//99
f 92//92 93//93 101//101 100//100
f 93//93 94//94 102//102 101//101
f 94//94 95//95 103//103 102//102
f 95//95 96//96 104//104 103//103
f 96//96 89//89 97//97 104//104
f 97//97 98//98 106//106 105//105
f 98//98 99//99 107//107 106//106
f 99//99 100//100 108//108 107//107
f 100//100 101//101 109//109 108//108
f 101//101 102//102 110//110 109//109
f 102//102 103//103 111//111 110//110
f 103//103 104//104 112//112 111//111
f 104//104 97//97 105//105 112//112
f 113//113 114//114 122//122 121//121
f 114//114 115//115 123//123 122//122
f 115//115 116//116 124//124 123//123
f 116//116 117//117 125//125 124//124
f 117//117 118//118 126//126 125//125
f 118//118 119//119 127//127 126//126
f 119//119 120//120 128//128 127//127
f 120//120 113//113 121//121 128//128
f 121//121 122//122 130//130 129//129
f 122//122 123//123 131//131 130//130
f 123//123 124//124 132//132 131//131
f 124//124 125//125 133//133 132//132
f 125//125 126//126 134//134 133//133
f 126//126 127//127 135//135 134//134
f 127//127 128//128 136//136 135//135
f 128//128 121//121 129//129 136//136
f 129//129 130//130 138//138 137//137
f 130//130 131//131 139//139 138//138
f 131//131 132//132 140//140 139//139
f 132//132 133//133 141//141 140//140
f 133//133 134//134 142//142 141//141
f 134//134 135//135 143//143 142//142
f 135//135 136//136 144//144 143//143
f 136//136 129//129 137//137 144//144
f 137//137 138//138 146//146 145//145
f 138//138 139//139 147//147 146//146
f 139//139 140//140 148//148 147//147
f 140//140 141//141 149//149 148//148
f 141//141 142//142 150//150 149//149
f 142//142 143//143 151//151 150//150
f 143//143 144//144 152//152 151//151
f 144//144 137//137 145//145 152//152
f 145//145 146//146 154//154 153//153
f 146//146 147//147 155//155 154//154
f 147//147 148//148 156//156 155//155
f 148//148 149//149 157//157 156//156
f 149//149 150//150 158//158 157//157
f 150//150 151//151 159//159 158//158
f 151//151 152//152 160//160 159//159
f 152//152 145//145 153//153 160//160
f 153//153 154//154 162//162 161//161
f 154//154 155//155 163//163 162//162
f 155//155 156//156 164//164 163//163
f 156//156 157//157 165//165 164//164
f 157//157 158//158 166//166 165//165
f 158//158 159//159 167//167 166//166
f 159//159 160//160 168//168 167//167
f 160//160 153//153 161//161 168//168
f 161//161 162//162 170//170 169//169
f 162//162 163//163 171//171 170//170
f 163//163 164//164 172//172 171//171
f 164//164 165//165 173//173 172//172
f 165//165 166//166 174//174 173//173
f 166//166 167//167 175//175 174//174
f 167//167 168//168 176//176 175//175
f 168//168 161//161 169//169 176//176
f 169//169 170//170 178//178 177//177
f 170//170 171//171 179//179 178//178
f 171//171 172//172 180//180 179//179
f 172//172 173//173 181//181 180//180
f 173//173 174//174 182//182 181//181
f 174//174 175//175 183//183 182//182
f 175//175 176//176 184//184 183//183
f 176//176 169//169 177//177 184//184
f 177//177 178//178 186//186 185//185
f 178//178 179//179 187//187 186//186
f 179//179 180//180 188//188 187//187
f 180//180 181//181 189//189 188//188
f 181//181 182//182 190//190 189//189
f 182//182 183//183 191//191 190//190
f 183//183 184//184 192//192 191//191
f 184//184 177//177 185//185 192//192
f 185//185 186//186 194//194 193//193
f 186//186 187//187 195//195 194//194
f 187//187 188//188 196//196 195//195
f 188//188 189//189 197//197 196//196
f 189//189 190//190 198//198 197//197
f 190//190 191//191 199//199 198//198
f 191//191 192//192 200//200 199//199
f 192//192 185//185 193//193 200//200
f 193//193 194//194 202//202 201//201
f 194//194 195//195 203//203 202//202
f 195//195 196//196 204//204 203//203
f 196//196 197//197 205//205 204//204
f 197//197 198//198 206//206 205//205
f 198//198 199//199 207//207 206//206
f 199//199 200//200 208//208 207//207
f 200//200 193//193 201//201 208//208
f 201//201 202//202 210//210 209//209
f 202//202 203//203 211//211 210//210
f 203//203 204//204 212//212 211//211
f 204//204 205//205 213//213 212//212
f 205//205 206//206 214//214 213//213
f 206//206 207//207 215//215 214//214
f 207//207 208//208 216//216 215//215
f 208//208 201//201 209//209 216//216
f 209//209 210//210 218//218 217//217
f 210//210 211//211 219//219 218//218
f 211//211 212//212 220//220 219//219
f 212//212 213//213 221//221 220//220
f 213//213 214//214 222//222 221//221
f 214//214 215//215 223//223 222//222
f 215//215 216//216 224//224 223//223
f 216//216 209//209 217//217 224//224
f 217//217 218//218 226//226 225//225
f 218//218 219//219 227//227 226//226
f 219//219 220//220 228//228 227//227
f 220//220 221//221 229//229 228//228
f 221//221 222//222 230//230 229//229
f 222//222 223//223 231//231 230//230
f 223//223 224//224 232//232 231//231
f 224//224 217//217 225//225 232//232
f 225//225 226//226 234//234 233//233
f 226//226 227//227 235//235 234//234
f 227//227 228//228 236//236 235//235
f 228//228 229//229 237//237 236//236
f 229//229 230//230 238//238 237//237
f 230//230 231//231 239//239 238//238
f 231//231 232//232 240//240 239//239
f 232//232 225//225 233//233 240//240
f 233//233 234//234 242//242 241//241
f 234//234 235//235 243//243 242//242
f 235//235 236//236 244//244 243//243
f 236//236 237//237 245//245 244//244
f 237//237 238//238 246//246 245//245
f 238//238 239//239 247//247 246//246
f 239//239 240//240 248//248 247//247
f 240//240 233//233 241//241 248//248
f 249//249 250//250 258//258 257//257
f 250//250 251//251 259//259 258//258
f 251//251 252//252 260//260 259//259
f 252//252 253//253 261//261 260//260
f 253//253 254//254 262//262 261//261
f 254//254 255//255 263//263 262//262
f 255//255 256//256 264//264 263//263
f 256//256 249//249 257//257 264//264
f 257//257 258//258 266//266 265//265
f 258//258 259//259 267//267 266//266
f 259//259 260//260 268//268 267//267
f 260//260 261//261 269//269 268//268
f 261//261 262//262 270//270 269//269
f 262//262 263//263 271//271 270//270
f 263//263 264//264 272//272 271//271
f 264//264 257//257 265//265 272//272
f 265//265 266//266 274//274 273//273
f 266//266 267//267 275//275 274//274
f 267//267 268//268 276//276 275//275
f 268//268 269//269 277//277 276//276
f 269//269 270//270 278//278 277//277
f 270//270 271//271 279//279 278//278
f 271//271 272//272 280//280 279//279
f 272//272 265//265 273//273 280//280
f 273//273 274//274 282//282 281//281
f 274//274 275//275 283//283 282//282
f 275//275 276//276 284//284 283//283
f 276//276 277//277 285//285 284//284
f 277//277 278//278 286//286 285//285
f 278//278 279//279 287//287 286//286
f 279//279 280//280 288//288 287//287
f 280//280 273//273 281//281 288//288
f 281//281 282//282 290//290 289//289
f 282//282 283//283 291//291 290//290
f 283//283 284//284 292//292 291//291
f 284//284 285//285 293//293 292//292
f 285//285 286//286 294//294 293//293
f 286//286 287//287 295//295 294//294
f 287//287 288//288 296//296 295//295
f 288//288 281//281 289//289 296//296
f 289//289 290//290 298//298 297//297
f 290//290 291//291 299//299 298//298
f 291//291 292//292 300//300 299//299
f 292//292 293//293 301//301 300//300
f 293//293 294//294 302//302 301//301
f 294//294 295//295 303//303 302//302
f 295//295 296//296 304//304 303//303
f 296//296 289//289 297//297 304//304
f 297//297 298//298 306//306 305//305
f 298//298 299//299 307//307 306//306
f 299//299 300//300 308//308 307//307
f 300//300 301//301 309//309 308//308
f 301//301 302//302 310//310 309//309
f 302//302 303//303 311//311 310//310
f 303//303 304//304 312//312 311//311
f 304//304 297//297 305//305 312//312
f 305//305 306//306 314//314 313//313
f 306//306 307//307 315//315 314//314
f 307//307 308//308 316//316 315//315
f 308//308 309//309 317//317 316//316
f 309//309 310//310 318//318 317//317
f 310//310 311//311 319//319 318//318
f 311//311 312//312 320//320 319//319
f 312//312 305//305 313//313 320//320
f 313//313 314//314 322//322 321//321
f 314//314 315//315 323//323 322//322
f 315//315 316//316 324//324 323//323
f 316//316 317//317 325//325 324//324
f 317//317 318//318 326//326 325//325
f 318//318 319//319 327//327 326//326
f 319//319 320//320 328//328 327//327
f 320//320 313//313 321//321 328//328
f 321//321 322//322 330//330 329//329
f 322//322 323//323 331//331 330//330
f 323//323 324//324 332//332 331//331
f 324//324 325//325 333//333 332//332
f 325//325 326//326 334//334 333//333
f 326//326 327//327 335//335 334//334
f 327//327 328//328 336//336 335//335
f 328//328 321//321 329//329 336//336
f 329//329 330//330 338//338 337//337
f 330//330 331//331 339//339 338//338
f 331//331 332//332 340//340 339//339
f 332//332 333//333 341//341 340//340
f 333//333 334//334 342//342 341//341
f 334//334 335//335 343//343 342//342
f 335//335 336//336 344//344 343//343
f 336//336 329//329 337//337 344//344
f 337//337 338//338 346//346 345//345
f 338//338 339//339 347//347 346//346
f 339//339 340//340 348//348 347//347
f 340//340 341//341 349//349 348//348
f 341//341 342//342 350//350 349//349
f 342//342 343//343 351//351 350//350
f 343//343 344//344 352//352 351//351
f 344//344 337//337 345//345 352//352
f 345//345 346//346 354//354 353//353
f 346//346 347//347 355//355 354//354
f 347//347 348//348 356//356 355//355
f 348//348 349//349 357//357 356//356
f 349//349 350//350 358//358 357//357
f 350//350 351//351 359//359 358//358
f 351//351 352//352 360//360 359//359
f 352//352 345//345 353//353 360//360
f 353//353 354//354 362//362 361//361
f 354//354 355//355 363//363 362//362
f 355//355 356//356 364//364 363//363
f 356//356 357//357 365//365 364//364
f 357//357 358//358 366//366 365//365
f 358//358 359//359 367//367 366//366
f 359//359 360//360 368//368 367//367
f 360//360 353//353 361//361 368//368
f 361//361 362//362 370//370 369//369
f 362//362 363//363 371//371 370//370
f 363//363 364//364 372//372 371//371
f 364//364 365//365 373//373 372//372
f 365//365 366//366 374//374 373//373
f 366//366 367//367 375//375 374//374
f 367//367 368//368 376//376 375//375
f 368//368 361//361 369//369 376//376
f 369//369 370//370 378//378 377//377
f 370//370 371//371 379//379 378//378
f 371//371 372//372 380//380 379//379
f 372//372 373//373 381//381 380//380
f 373//373 374//374 382//382 381//381
f 374//374 375//375 383//383 382//382
f 375//375 376//376 384//384 383//383
f 376//376 369//369 377//377 384//384
f 377//377 378//378 386//386 385//385
f 378//378 379//379 387//387 386//386
f 379//379 380//380 388//388 387//387
f 380//380 381//381 389//389 388//388
f 381//381 382//382 390//390 389//389
f 382//382 383//383 391//391 390//390
f 383//383 384//384 392//392 391//391
f 384//384 377//377 385//385 392//392
f 385//385 386//386 394//394 393//393
f 386//386 387//387 395//395 394//394
f 387//387 388//388 396//396 395//395
f 388//388 389//389 397//397 396//396
f 389//389 390//390 398//398 397//397
f 390//390 391//391 399//399 398//398
f 391//391 392//392 400//400 399//399
f 392//392 385//385 393//393 400//400
f 393//393 394//394 402//402 401//401
f 394//394 395//395 403//403 402//402
f 395//395 396//396 404//404 403//403
f 396//396 397//397 405//405 404//404
f 397//397 398//398 406//406 405//405
f 398//398 399//399 407//407 406//406
f 399//399 400//400 408//408 407//407
f 400//400 393//393 401//401 408//408
f 401//401 402//402 410//410 409//409
f 402//402 403//403 411//411 410//410
f 403//403 404//404 412//412 411//411
f 404//404 405//405 413//413 412//412
f 405//405 406//406 414//414 413//413
f 406//406 407//407 415//415 414//414
f 407//407 408//408 416//416 415//415
f 408//408 401//401 409//409 416//416
f 409//409 410//410 418//418 417//417
f 410//410 411//411 419//419 418//418
f 411//411 412//412 420//420 419//419
f 412//412 413//413 421//421 420//420
f 413//413 414//414 422//422 421//421
f 414//414 415//415 423//423 422//422
f 415//415 416//416 424//424 423//423
f 416//416 409//409 417//417 424//424
f 417//417 418//418 426//426 425//425
f 418//418 419//419 427//427 426//426
f 419//419 420//420 428//428 427//427
f 420//420 421//421 429//429 428//428
f 421//421 422//422 430//430 429//429
f 422//422 423//423 431//431 430//430
f 423//423 424//424 432//432 431//431
f 424//424 417//417 425//425 432//432
f 433//433 434//434 442//442 441//441
f 434//434 435//435 443//443 442//442
f 435//435 436//436 444//444 443//443
f 436//436 437//437 445//445 444//444
f 437//437 438//438 446//446 445//445
f 438//438 439//439 447//447 446//446
f 439//439 440//440 448//448 447//447
f 440//440 433//433 441//441 448//448
f 441//441 442//442 450//450 449//449
f 442//442 443//443 451//451 450//450
f 443//443 444//444 452//452 451//451
f 444//444 445//445 453//453 452//452
f 445//445 446//446 454//454 453//453
f 446//446 447//447 455//455 454//454
f 447//447 448//448 456//456 455//455
f 448//448 441//441 449//449 456//456
f 449//449 450//450 458//458 457//457
f 450//450 451//451 459//459 458//458
f 451//451 452//452 460//460 459//459
f 452//452 453//453 461//461 460//460
f 453//453 454//454 462//462 461//461
f 454//454 455//455 463//463 462//462
f 455//455 456//456 464//464 463//463
f 456//456 449//449 457//457 464//464
f 457//457 458//458 466//466 465//465
f 458//458 459//459 467//467 466//466
f 459//459 460//460 468//468 467//467
f 460//460 461//461 469//469 468//468
f 461//461 462//462 470//470 469//469
f 462//462 463//463 471//471 470//470
f 463//463 464//464 472//472 471//471
f 464//464 457//457 465//465 472//472
f 465//465 466//466 474//474 473//473
f 466//466 467//467 475//475 474//474
f 467//467 468//468 476//476 475//475
f 468//468 469//469 477//477 476//476
f 469//469 470//470 478//478 477//477
f 470//470 471//471 479//479 478//478
f 471//471 472//472 480//480 479//479
f 472//472 465//465 473//473 480//480
f 473//473 474//474 482//482 481//481
f 474//474 475//475 483//483 482//482
f 475//475 476//476 484//484 483//483
f 476//476 477//477 485//485 484//484
f 477//477 478//478 486//486 485//485
f 478//478 479//479 487//487 486//486
f 479//479 480//480 488//488 487//487
f 480//480 473//473 481//481 488//488
f 481//481 482//482 490//490 489//489
f 482//482 483//483 491//491 490//490
f 483//483 484//484 492//492 491//491
f 484//484 485//485 493//493 492//492
f 485//485 486//486 494//494 493//493
f 486//486 487//487 495//495 494//494
f 487//487 488//488 496//496 495//495
f 488//488 481//481 489//489 496//496
f 489//489 490//490 498//498 497//497
f 490//490 491//491 499//499 498//498
f 491//491 492//492 500//500 499//499
f 492//492 493//493 501//501 500//500
f 493//493 494//494 502//502 501//501
f 494//494 495//495 503//503 502//502
f 495//495 496//496 504//504 503//503
f 496//496 489//489 497//497 504//504
f 497//497 498//498 506//506 505//505
f 498//498 499//499 507//507 506//506
f 499//499 500//500 508//508 507//507
f 500//500 501//501 509//509 508//508
f 501//501 502//502 510//510 509//509
f 502//502 503//503 511//511 510//510
f 503//503 504//504 512//512 511//511
f 504//504 497//497 505//505 512//512
f 505//505 506//506 514//514 513//513
f 506//506 507//507 515//515 514//514
f 507//507 508//508 516//516 515//515
f 508//508 509//509 517//517 516//516
f 509//509 510//510 518//518 517//517
f 510//510 511//511 519//519 518//518
f 511//511 512//512 520//520 519//519
f 512//512 505//505 513//513 520//520
f 513//513 514//514 522//522 521//521
f 514//514 515//515 523//523 522//522
f 515//515 516//516 524//524 523//523
f 516//516 517//517 525//525 524//524
f 517//517 518//518 526//526 525//525
f 518//518 519//519 527//527 526//526
f 519//519 520//520 528//528 527//527
f 520//520 513//513 521//521 528//528
f 521//521 522//522 530//530 529//529
f 522//522 523//523 531//531 530//530
f 523//523 524//524 532//532 531//531
f 524//524 525//525 533//533 532//532
f 525//525 526//526 534//534 533//533
f 526//526 527//527 535//535 534//534
f 527//527 528//528 536//536 535//535
f 528//528 521//521 529//529 536//536
f 529//529 530//530 538//538 537//537
f 530//530 531//531 539//539 538//538
f 531//531 532//532 540//540 539//539
f 532//532 533//533 541//541 540//540
f 533//533 534//534 542//542 541//541
f 534//534 535//535 543//543 542//542
f 535//535 536//536 544//544 543//543
f 536//536 529//529 537//537 544//544
f 537//537 538//538 546//546 545//545
f 538//538 539//539 547//547 546//546
f 539//539 540//540 548//548 547//547
f 540//540 541//541 549//549 548//548
f 541//541 542//542 550//550 549//549
f 542//542 543//543 551//551 550//550
f 543//543 544//544 552//552 551//551
f 544//544 537//537 545//545 552//552
f 545//545 546//546 554//554 553//553
f 546//546 547//547 555//555 554//554
f 547//547 548//548 556//556 555//555
f 548//548 549//549 557//557 556//556
f 549//549 550//550 558//558 557//557
f 550//550 551//551 559//559 558//558
f 551//551 552//552 560//560 559//559
f 552//552 545//545 553//553 560//560
f 553//553 554//554 562//562 561//561
f 554//554 555//555 563//563 562//562
f 555//555 556//556 564//564 563//563
f 556//556 557//557 565//565 564//564
f 557//557 558//558 566//566 565//565
f 558//558 559//559 567//567 566//566
f 559//559 560//560 568//568 567//567
f 560//560 553//553 561//561 568//568
f 561//561 562//562 570//570 569//569
f 562//562 563//563 571//571 570//570
f 563//563 564//564 572//572 571//571
f 564//564 565//565 573//573 572//572
f 565//565 566//566 574//574 573//573
f 566//566 567//567 575//575 574//574
f 567//567 568//568 576//576 575//575
f 568//568 561//561 569//569 576//576
f 569//569 570//570 578//578 577//577
f 570//570 571//571 579//579 578//578
f 571//571 572//572 580//580 579//579
f 572//572 573//573 581//581 580//580
f 573//573 574//574 582//582 581//581
f 574//574 575//575 583//583 582//582
f 575//575 576//576 584//584 583//583
f 576//576 569//569 577//577 584//584
f 577//577 578//578 586//586 585//585
f 578//578 579//579 587//587 586//586
f 579//579 580//580 588//588 587//587
f 580//580 581//581 589//589 588//588
f 581//581 582//582 590//590 589//589
f 582//582 583//583 591//591 590//590
f 583//583 584//584 592//592 591//591
f 584//584 577//577 585//585 592//592
f 585//585 586//586 594//594 593//593
f 586//586 587//587 595//595 594//594
f 587//587 588//588 596//596 595//595
f 588//588 589//589 597//597 596//596
f 589//589 590//590 598//598 597//597
f 590//590 591//591 599//599 598//598
f 591//591 592//592 600//600 599//599
f 592//592 585//585 593//593 600//600
f 593//593 594//594 602//602 601//601
f 594//594 595//595 603//603 602//602
f 595//595 596//596 604//604 603//603
f 596//596 597//597 605//605 604//604
f 597//597 598//598 606//606 605//605
f 598//598 599//599 607//607 606//606
f 599//599 600//600 608//608 607//607
f 600//600 593//593 601//601 608//608
f 601//601 602//602 610//610 609//609
f 602//602 603//603 611//611 610//610
f 603//603 604//604 612//612 611//611
f 604//604 605//605 613//613 612//612
f 605//605 606//606 614//614 613//613
f 606//606 607//607 615//615 614//614
f 607//607 608//608 616//616 615//615
f 608//608 601//601 609//609 616//616
f 609//609 610//610 618//618 617//617
f 610//610 611//611 619//619 618//618
f 611//611 612//612 620//620 619//619
f 612//612 613//613 621//621 620//620
f 613//613 614//614 622//622 621//621
f 614//614 615//615 623//623 622//622
f 615//615 616//616 624//624 623//623
f 616//616 609//609 617//617 624//624
f 617//617 618//618 626//626 625//625
f 618//618 619//619 627//627 626//626
f 619//619 620//620 628//628 627//627
f 620//620 621//621 629//629 628//628
f 621//621 622//622 630//630 629//629
f 622//622 623//623 631//631 630//630
f 623//623 624//624 632//632 631//631
f 624//624 617//617 625//625 632//632
f 625//625 626//626 634//634 633//633
f 626//626 627//627 635//635 634//634
f 627//627 628//628 636//636 635//635
f 628//628 629//629 637//637 636//636
f 629//629 630//630 638//638 637//637
f 630//630 631//631 639//639 638//638
f 631//631 632//632 640//640 639//639
f 632//632 625//625 633//633 640//640
f 633//633 634//634 642//642 641//641
f 634//634 635//635 643//643 642//642
f 635//635 636//636 644//644 643//643
f 636//636 637//637 645//645 644//644
f 637//637 638//638 646//646 645//645
f 638//638 639//639 647//647 646//646
f 639//639 640//640 648//648 647//647
f 640//640 633//633 641//641 648//648
f 641//641 642//642 650//650 649//649
f 642//642 643//643 651//651 650//650
f 643//643 644//644 652//652 651//651
f 644//644 645//645 653//653 652//652
f 645//645 646//646 654//654 653//653
f 646//646 647//647 655//655 654//654
f 647//647 648//648 656//656 655//655
f 648//648 641//641 649//649 656//656
f 649//649 650//650 658//658 657//657
f 650//650 651//651 659//659 658//658
f 651//651 652//652 660//660 659//659
f 652//652 653//653 661//661 660//660
f 653//653 654//654 662//662 661//661
f 654//654 655//655 663//663 662//662
f 655//655 656//656 664//664 663//663
f 656//656 649//649 657//657 664//664
f 665//665 666//666 674//674 673//673
f 666//666 667//667 675//675 674//674
f 667//667 668//668 676//676 675//675
f 668//668 669//669 677//677 676//676
f 669//669 670//670 678//678 677//677
f 670//670 671//671 679//679 678//678
f 671//671 672//672 680//680 679//679
f 672//672 665//665 673//673 680//680
f 673//673 674//674 682//682 681//681
f 674//674 675//675 683//683 682//682
f 675//675 676//676 684//684 683//683
f 676//676 677//677 685//685 684//684
f 677//677 678//678 686//686 685//685
f 678//678 679//679 687//687 686//686
f 679//679 680//680 688//688 687//687
f 680//680 673//673 681//681 688//688
f 681//681 682//682 690//690 689//689
f 682//682 683//683 691//691 690//690
f 683//683 684//684 692//692 691//691
f 684//684 685//685 693//693 692//692
f 685//685 686//686 694//694 693//693
f 686//686 687//687 695//695 694//694
f 687//687 688//688 696//696 695//695
f 688//688 681//681 689//689 696//696
f 689//689 690//690 698//698 697//697
f 690//690 691//691 699//699 698//698
f 691//691 692//692 700//700 699//699
f 692//692 693//693 701//701 700//700
f 693//693 694//694 702//702 701//701
f 694//694 695//695 703//703 702//702
f 695//695 696//696 704//704 703//703
f 696//696 689//689 697//697 704//704
f 697//697 698//698 706//706 705//705
f 698//698 699//699 707//707 706//706
f 699//699 700//700 708//708 707//707
f 700//700 701//701 709//709 708//708
f 701//701 702//702 710//710 709//709
f 702//702 703//703 711//711 710//710
f 703//703 704//704 712//712 711//711
f 704//704 697//697 705//705 712//712
f 705//705 706//706 714//714 713//713
f 706//706 707//707 715//715 714//714
f 707//707 708//708 716//716 715//715
f 708//708 709//709 717//717 716//716
f 709//709 710//710 718//718 717//717
f 710//710 711//711 719//719 718//718
f 711//711 712//712 720//720 719//719
f 712//712 705//705 713//713 720//720
f 713//713 714//714 722//722 721//721
f 714//714 715//715 723//723 722//722
f 715//715 716//716 724//724 723//723
f 716//716 717//717 725//725 724//724
f 717//717 718//718 726//726 725//725
f 718//718 719//719 727//727 726//726
f 719//719 720//720 728//728 727//727
f 720//720 713//713 721//721 728//728
f 721//721 722//722 730//730 729//729
f 722//722 723//723 731//731 730//730
f 723//723 724//724 732//732 731//731
f 724//724 725//725 733//733 732//732
f 725//725 726//726 734//734 733//733
f 726//726 727//727 735//735 734//734
f 727//727 728//728 736//736 735//735
f 728//728 721//721 729//729 736//736
f 729//729 730//730 738//738 737//737
f 730//730 731//731 739//739 738//738
f 731//731 732//732 740//740 739//739
f 732//732 733//733 741//741 740//740
f 733//733 734//734 742//742 741//741
f 734//734 735//735 743//743 742//742
f 735//735 736//736 744//744 743//743
f 736//736 729//729 737//737 744//744
f 737//737 738//738 746//746 745//745
f 738//738 739//739 747//747 746//746
f 739//739 740//740 748//748 747//747
f 740//740 741//741 749//749 748//748
f 741//741 742//742 750//750 749//749
f 742//742 743//743 751//751 750//750
f 743//743 744//744 752//752 751//751
f 744//744 737//737 745//745 752//752
f 745//745 746//746 754//754 753//753
f 746//746 747//747 755//755 754//754
f 747//747 748//748 756//756 755//755
f 748//748 749//749 757//757 756//756
f 749//749 750//750 758//758 757//757
f 750//750 751//751 759//759 758//758
f 751//751 752//752 760//760 759//759
f 752//752 745//745 753//753 760//760
f 753//753 754//754 762//762 761//761
f 754//754 755//755 763//763 762//762
f 755//755 756//756 764//764 763//763
f 756//756 757//757 765//765 764//764
f 757//757 758//758 766//766 765//765
f 758//758 759//759 767//767 766//766
f 759//759 760//760 768//768 767//767
f 760//760 753//753 761//761 768//768
f 761//761 762//762 770//770 769//769
f 762//762 763//763 771//771 770//770
f 763//763 764//764 772//772 771//771
f 764//764 765//765 773//773 772//772
f 765//765 766//766 774//774 773//773
f 766//766 767//767 775//775 774//774
f 767//767 768//768 776//776 775//775
f 768//768 761//761 769//769 776//776
f 769//769 770//770 778//778 777//777
f 770//770 771//771 779//779 778//778
f 771//771 772//772 780//780 779//779
f 772//772 773//773 781//781 780//780
f 773//773 774//774 782//782 781//781
f 774//774 775//775 783//783 782//782
f 775//775 776//776 784//784 783//783
f 776//776 769//769 777//777 784//784
f 777//777 778//778 786//786 785//785
f 778//778 779//779 787//787 786//786
f 779//779 780//780 788//788 787//787
f 780//780 781//781 789//789 788//788
f 781//781 782//782 790//790 789//789
f 782//782 783//783 791//791 790//790
f 783//783 784//784 792//792 791//791
f 784//784 777//777 785//785 792//792
f 785//785 786//786 794//794 793//793
f 786//786 787//787 795//795 794//794
f 787//787 788//788 796//796 795//795
f 788//788 789//789 797//797 796//796
f 789//789 790//790 798//798 797//797
f 790//790 791//791 799//799 798//798
f 791//791 792//792 800//800 799//799
f 792//792 785//785 793//793 800//800
f 793//793 794//794 802//802 801//801
f 794//794 795//795 803//803 802//802
f 795//795 796//796 804//804 803//803
f 796//796 797//797 805//805 804//804
f 797//797 798//798 806//806 805//805
f 798//798 799//799 807//807 806//806
f 799//799 800//800 808//808 807//807
f 800//800 793//793 801//801 808//808
f 801//801 802//802 810//810 809//809
f 802//802 803//803 811//811 810//810
f 803//803 804//804 812//812 811//811
f 804//804 805//805 813//813 812//812
f 805//805 806//806 814//814 813//813
f 806//806 807//807 815//815 814//814
f 807//807 808//808 816//816 815//815
f 808//808 801//801 809//809 816//816
f 809//809 810//810 818//818 817//817
f 810//810 811//811 819//819 818//818
f 811//811 812//812 820//820 819//819
f 812//812 813//813 821//821 820//820
f 813//813 814//814 822//822 821//821
f 814//814 815//815 823//823 822//822
f 815//815 816//816 824//824 823//823
f 816//816 809//809 817//817 824//824
f 817//817 818//818 826//826 825//825
f 818//818 819//819 827//827 826//826
f 819//819 820//820 828//828 827//827
f 820//820 821//821 829//829 828//828
f 821//821 822//822 830//830 829//829
f 822//822 823//823 831//831 830//830
f 823//823 824//824 832//832 831//831
f 824//824 817//817 825//825 832//832
f 825//825 826//826 834//834 833//833
f 826//826 827//827 835//835 834//834
f 827//827 828//828 836//836 835//835
f 828//828 829//829 837//837 836//836
f 829//829 830//830 838//838 837//837
f 830//830 831//831 839//839 838//838
f 831//831 832//832 840//840 839//839
f 832//832 825//825 833//833 840//840
f 833//833 834//834 842//842 841//841
f 834//834 835//835 843//843 842//842
f 835//835 836//836 844//844 843//843
f 836//836 837//837 845//845 844//844
f 837//837 838//838 846//846 845//845
f 838//838 839//839 847//847 846//846
f 839//839 840//840 848//848 847//847
f 840//840 833//833 841//841 848//848
f 841//841 842//842 850//850 849//849
f 842//842 843//843 851//851 850//850
f 843//843 844//844 852//852 851//851
f 844//844 845//845 853//853 852//852
f 845//845 846//846 854//854 853//853
f 846//846 847//847 855//855 854//854
f 847//847 848//848 856//856 855//855
f 848//848 841//841 849//849 856//856
f 849//849 850//850 858//858 857//857
f 850//850 851//851 859//859 858//858
f 851//851 852//852 860//860 859//859
f 852//852 853//853 861//861 860//860
f 853//853 854//854 862//862 861//861
f 854//854 855//855 863//863 862//862
f 855//855 856//856 864//864 863//863
f 856//856 849//849 857//857 864//864
f 857//857 858//858 866//866 865//865
f 858//858 859//859 867//867 866//866
f 859//859 860//860 868//868 867//867
f 860//860 861//861 869//869 868//868
f 861//861 862//862 870//870 869//869
f 862//862 863//863 871//871 870//870
f 863//863 864//864 872//872 871//871
f 864//864 857//857 865//865 872//872
f 865//865 866//866 874//874 873//873
f 866//866 867//867 875//875 874//874
f 867//867 868//868 876//876 875//875
f 868//868 869//869 877//877 876//876
f 869//869 870//870 878//878 877//877
f 870//870 871//871 879//879 878//878
f 871//871 872//872 880//880 879//879
f 872//872 865//865 873//873 880//880
f 873//873 874//874 882//882 881//881
f 874//874 875//875 883//883 882//882
f 875//875 876//876 884//884 883//883
f 876//876 877//877 885//885 884//884
f 877//877 878//878 886//886 885//885
f 878//878 879//879 887//887 886//886
f 879//879 880//880 888//888 887//887
f 880//880 873//873 881//881 888//888
f 881//881 882//882 890//890 889//889
f 882//882 883//883 891//891 890//890
f 883//883 884//884 892//892 891//891
f 884//884 885//885 893//893 892//892
f 885//885 886//886 894//894 893//893
f 886//886 887//887 895//895 894//894
f 887//887 888//888 896//896 895//895
f 888//888 881//881 889//889 896//896
f 889//889 890//890 898//898 897//897
f 890//890 891//891 899//899 898//898
f 891//891 892//892 900//900 899//899
f 892//892 893//893 901//901 900//900
f 893//893 894//894 902//902 901//901
f 894//894 895//895 903//903 902//902
f 895//895 896//896 904//904 903//903
f 896//896 889//889 897//897 904//904
f 897//897 898//898 906//906 905//905
f 898//898 899//899 907//907 906//906
f 899//899 900//900 908//908 907//907
f 900//900 901//901 909//909 908//908
f 901//901 902//902 910//910 909//909
f 902//902 903//903 911//911 910//910
f 903//903 904//904 912//912 911//911
f 904//904 897//897 905//905 912//912
f 905//905 906//906 914//914 913//913
f 906//906 907//907 915//915 914//914
f 907//907 908//908 916//916 915//915
f 908//908 909//909 917//917 916//916
f 909//909 910//910 918//918 917//917
f 910//910 911//911 919//919 918//918
f 911//911 912//912 920//920 919//919
f 912//912 905//905 913//913 920//920
f 913//913 914//914 922//922 921//921
f 914//914 915//915 923//923 922//922
f 915//915 916//916 924//924 923//923
f 916//916 917//917 925//925 924//924
f 917//917 918//918 926//926 925//925
f 918//918 919//919 927//927 926//926
f 919//919 920//920 928//928 927//927
f 920//920 913//913 921//921 928//928
f 921//921 922//922 930//930 929//929
f 922//922 923//923 931//931 930//930
f 923//923 924//924 932//932 931//931
f 924//924 925//925 933//933 932//932
f 925//925 926//926 934//934 933//933
f 926//926 927//927 935//935 934//934
f 927//927 928//928 936//936 935//935
f 928//928 921//921 929//929 936//936
f 929//929 930//930 938//938 937//937
f 930//930 931//931 939//939 938//938
f 931//931 932//932 940//940 939//939
f 932//932 933//933 941//941 940//940
f 933//933 934//934 942//942 941//941
f 934//934 935//935 943//943 942//942
f 935//935 936//936 944//944 943//943
f 936//936 929//929 937//937 944//944
f 937//937 938//938 946//946 945//945
f 938//938 939//939 947//947 946//946
f 939//939 940//940 948//948 947//947
f 940//940 941//941 949//949 948//948
f 941//941 942//942 950//950 949//949
f 942//942 943//943 951//951 950//950
f 943//943 944//944 952//952 951//951
f 944//944 937//937 945//945 952//952
f 953//953 954//954 962//962 961//961
f 954//954 955//955 963//963 962//962
f 955//955 956//956 964//964 963//963
f 956//956 957//957 965//965 964//964
f 957//957 958//958 966//966 965//965
f 958//958 959//959 967//967 966//966
f 959//959 960//960 968//968 967//967
f 960//960 953//953 961//961 968//968
f 961//961 962//962 970//970 969//969
f 962//962 963//963 971//971 970//970
f 963//963 964//964 972//972 971//971
f 964//964 965//965 973//973 972//972
f 965//965 966//966 974//974 973//973
f 966//966 967//967 975//975 974//974
f 967//967 968//968 976//976 975//975
f 968//968 961//961 969//969 976//976
f 969//969 970//970 978//978 977//977
f 970//970 971//971 979//979 978//978
f 971//971 972//972 980//980 979//979
f 972//972 973//973 981//981 980//980
f 973//973 974//974 982//982 981//981
f 974//974 975//975 983//983 982//982
f 975//975 976//976 984//984 983//983
f 976//976 969//969 977//977 984//984
f 977//977 978//978 986//986 985//985
f 978//978 979//979 987//987 986//986
f 979//979 980//980 988//988 987//987
f 980//980 981//981 989//989 988//988
f 981//981 982//982 990//990 989//989
f 982//982 983//983 991//991 990//990
f 983//983 984//984 992//992 991//991
f 984//984 977//977 985//985 992//992
f 985//985 986//986 994//994 993//993
f 986//986 987//987 995//995 994//994
f 987//987 988//988 996//996 995//995
f 988//988 989//989 997//997 996//996
f 989//989 990//990 998//998 997//997
f 990//990 991//991 999//999 998//998
f 991//991 992//992 1000//1000 999//999
f 992//992 985//985 993//993 1000//1000
f 993//993 994//994 1002//1002 1001//1001
f 994//994 995//995 1003//1003 1002//1002
f 995//995 996//996 1004//1004 1003//1003
f 996//996 997//997 1005//1005 1004//1004
f 997//997 998//998 1006//1006 1005//1005
f 998//998 999//999 1007//1007 1006//1006
f 999//999 1000//1000 1008//1008 1007//1007
f 1000//1000 993//993 1001//1001 1008//1008
f 1001//1001 1002//1002 1010//1010 1009//1009
f 1002//1002 1003//1003 1011//1011 1010//1010
f 1003//1003 1004//1004 1012//1012 1011//1011
f 1004//1004 1005//1005 1013//1013 1012//1012
f 1005//1005 1006//1006 1014//1014 1013//1013
f 1006//1006 1007//1007 1015//1015 1014//1014
f 1007//1007 1008//1008 1016//1016 1015//1015
f 1008//1008 1001//1001 1009//1009 1016//1016
f 1009//1009 1010//1010 1018//1018 1017//1017
f 1010//1010 1011//1011 1019//1019 1018//1018
f 1011//1011 1012//1012 1020//1020 1019//1019
f 1012//1012 1013//1013 1021//1021 1020//1020
f 1013//1013 1014//1014 1022//1022 1021//1021
f 1014//1014 1015//1015 1023//1023 1022//1022
f 1015//1015 1016//1016 1024//1024 1023//1023
f 1016//1016 1009//1009 1017//1017 1024//1024
f 1017//1017 1018//1018 1026//1026 1025//1025
f 1018//1018 1019//1019 1027//1027 1026//1026
f 1019//1019 1020//1020 1028//1028 1027//1027
f 1020//1020 1021//1021 1029//1029 1028//1028
f 1021//1021 1022//1022 1030//1030 1029//1029
f 1022//1022 1023//1023 1031//1031 1030//1030
f 1023//1023 1024//1024 1032//1032 1031//1031
f 1024//1024 1017//1017 1025//1025 1032//1032
f 1025//1025 1026//1026 1034//1034 1033//1033
f 1026//1026 1027//1027 1035//1035 1034//1034
f 1027//1027 1028//1028 1036//1036 1035//1035
f 1028//1028 1029//1029 1037//1037 1036//1036
f 1029//1029 1030//1030 1038//1038 1037//1037
f 1030//1030 1031//1031 1039//1039 1038//1038
f 1031//1031 1032//1032 1040//1040 1039//1039
f 1032//1032 1025//1025 1033//1033 1040//1040
f 1033//1033 1034//1034 1042//1042 1041//1041
f 1034//1034 1035//1035 1043//1043 1042//1042
f 1035//1035 1036//1036 1044//1044 1043//1043
f 1036//1036 1037//1037 1045//1045 1044//1044
f 1037//1037 1038//1038 1046//1046 1045//1045
f 1038//1038 1039//1039 1047//1047 1046//1046
f 1039//1039 1040//1040 1048//1048 1047//1047
f 1040//1040 1033//1033 1041//1041 1048//1048
f 1041//1041 1042//1042 1050//1050 1049//1049
f 1042//1042 1043//1043 1051//1051 1050//1050
f 1043//1043 1044//1044 1052//1052 1051//1051
f 1044//1044 1045//1045 1053//1053 1052//1052
f 1045//1045 1046//1046 1054//1054 1053//1053
f 1046//1046 1047//1047 1055//1055 1054//1054
f 1047//1047 1048//1048 1056//1056 1055//1055
f 1048//1048 1041//1041 1049//1049 1056//1056
f 1049//1049 1050//1050 1058//1058 1057//1057
f 1050//1050 1051//1051 1059//1059 1058//1058
f 1051//1051 1052//1052 1060//1060 1059//1059
f 1052//1052 1053//1053 1061//1061 1060//1060
f 1053//1053 1054//1054 1062//1062 1061//1061
f 1054//1054 1055//1055 1063//1063 1062//1062
f 1055//1055 1056//1056 1064//1064 1063//1063
f 1056//1056 1049//1049 1057//1057 1064//1064
f 1057//1057 1058//1058 1066//1066 1065//1065
f 1058//1058 1059//1059 1067//1067 1066//1066
f 1059//1059 1060//1060 1068//1068 1067//1067
f 1060//1060 1061//1061 1069//1069 1068//1068
f 1061//1061 1062//1062 1070//1070 1069//1069
f 1062//1062 1063//1063 1071//1071 1070//1070
f 1063//1063 1064//1064 1072//1072 1071//1071
f 1064//1064 1057//1057 1065//1065 1072//1072
f 1065//1065 1066//1066 1074//1074 1073//1073
f 1066//1066 1067//1067 1075//1075 1074//1074
f 1067//1067 1068//1068 1076//1076 1075//1075
f 1068//1068 1069//1069 1077//1077 1076//1076
f 1069//1069 1070//1070 1078//1078 1077//1077
f 1070//1070 1071//1071 1079//1079 1078//1078
f 1071//1071 1072//1072 1080//1080 1079//1079
f 1072//1072 1065//1065 1073//1073 1080//1080
f 1073//1073 1074//1074 1082//1082 1081//1081
f 1074//1074 1075//1075 1083//1083 1082//1082
f 1075//1075 1076//1076 1084//1084 1083//1083
f 1076//1076 1077//1077 1085//1085 1084//1084
f 1077//1077 1078//1078 1086//1086 1085//1085
f 1078//1078 1079//1079 1087//1087 1086//1086
f 1079//1079 1080//1080 1088//1088 1087//1087
f 1080//1080 1073//1073 1081//1081 1088//1088
f 1081//1081 1082//1082 1090//1090 1089//1089
f 1082//1082 1083//1083 1091//1091 1090//1090
f 1083//1083 1084//1084 1092//1092 1091//1091
f 1084//1084 1085//1085 1093//1093 1092//1092
f 1085//1085 1086//1086 1094//1094 1093//1093
f 1086//1086 1087//1087 1095//1095 1094//1094
f 1087//1087 1088//1088 1096//1096 1095//1095
f 1088//1088 1081//1081 1089//1089 1096//1096
f 1089//1089 1090//1090 1098//1098 1097//1097
f 1090//1090 1091//1091 1099//1099 1098//1098
f 1091//1091 1092//1092 1100//1100 1099//1099
f 1092//1092 1093//1093 1101//1101 1100//1100
f 1093//1093 1094//1094 1102//1102 1101//1101
f 1094//1094 1095//1095 1103//1103 1102//1102
f 1095//1095 1096//1096 1104//1104 1103//1103
f 1096//1096 1089//1089 1097//1097 1104//1104
f 1097//1097 1098//1098 1106//1106 1105//1105
f 1098//1098 1099//1099 1107//1107 1106//1106
f 1099//1099 1100//1100 1108//1108 1107//1107
f 1100//1100 1101//1101 1109//1109 1108//1108
f 1101//1101 1102//1102 1110//1110 1109//1109
f 1102//1102 1103//1103 1111//1111 1110//1110
f 1103//1103 1104//1104 1112//1112 1111//1111
f 1104//1104 1097//1097 1105//1105 1112//1112
f 1105//1105 1106//1106 1114//1114 1113//1113
f 1106//1106 1107//1107 1115//1115 1114//1114
f 1107//1107 1108//1108 1116//1116 1115//1115
f 1108//1108 1109//1109 1117//1117 1116//1116
f 1109//1109 1110//1110 1118//1118 1117//1117
f 1110//1110 1111//1111 1119//1119 1118//1118
f 1111//1111 1112//1112 1120//1120 1119//1119
f 1112//1112 1105//1105 1113//1113 1120//1120
f 1113//1113 1114//1114 1122//1122 1121//1121
f 1114//1114 1115//1115 1123//1123 1122//1122
f 1115//1115 1116//1116 1124//1124 1123//1123
f 1116//1116 1117//1117 1125//1125 1124//1124
f 1117//1117 1118//1118 1126//1126 1125//1125
f 1118//1118 1119//1119 1127//1127 1126//1126
f 1119//1119 1120//1120 1128//1128 1127//1127
f 1120//1120 1113//1113 1121//1121 1128//1128
f 1121//1121 1122//1122 1130//1130 1129//1129
f 1122//1122 1123//1123 1131//1131 1130//1130
f 1123//1123 1124//1124 1132//1132 1131//1131
f 1124//1124 1125//1125 1133//1133 1132//1132
f 1125//1125 1126//1126 1134//1134 1133//1133
f 1126//1126 1127//1127 1135//1135 1134//1134
f 1127//1127 1128//1128 1136//1136 1135//1135
f 1128//1128 1121//1121 1129//1129 1136//1136
f 1129//1129 1130//1130 1138//1138 1137//1137
f 1130//1130 1131//1131 1139//1139 1138//1138
f 1131//1131 1132//1132 1140//1140 1139//1139
f 1132//1132 1133//1133 1141//1141 1140//1140
f 1133//1133 1134//1134 1142//1142 1141//1141
f 1134//1134 1135//1135 1143//1143 1142//1142
f 1135//1135 1136//1136 1144//1144 1143//1143
f 1136//1136 1129//1129 1137//1137 1144//1144
f 1137//1137 1138//1138 1146//1146 1145//1145
f 1138//1138 1139//1139 1147//1147 1146//1146
f 1139//1139 1140//1140 1148//1148 1147//1147
f 1140//1140 1141//1141 1149//1149 1148//1148
f 1141//1141 1142//1142 1150//1150 1149//1149
f 1142//1142 1143//1143 1151//1151 1150//1150
f 1143//1143 1144//1144 1152//1152 1151//1151
f 1144//1144 1137//1137 1145//1145 1152//1152
f 1145//1145 1146//1146 1154//1154 1153//1153
f 1146//1146 1147//1147 1155//1155 1154//1154
f 1147//1147 1148//1148 1156//1156 1155//1155
f 1148//1148 1149//1149 1157//1157 1156//1156
f 1149//1149 1150//1150 1158//1158 1157//1157
f 1150//1150 1151//1151 1159//1159 1158//1158
f 1151//1151 1152//1152 1160//1160 1159//1159
f 1152//1152 1145//1145 1153//1153 1160//1160
f 1153//1153 1154//1154 1162//1162 1161//1161
f 1154//1154 1155//1155 1163//1163 1162//1162
f 1155//1155 1156//1156 1164//1164 1163//1163
f 1156//1156 1157//1157 1165//1165 1164//1164
f 1157//1157 1158//1158 1166//1166 1165//1165
f 1158//1158 1159//1159 1167//1167 1166//1166
f 1159//1159 1160//1160 1168//1168 1167//1167
f 1160//1160 1153//1153 1161//1161 1168//1168
f 1161//1161 1162//1162 1170//1170 1169//1169
f 1162//1162 1163//1163 1171//1171 1170//1170
f 1163//1163 1164//1164 1172//1172 1171//1171
f 1164//1164 1165//1165 1173//1173 1172//1172
f 1165//1165 1166//1166 1174//1174 1173//1173
f 1166//1166 1167//1167 1175//1175 1174//1174
f 1167//1167 1168//1168 1176//1176 1175//1175
f 1168//1168 1161//1161 1169//1169 1176//1176
f 1169//1169 1170//1170 1178//1178 1177//1177
f 1170//1170 1171//1171 1179//1179 1178//1178
f 1171//1171 1172//1172 1180//1180 1179//1179
f 1172//1172 1173//1173 1181//1181 1180//1180
f 1173//1173 1174//1174 1182//1182 1181//1181
f 1174//1174 1175//1175 1183//1183 1182//1182
f 1175//1175 1176//1176 1184//1184 1183//1183
f 1176//1176 1169//1169 1177//1177 1184//1184
f 1177//1177 1178//1178 1186//1186 1185//1185
f 1178//1178 1179//1179 1187//1187 1186//1186
f 1179//1179 1180//1180 1188//1188 1187//1187
f 1180//1180 1181//1181 1189//1189 1188//1188
f 1181//1181 1182//1182 1190//1190 1189//1189
f 1182//1182 1183//1183 1191//1191 1190//1190
f 1183//1183 1184//1184 1192//1192 1191//1191
f 1184//1184 1177//1177 1185//1185 1192//1192
f 1185//1185 1186//1186 1194//1194 1193//1193
f 1186//1186 1187//1187 1195//1195 1194//1194
f 1187//1187 1188//1188 1196//1196 1195//1195
f 1188//1188 1189//1189 1197//1197 1196//1196
f 1189//1189 1190//1190 1198//1198 1197//1197
f 1190//1190 1191//1191 1199//1199 1198//1198
f 1191//1191 1192//1192 1200//1200 1199//1199
f 1192//1192 1185//1185 1193//1193 1200//1200
f 1193//1193 1194//1194 1202//1202 1201//1201
f 1194//1194 1195//1195 1203//1203 1202//1202
f 1195//1195 1196//1196 1204//1204 1203//1203
f 1196//1196 1197//1197 1205//1205 1204//1204
f 1197//1197 1198//1198 1206//1206 1205//1205
f 1198//1198 1199//1199 1207//1207 1206//1206
f 1199//1199 1200//1200 1208//1208 1207//1207
f 1200//1200 1193//1193 1201//1201 1208//1208
f 1201//1201 1202//1202 1210//1210 1209//1209
f 1202//1202 1203//1203 1211//1211 1210//1210
f 1203//1203 1204//1204 1212//1212 1211//1211
f 1204//1204 1205//1205 1213//1213 1212//1212
f 1205//1205 1206//1206 1214//1214 1213//1213
f 1206//1206 1207//1207 1215//1215 1214//1214
f 1207//1207 1208//1208 1216//1216 1215//1215
f 1208//1208 1201//1201 1209//1209 1216//1216
f 1209//1209 1210//1210 1218//1218 1217//1217
f 1210//1210 1211//1211 1219//1219 1218//1218
f 1211//1211 1212//1212 1220//1220 1219//1219
f 1212//1212 1213//1213 1221//1221 1220//1220
f 1213//1213 1214//1214 1222//1222 1221//1221
f 1214//1214 1215//1215 1223//1223 1222//1222
f 1215//1215 1216//1216 1224//1224 1223//1223
f 1216//1216 1209//1209 1217//1217 1224//1224
f 1217//1217 1218//1218 1226//1226 1225//1225
f 1218//1218 1219//1219 1227//1227 1226//1226
f 1219//1219 1220//1220 1228//1228 1227//1227
f 1220//1220 1221//1221 1229//1229 1228//1228
f 1221//1221 1222//1222 1230//1230 1229//1229
f 1222//1222 1223//1223 1231//1231 1230//1230
f 1223//1223 1224//1224 1232//1232 1231//1231
f 1224//1224 1217//1217 1225//1225 1232//1232
f 1225//1225 1226//1226 1234//1234 1233//1233
f 1226//1226 1227//1227 1235//1235 1234//1234
f 1227//1227 1228//1228 1236//1236 1235//1235
f 1228//1228 1229//1229 1237//1237 1236//1236
f 1229//1229 1230//1230 1238//1238 1237//1237
f 1230//1230 1231//1231 1239//1239 1238//1238
f 1231//1231 1232//1232 1240//1240 1239//1239
f 1232//1232 1225//1225 1233//1233 1240//1240
f 1233//1233 1234//1234 1242//1242 1241//1241
f 1234//1234 1235//1235 1243//1243 1242//1242
f 1235//1235 1236//1236 1244//1244 1243//1243
f 1236//1236 1237//1237 1245//1245 1244//1244
f 1237//1237 1238//1238 1246//1246 1245//1245
f 1238//1238 1239//1239 1247//1247 1246//1246
f 1239//1239 1240//1240 1248//1248 1247//1247
f 1240//1240 1233//1233 1241//1241 1248//1248
f 1241//1241 1242//1242 1250//1250 1249//1249
f 1242//1242 1243//1243 1251//1251 1250//1250
f 1243//1243 1244//1244 1252//1252 1251//1251
f 1244//1244 1245//1245 1253//1253 1252//1252
f 1245//1245 1246//1246 1254//1254 1253//1253
f 1246//1246 1247//1247 1255//1255 1254//1254
f 1247//1247 1248//1248 1256//1256 1255//1255
f 1248//1248 1241//1241 1249//1249 1256//1256
f 1257//1257 1258//1258 1266//1266 1265//1265
f 1258//1258 1259//1259 1267//1267 1266//1266
f 1259//1259 1260//1260 1268//1268 1267//1267
f 1260//1260 1261//1261 1269//1269 1268//1268
f 1261//1261 1262//1262 1270//1270 1269//1269
f 1262//1262 1263//1263 1271//1271 1270//1270
f 1263//1263 1264//1264 1272//1272 1271//1271
f 1264//1264 1257//1257 1265//1265 1272//1272
f 1265//1265 1266//1266 1274//1274 1273//1273
f 1266//1266 1267//1267 1275//1275 1274//1274
f 1267//1267 1268//1268 1276//1276 1275//1275
f 1268//1268 1269//1269 1277//1277 1276//1276
f 1269//1269 1270//1270 1278//1278 1277//1277
f 1270//1270 1271//1271 1279//1279 1278//1278
f 1271//1271 1272//1272 1280//1280 1279//1279
f 1272//1272 1265//1265 1273//1273 1280//1280
f 1273//1273 1274//1274 1282//1282 1281//1281
f 1274//1274 1275//1275 1283//1283 1282//1282
f 1275//1275 1276//1276 1284//1284 1283//1283
f 1276//1276 1277//1277 1285//1285 1284//1284
f 1277//1277 1278//1278 1286//1286 1285//1285
f 1278//1278 1279//1279 1287//1287 1286//1286
f 1279//1279 1280//1280 1288//1288 1287//1287
f 1280//1280 1273//1273 1281//1281 1288//1288
f 1281//1281 1282//1282 1290//1290 1289//1289
f 1282//1282 1283//1283 1291//1291 1290//1290
f 1283//1283 1284//1284 1292//1292 1291//1291
f 1284//1284 1285//1285 1293//1293 1292//1292
f 1285//1285 1286//1286 1294//1294 1293//1293
f 1286//1286 1287//1287 1295//1295 1294//1294
f 1287//1287 1288//1288 1296//1296 1295//1295
f 1288//1288 1281//1281 1289//1289 1296//1296
f 1289//1289 1290//1290 1298//1298 1297//1297
f 1290//1290 1291//1291 1299//1299 1298//1298
f 1291//1291 1292//1292 1300//1300 1299//1299
f 1292//1292 1293//1293 1301//1301 1300//1300
f 1293//1293 1294//1294 1302//1302 1301//1301
f 1294//1294 1295//1295 1303//1303 1302//1302
f 1295//1295 1296//1296 1304//1304 1303//1303
f 1296//1296 1289//1289 1297//1297 1304//1304
f 1297//1297 1298//1298 1306//1306 1305//1305
f 1298//1298 1299//1299 1307//1307 1306//1306
f 1299//1299 1300//1300 1308//1308 1307//1307
f 1300//1300 1301//1301 1309//1309 1308//1308
f 1301//1301 1302//1302 1310//1310 1309//1309
f 1302//1302 1303//1303 1311//1311 1310//1310
f 1303//1303 1304//1304 1312//1312 1311//1311
f 1304//1304 1297//1297 1305//1305 1312//1312
f 1305//1305 1306//1306 1314//1314 1313//1313
f 1306//1306 1307//1307 1315//1315 1314//1314
f 1307//1307 1308//1308 1316//1316 1315//1315
f 1308//1308 1309//1309 1317//1317 1316//1316
f 1309//1309 1310//1310 1318//1318 1317//1317
f 1310//1310 1311//1311 1319//1319 1318//1318
f 1311//1311 1312//1312 1320//1320 1319//1319
f 1312//1312 1305//1305 1313//1313 1320//1320
f 1313//1313 1314//1314 1322//1322 1321//1321
f 1314//1314 1315//1315 1323//1323 1322//1322
f 1315//1315 1316//1316 1324//1324 1323//1323
f 1316//1316 1317//1317 1325//1325 1324//1324
f 1317//1317 1318//1318 1326//1326 1325//1325
f 1318//1318 1319//1319 1327//1327 1326//1326
f 1319//1319 1320//1320 1328//1328 1327//1327
f 1320//1320 1313//1313 1321//1321 1328//1328
f 1321//1321 1322//1322 1330//1330 1329//1329
f 1322//1322 1323//1323 1331//1331 1330//1330
f 1323//1323 1324//1324 1332//1332 1331//1331
f 1324//1324 1325//1325 1333//1333 1332//1332
f 1325//1325 1326//1326 1334//1334 1333//1333
f 1326//1326 1327//1327 1335//1335 1334//1334
f 1327//1327 1328//1328 1336//1336 1335//1335
f 1328//1328 1321//1321 1329//1329 1336//1336
f 1329//1329 1330//1330 1338//1338 1337//1337
f 1330//1330 1331//1331 1339//1339 1338//1338
f 1331//1331 1332//1332 1340//1340 1339//1339
f 1332//1332 1333//1333 1341//1341 1340//1340
f 1333//1333 1334//1334 1342//1342 1341//1341
f 1334//1334 1335//1335 1343//1343 1342//1342
f 1335//1335 1336//1336 1344//1344 1343//1343
f 1336//1336 1329//1329 1337//1337 1344//1344
f 1337//1337 1338//1338 1346//1346 1345//1345
f 1338//1338 1339//1339 1347//1347 1346//1346
f 1339//1339 1340//1340 1348//1348 1347//1347
f 1340//1340 1341//1341 1349//1349 1348//1348
f 1341//1341 1342//1342 1350//1350 1349//1349
f 1342//1342 1343//1343 1351//1351 1350//1350
f 1343//1343 1344//1344 1352//1352 1351//1351
f 1344//1344 1337//1337 1345//1345 1352//1352
f 1345//1345 1346//1346 1354//1354 1353//1353
f 1346//1346 1347//1347 1355//1355 1354//1354
f 1347//1347 1348//1348 1356//1356 1355//1355
f 1348//1348 1349//1349 1357//1357 1356//1356
f 1349//1349 1350//1350 1358//1358 1357//1357
f 1350//1350 1351//1351 1359//1359 1358//1358
f 1351//1351 1352//1352 1360//1360 1359//1359
f 1352//1352 1345//1345 1353//1353 1360//1360
f 1353//1353 1354//1354 1362//1362 1361//1361
f 1354//1354 1355//1355 1363//1363 1362//1362
f 1355//1355 1356//1356 1364//1364 1363//1363
f 1356//1356 1357//1357 1365//1365 1364//1364
f 1357//1357 1358//1358 1366//1366 1365//1365
f 1358//1358 1359//1359 1367//1367 1366//1366
f 1359//1359 1360//1360 1368//1368 1367//1367
f 1360//1360 1353//1353 1361//1361 1368//1368
f 1361//1361 1362//1362 1370//1370 1369//1369
f 1362//1362 1363//1363 1371//1371 1370//1370
f 1363//1363 1364//1364 1372//1372 1371//1371
f 1364//1364 1365//1365 1373//1373 1372//1372
f 1365//1365 1366//1366 1374//1374 1373//1373
f 1366//1366 1367//1367 1375//1375 1374//1374
f 1367//1367 1368//1368 1376//1376 1375//1375
f 1368//1368 1361//1361 1369//1369 1376//1376
f 1369//1369 1370//1370 1378//1378 1377//1377
f 1370//1370 1371//1371 1379//1379 1378//1378
f 1371//1371 1372//1372 1380//1380 1379//1379
f 1372//1372 1373//1373 1381//1381 1380//1380
f 1373//1373 1374//1374 1382//1382 1381//1381
f 1374//1374 1375//1375 1383//1383 1382//1382
f 1375//1375 1376//1376 1384//1384 1383//1383
f 1376//1376 1369//1369 1377//1377 1384//1384
f 1377//1377 1378//1378 1386//1386 1385//1385
f 1378//1378 1379//1379 1387//1387 1386//1386
f 1379//1379 1380//1380 1388//1388 1387//1387
f 1380//1380 1381//1381 1389//1389 1388//1388
f 1381//1381 1382//1382 1390//1390 1389//1389
f 1382//1382 1383//1383 1391//1391 1390//1390
f 1383//1383 1384//1384 1392//1392 1391//1391
f 1384//1384 1377//1377 1385//1385 1392//1392
f 1385//1385 1386//1386 1394//1394 1393//1393
f 1386//1386 1387//1387 1395//1395 1394//1394
f 1387//1387 1388//1388 1396//1396 1395//1395
f 1388//1388 1389//1389 1397//1397 1396//1396
f 1389//1389 1390//1390 1398//1398 1397//1397
f 1390//1390 1391//1391 1399//1399 1398//1398
f 1391//1391 1392//1392 1400//1400 1399//1399
f 1392//1392 1385//1385 1393//1393 1400//1400
f 1393//1393 1394//1394 1402//1402 1401//1401
f 1394//1394 1395//1395 1403//1403 1402//1402
f 1395//1395 1396//1396 1404//1404 1403//1403
f 1396//1396 1397//1397 1405//1405 1404//1404
f 1397//1397 1398//1398 1406//1406 1405//1405
f 1398//1398 1399//1399 1407//1407 1406//1406
f 1399//1399 1400//1400 1408//1408 1407//1407
f 1400//1400 1393//1393 1401//1401 1408//1408
f 1401//1401 1402//1402 1410//1410 1409//1409
f 1402//1402 1403//1403 1411//1411 1410//1410
f 1403//1403 1404//1404 1412//1412 1411//1411
f 1404//1404 1405//1405 1413//1413 1412//1412
f 1405//1405 1406//1406 1414//1414 1413//1413
f 1406//1406 1407//1407 1415//1415 1414//1414
f 1407//1407 1408//1408 1416//1416 1415//1415
f 1408//1408 1401//1401 1409//1409 1416//1416
f 1409//1409 1410//1410 1418//1418 1417//1417
f 1410//1410 1411//1411 1419//1419 1418//1418
f 1411//1411 1412//1412 1420//1420 1419//1419
f 1412//1412 1413//1413 1421//1421 1420//1420
f 1413//1413 1414//1414 1422//1422 1421//1421
f 1414//1414 1415//1415 1423//1423 1422//1422
f 1415//1415 1416//1416 1424//1424 1423//1423
f 1416//1416 1409//1409 1417//1417 1424//1424
f 1417//1417 1418//1418 1426//1426 1425//1425
f 1418//1418 1419//1419 1427//1427 1426//1426
f 1419//1419 1420//1420 1428//1428 1427//1427
f 1420//1420 1421//1421 1429//1429 1428//1428
f 1421//1421 1422//1422 1430//1430 1429//1429
f 1422//1422 1423//1423 1431//1431 1430//1430
f 1423//1423 1424//1424 1432//1432 1431//1431
f 1424//1424 1417//1417 1425//1425 1432//1432
f 1425//1425 1426//1426 1434//1434 1433//1433
f 1426//1426 1427//1427 1435//1435 1434//1434
f 1427//1427 1428//1428 1436//1436 1435//1435
f 1428//1428 1429//1429 1437//1437 1436//1436
f 1429//1429 1430//1430 1438//1438 1437//1437
f 1430//1430 1431//1431 1439//1439 1438//1438
f 1431//1431 1432//1432 1440//1440 1439//1439
f 1432//1432 1425//1425 1433//1433 1440//1440
f 1433//1433 1434//1434 1442//1442 1441//1441
f 1434//1434 1435//1435 1443//1443 1442//1442
f 1435//1435 1436//1436 1444//1444 1443//1443
f 1436//1436 1437//1437 1445//1445 1444//1444
f 1437//1437 1438//1438 1446//1446 1445//1445
f 1438//1438 1439//1439 1447//1447 1446//1446
f 1439//1439 1440//1440 1448//1448 1447//1447
f 1440//1440 1433//1433 1441//1441 1448//1448
f 1441//1441 1442//1442 1450//1450 1449//1449
f 1442//1442 1443//1443 1451//1451 1450//1450
f 1443//1443 1444//1444 1452//1452 1451//1451
f 1444//1444 1445//1445 1453//1453 1452//1452
f 1445//1445 1446//1446 1454//1454 1453//1453
f 1446//1446 1447//1447 1455//1455 1454//1454
f 1447//1447 1448//1448 1456//1456 1455//1455
f 1448//1448 1441//1441 1449//1449 1456//1456
f 1449//1449 1450//1450 1458//1458 1457//1457
f 1450//1450 1451//1451 1459//1459 1458//1458
f 1451//1451 1452//1452 1460//1460 1459//1459
f 1452//1452 1453//1453 1461//1461 1460//1460
f 1453//1453 1454//1454 1462//1462 1461//1461
f 1454//1454 1455//1455 1463//1463 1462//1462
f 1455//1455 1456//1456 1464//1464 1463//1463
f 1456//1456 1449//1449 1457//1457 1464//1464
f 1457//1457 1458//1458 1466//1466 1465//1465
f 1458//1458 1459//1459 1467//1467 1466//1466
f 1459//1459 1460//1460 1468//1468 1467//1467
f 1460//1460 1461//1461 1469//1469 1468//1468
f 1461//1461 1462//1462 1470//1470 1469//1469
f 1462//1462 1463//1463 1471//1471 1470//1470
f 1463//1463 1464//1464 1472//1472 1471//1471
f 1464//1464 1457//1457 1465//1465 1472//1472
f 1465//1465 1466//1466 1474//1474 1473//1473
f 1466//1466 1467//1467 1475//1475 1474//1474
f 1467//1467 1468//1468 1476//1476 1475//1475
f 1468//1468 1469//1469 1477//1477 1476//1476
f 1469//1469 1470//1470 1478//1478 1477//1477
f 1470//1470 1471//1471 1479//1479 1478//1478
f 1471//1471 1472//1472 1480//1480 1479//1479
f 1472//1472 1465//1465 1473//1473 1480//1480
f 1473//1473 1474//1474 1482//1482 1481//1481
f 1474//1474 1475//1475 1483//1483 1482//1482
f 1475//1475 1476//1476 1484//1484 1483//1483
f 1476//1476 1477//1477 1485//1485 1484//1484
f 1477//1477 1478//1478 1486//1486 1485//1485
f 1478//1478 1479//1479 1487//1487 1486//1486
f 1479//1479 1480//1480 1488//1488 1487//1487
f 1480//1480 1473//1473 1481//1481 1488//1488
f 1481//1481 1482//1482 1490//1490 1489//1489
f 1482//1482 1483//1483 1491//1491 1490//1490
f 1483//1483 1484//1484 1492//1492 1491//1491
f 1484//1484 1485//1485 1493//1493 1492//1492
f 1485//1485 1486//1486 1494//1494 1493//1493
f 1486//1486 1487//1487 1495//1495 1494//1494
f 1487//1487 1488//1488 1496//1496 1495//1495
f 1488//1488 1481//1481 1489//1489 1496//1496
f 1489//1489 1490//1490 1498//1498 1497//1497
f 1490//1490 1491//1491 1499//1499 1498//1498
f 1491//1491 1492//1492 1500//1500 1499//1499
f 1492//1492 1493//1493 1501//1501 1500//1500
f 1493//1493 1494//1494 1502//1502 1501//1501
f 1494//1494 1495//1495 1503//1503 1502//1502
f 1495//1495 1496//1496 1504//1504 1503//1503
f 1496//1496 1489//1489 1497//1497 1504//1504
f 1497//1497 1498//1498 1506//1506 1505//1505
f 1498//1498 1499//1499 1507//1507 1506//1506
f 1499//1499 1500//1500 1508//1508 1507//1507
f 1500//1500 1501//1501 1509//1509 1508//1508
f 1501//1501 1502//1502 1510//1510 1509//1509
f 1502//1502 1503//1503 1511//1511 1510//1510
f 1503//1503 1504//1504 1512//1512 1511//1511
f 1504//1504 1497//1497 1505//1505 1512//1512
f 1505//1505 1506//1506 1514//1514 1513//1513
f 1506//1506 1507//1507 1515//1515 1514//1514
f 1507//1507 1508//1508 1516//1516 1515//1515
f 1508//1508 1509//1509 1517//1517 1516//1516
f 1509//1509 1510//1510 1518//1518 1517//1517
f 1510//1510 1511//1511 1519//1519 1518//1518
f 1511//1511 1512//1512 1520//1520 1519//1519
f 1512//1512 1505//1505 1513//1513 1520//1520
f 1513//1513 1514//1514 1522//1522 1521//1521
f 1514//1514 1515//1515 1523//1523 1522//1522
f 1515//1515 1516//1516 1524//1524 1523//1523
f 1516//1516 1517//1517 1525//1525 1524//1524
f 1517//1517 1518//1518 1526//1526 1525//1525
f 1518//1518 1519//1519 1527//1527 1526//1526
f 1519//1519 1520//1520 1528//1528 1527//1527
f 1520//1520 1513//1513 1521//1521 1528//1528
f 1521//1521 1522//1522 1530//1530 1529//1529
f 1522//1522 1523//1523 1531//1531 1530//1530
f 1523//1523 1524//1524 1532//1532 1531//1531
f 1524//1524 1525//1525 1533//1533 1532//1532
f 1525//1525 1526//1526 1534//1534 1533//1533
f 1526//1526 1527//1527 1535//1535 1534//1534
f 1527//1527 1528//1528 1536//1536 1535//1535
f 1528//1528 1521//1521 1529//1529 1536//1536
f 1529//1529 1530//1530 1538//1538 1537//1537
f 1530//1530 1531//1531 1539//1539 1538//1538
f 1531//1531 1532//1532 1540//1540 1539//1539
f 1532//1532 1533//1533 1541//1541 1540//1540
f 1533//1533 1534//1534 1542//1542 1541//1541
f 1534//1534 1535//1535 1543//1543 1542//1542
f 1535//1535 1536//1536 1544//1544 1543//1543
f 1536//1536 1529//1529 1537//1537 1544//1544
f 1537//1537 1538//1538 1546//1546 1545//1545
f 1538//1538 1539//1539 1547//1547 1546//1546
f 1539//1539 1540//1540 1548//1548 1547//1547
f 1540//1540 1541//1541 1549//1549 1548//1548
f 1541//1541 1542//1542 1550//1550 1549//1549
f 1542//1542 1543//1543 1551//1551 1550//1550
f 1543//1543 1544//1544 1552//1552 1551//1551
f 1544//1544 1537//1537 1545//1545 1552//1552
f 1545//1545 1546//1546 1554//1554 1553//1553
f 1546//1546 1547//1547 1555//1555 1554//1554
f 1547//1547 1548//1548 1556//1556 1555//1555
f 1548//1548 1549//1549 1557//1557 1556//1556
f 1549//1549 1550//1550 1558//1558 1557//1557
f 1550//1550 1551//1551 1559//1559 1558//1558
f 1551//1551 1552//1552 1560//1560 1559//1559
f 1552//1552 1545//1545 1553//1553 1560//1560
f 1561//1561 1562//1562 1570//1570 1569//1569
f 1562//1562 1563//1563 1571//1571 1570//1570
f 1563//1563 1564//1564 1572//1572 1571//1571
f 1564//1564 1565//1565 1573//1573 1572//1572
f 1565//1565 1566//1566 1574//1574 1573//1573
f 1566//1566 1567//1567 1575//1575 1574//1574
f 1567//1567 1568//1568 1576//1576 1575//1575
f 1568//1568 1561//1561 1569//1569 1576//1576
f 1569//1569 1570//1570 1578//1578 1577//1577
f 1570//1570 1571//1571 1579//1579 1578//1578
f 1571//1571 1572//1572 1580//1580 1579//1579
f 1572//1572 1573//1573 1581//1581 1580//1580
f 1573//1573 1574//1574 1582//1582 1581//1581
f 1574//1574 1575//1575 1583//1583 1582//1582
f 1575//1575 1576//1576 1584//1584 1583//1583
f 1576//1576 1569//1569 1577//1577 1584//1584
f 1577//1577 1578//1578 1586//1586 1585//1585
f 1578//1578 1579//1579 1587//1587 1586//1586
f 1579//1579 1580//1580 1588//1588 1587//1587
f 1580//1580 1581//1581 1589//1589 1588//1588
f 1581//1581 1582//1582 1590//1590 1589//1589
f 1582//1582 1583//1583 1591//1591 1590//1590
f 1583//1583 1584//1584 1592//1592 1591//1591
f 1584//1584 1577//1577 1585//1585 1592//1592
f 1585//1585 1586//1586 1594//1594 1593//1593
f 1586//1586 1587//1587 1595//1595 1594//1594
f 1587//1587 1588//1588 1596//1596 1595//1595
f 1588//1588 1589//1589 1597//1597 1596//1596
f 1589//1589 1590//1590 1598//1598 1597//1597
f 1590//1590 1591//1591 1599//1599 1598//1598
f 1591//1591 1592//1592 1600//1600 1599//1599
f 1592//1592 1585//1585 1593//1593 1600//1600
f 1593//1593 1594//1594 1602//1602 1601//1601
f 1594//1594 1595//1595 1603//1603 1602//1602
f 1595//1595 1596//1596 1604//1604 1603//1603
f 1596//1596 1597//1597 1605//1605 1604//1604
f 1597//1597 1598//1598 1606//1606 1605//1605
f 1598//1598 1599//1599 1607//1607 1606//1606
f 1599//1599 1600//1600 1608//1608 1607//1607
f 1600//1600 1593//1593 1601//1601 1608//1608
f 1601//1601 1602//1602 1610//1610 1609//1609
f 1602//1602 1603//1603 1611//1611 1610//1610
f 1603//1603 1604//1604 1612//1612 1611//1611
f 1604//1604 1605//1605 1613//1613 1612//1612
f 1605//1605 1606//1606 1614//1614 1613//1613
f 1606//1606 1607//1607 1615//1615 1614//1614
f 1607//1607 1608//1608 1616//1616 1615//1615
f 1608//1608 1601//1601 1609//1609 1616//1616
f 1609//1609 1610//1610 1618//1618 1617//1617
f 1610//1610 1611//1611 1619//1619 1618//1618
f 1611//1611 1612//1612 1620//1620 1619//1619
f 1612//1612 1613//1613 1621//1621 1620//1620
f 1613//1613 1614//1614 1622//1622 1621//1621
f 1614//1614 1615//1615 1623//1623 1622//1622
f 1615//1615 1616//1616 1624//1624 1623//1623
f 1616//1616 1609//1609 1617//1617 1624//1624
f 1617//1617 1618//1618 1626//1626 1625//1625
f 1618//1618 1619//1619 1627//1627 1626//1626
f 1619//1619 1620//1620 1628//1628 1627//1627
f 1620//1620 1621//1621 1629//1629 1628//1628
f 1621//1621 1622//1622 1630//1630 1629//1629
f 1622//1622 1623//1623 1631//1631 1630//1630
f 1623//1623 1624//1624 1632//1632 1631//1631
f 1624//1624 1617//1617 1625//1625 1632//1632
f 1625//1625 1626//1626 1634//1634 1633//1633
f 1626//1626 1627//1627 1635//1635 1634//1634
f 1627//1627 1628//1628 1636//1636 1635//1635
f 1628//1628 1629//1629 1637//1637 1636//1636
f 1629//1629 1630//1630 1638//1638 1637//1637
f 1630//1630 1631//1631 1639//1639 1638//1638
f 1631//1631 1632//1632 1640//1640 1639//1639
f 1632//1632 1625//1625 1633//1633 1640//1640
f 1633//1633 1634//1634 1642//1642 1641//1641
f 1634//1634 1635//1635 1643//1643 1642//1642
f 1635//1635 1636//1636 1644//1644 1643//1643
f 1636//1636 1637//1637 1645//1645 1644//1644
f 1637//1637 1638//1638 1646//1646 1645//1645
f 1638//1638 1639//1639 1647//1647 1646//1646
f 1639//1639 1640//1640 1648//1648 1647//1647
f 1640//1640 1633//1633 1641//1641 1648//1648
f 1641//1641 1642//1642 1650//1650 1649//1649
f 1642//1642 1643//1643 1651//1651 1650//1650
f 1643//1643 1644//1644 1652//1652 1651//1651
f 1644//1644 1645//1645 1653//1653 1652//1652
f 1645//1645 1646//1646 1654//1654 1653//1653
f 1646//1646 1647//1647 1655//1655 1654//1654
f 1647//1647 1648//1648 1656//1656 1655//1655
f 1648//1648 1641//1641 1649//1649 1656//1656
f 1649//1649 1650//1650 1658//1658 1657//1657
f 1650//1650 1651//1651 1659//1659 1658//1658
f 1651//1651 1652//1652 1660//1660 1659//1659
f 1652//1652 1653//1653 1661//1661 1660//1660
f 1653//1653 1654//1654 1662//1662 1661//1661
f 1654//1654 1655//1655 1663//1663 1662//1662
f 1655//1655 1656//1656 1664//1664 1663//1663
f 1656//1656 1649//1649 1657//1657 1664//1664
f 1657//1657 1658//1658 1666//1666 1665//1665
f 1658//1658 1659//1659 1667//1667 1666//1666
f 1659//1659 1660//1660 1668//1668 1667//1667
f 1660//1660 1661//1661 1669//1669 1668//1668
f 1661//1661 1662//1662 1670//1670 1669//1669
f 1662//1662 1663//1663 1671//1671 1670//1670
f 1663//1663 1664//1664 1672//1672 1671//1671
f 1664//1664 1657//1657 1665//1665 1672//1672
f 1665//1665 1666//1666 1674//1674 1673//1673
f 1666//1666 1667//1667 1675//1675 1674//1674
f 1667//1667 1668//1668 1676//1676 1675//1675
f 1668//1668 1669//1669 1677//1677 1676//1676
f 1669//1669 1670//1670 1678//1678 1677//1677
f 1670//1670 1671//1671 1679//1679 1678//1678
f 1671//1671 1672//1672 1680//1680 1679//1679
f 1672//1672 1665//1665 1673//1673 1680//1680
f 1673//1673 1674//1674 1682//1682 1681//1681
f 1674//1674 1675//1675 1683//1683 1682//1682
f 1675//1675 1676//1676 1684//1684 1683//1683
f 1676//1676 1677//1677 1685//1685 1684//1684
f 1677//1677 1678//1678 1686//1686 1685//1685
f 1678//1678 1679//1679 1687//1687 1686//1686
f 1679//1679 1680//1680 1688//1688 1687//1687
f 1680//1680 1673//1673 1681//1681 1688//1688
f 1681//1681 1682//1682 1690//1690 1689//1689
f 1682//1682 1683//1683 1691//1691 1690//1690
f 1683//1683 1684//1684 1692//1692 1691//1691
f 1684//1684 1685//1685 1693//1693 1692//1692
f 1685//1685 1686//1686 1694//1694 1693//1693
f 1686//1686 1687//1687 1695//1695 1694//1694
f 1687//1687 1688//1688 1696//1696 1695//1695
f 1688//1688 1681//1681 1689//1689 1696//1696
f 1689//1689 1690//1690 1698//1698 1697//1697
f 1690//1690 1691//1691 1699//1699 1698//1698
f 1691//1691 1692//1692 1700//1700 1699//1699
f 1692//1692 1693//1693 1701//1701 1700//1700
f 1693//1693 1694//1694 1702//1702 1701//1701
f 1694//1694 1695//1695 1703//1703 1702//1702
f 1695//1695 1696//1696 1704//1704 1703//1703
f 1696//1696 1689//1689 1697//1697 1704//1704
f 1697//1697 1698//1698 1706//1706 1705//1705
f 1698//1698 1699//1699 1707//1707 1706//1706
f 1699//1699 1700//1700 1708//1708 1707//1707
f 1700//1700 1701//1701 1709//1709 1708//1708
f 1701//1701 1702//1702 1710//1710 1709//1709
f 1702//1702 1703//1703 1711//1711 1710//1710
f 1703//1703 1704//1704 1712//1712 1711//1711
f 1704//1704 1697//1697 1705//1705 1712//1712
f 1705//1705 1706//1706 1714//1714 1713//1713
f 1706//1706 1707//1707 1715//1715 1714//1714
f 1707//1707 1708//1708 1716//1716 1715//1715
f 1708//1708 1709//1709 1717//1717 1716//1716
f 1709//1709 1710//1710 1718//1718 1717//1717
f 1710//1710 1711//1711 1719//1719 1718//1718
f 1711//1711 1712//1712 1720//1720 1719//1719
f 1712//1712 1705//1705 1713//1713 1720//1720
f 1713//1713 1714//1714 1722//1722 1721//1721
f 1714//1714 1715//1715 1723//1723 1722//1722
f 1715//1715 1716//1716 1724//1724 1723//1723
f 1716//1716 1717//1717 1725//1725 1724//1724
f 1717//1717 1718//1718 1726//1726 1725//1725
f 1718//1718 1719//1719 1727//1727 1726//1726
f 1719//1719 1720//1720 1728//1728 1727//1727
f 1720//1720 1713//1713 1721//1721 1728//1728
f 1721//1721 1722//1722 1730//1730 1729//1729
f 1722//1722 1723//1723 1731//1731 1730//1730
f 1723//1723 1724//1724 1732//1732 1731//1731
f 1724//1724 1725//1725 1733//1733 1732//1732
f 1725//1725 1726//1726 1734//1734 1733//1733
f 1726//1726 1727//1727 1735//1735 1734//1734
f 1727//1727 1728//1728 1736//1736 1735//1735
f 1728//1728 1721//1721 1729//1729 1736//1736
f 1729//1729 1730//1730 1738//1738 1737//1737
f 1730//1730 1731//1731 1739//1739 1738//1738
f 1731//1731 1732//1732 1740//1740 1739//1739
f 1732//1732 1733//1733 1741//1741 1740//1740
f 1733//1733 1734//1734 1742//1742 1741//1741
f 1734//1734 1735//1735 1743//1743 1742//1742
f 1735//1735 1736//1736 1744//1744 1743//1743
f 1736//1736 1729//1729 1737//1737 1744//1744
f 1737//1737 1738//1738 1746//1746 1745//1745
f 1738//1738 1739//1739 1747//1747 1746//1746
f 1739//1739 1740//1740 1748//1748 1747//1747
f 1740//1740 1741//1741 1749//1749 1748//1748
f 1741//1741 1742//1742 1750//1750 1749//1749
f 1742//1742 1743//1743 1751//1751 1750//1750
f 1743//1743 1744//1744 1752//1752 1751//1751
f 1744//1744 1737//1737 1745//1745 1752//1752
f 1745//1745 1746//1746 1754//1754 1753//1753
f 1746//1746 1747//1747 1755//1755 1754//1754
f 1747//1747 1748//1748 1756//1756 1755//1755
f 1748//1748 1749//1749 1757//1757 1756//1756
f 1749//1749 1750//1750 1758//1758 1757//1757
f 1750//1750 1751//1751 1759//1759 1758//1758
f 1751//1751 1752//1752 1760//1760 1759//1759
f 1752//1752 1745//1745 1753//1753 1760//1760
f 1753//1753 1754//1754 1762//1762 1761//1761
f 1754//1754 1755//1755 1763//1763 1762//1762
f 1755//1755 1756//1756 1764//1764 1763//1763
f 1756//1756 1757//1757 1765//1765 1764//1764
f 1757//1757 1758//1758 1766//1766 1765//1765
f 1758//1758 1759//1759 1767//1767 1766//1766
f 1759//1759 1760//1760 1768//1768 1767//1767
f 1760//1760 1753//1753 1761//1761 1768//1768
f 1761//1761 1762//1762 1770//1770 1769//1769
f 1762//1762 1763//1763 1771//1771 1770//1770
f 1763//1763 1764//1764 1772//1772 1771//1771
f 1764//1764 1765//1765 1773//1773 1772//1772
f 1765//1765 1766//1766 1774//1774 1773//1773
f 1766//1766 1767//1767 1775//1775 1774//1774
f 1767//1767 1768//1768 1776//1776 1775//1775
f 1768//1768 1761//1761 1769//1769 1776//1776
f 1769//1769 1770//1770 1778//1778 1777//1777
f 1770//1770 1771//1771 1779//1779 1778//1778
f 1771//1771 1772//1772 1780//1780 1779//1779
f 1772//1772 1773//1773 1781//1781 1780//1780
f 1773//1773 1774//1774 1782//1782 1781//1781
f 1774//1774 1775//1775 1783//1783 1782//1782
f 1775//1775 1776//1776 1784//1784 1783//1783
f 1776//1776 1769//1769 1777//1777 1784//1784
f 1777//1777 1778//1778 1786//1786 1785//1785
f 1778//1778 1779//1779 1787//1787 1786//1786
f 1779//1779 1780//1780 1788//1788 1787//1787
f 1780//1780 1781//1781 1789//1789 1788//1788
f 1781//1781 1782//1782 1790//1790 1789//1789
f 1782//1782 1783//1783 1791//1791 1790//1790
f 1783//1783 1784//1784 1792//1792 1791//1791
f 1784//1784 1777//1777 1785//1785 1792//1792
f 1785//1785 1786//1786 1794//1794 1793//1793
f 1786//1786 1787//1787 1795//1795 1794//1794
f 1787//1787 1788//1788 1796//1796 1795//1795
f 1788//1788 1789//1789 1797//1797 1796//1796
f 1789//1789 1790//1790 1798//1798 1797//1797
f 1790//1790 1791//1791 1799//1799 1798//1798
f 1791//1791 1792//1792 1800//1800 1799//1799
f 1792//1792 1785//1785 1793//1793 1800//1800
f 1793//1793 1794//1794 1802//1802 1801//1801
f 1794//1794 1795//1795 1803//1803 1802//1802
f 1795//1795 1796//1796 1804//1804 1803//1803
f 1796//1796 1797//1797 1805//1805 1804//1804
f 1797//1797 1798//1798 1806//1806 1805//1805
f 1798//1798 1799//1799 1807//1807 1806//1806
f 1799//1799 1800//1800 1808//1808 1807//1807
f 1800//1800 1793//1793 1801//1801 1808//1808
f 1801//1801 1802//1802 1810//1810 1809//1809
f 1802//1802 1803//1803 1811//1811 1810//1810
f 1803//1803 1804//1804 1812//1812 1811//1811
f 1804//1804 1805//1805 1813//1813 1812//1812
f 1805//1805 1806//1806 1814//1814 1813//1813
f 1806//1806 1807//1807 1815//1815 1814//1814
f 1807//1807 1808//1808 1816//1816 1815//1815
f 1808//1808 1801//1801 1809//1809 1816//1816
f 1809//1809 1810//1810 1818//1818 1817//1817
f 1810//1810 1811//1811 1819//1819 1818//1818
f 1811//1811 1812//1812 1820//1820 1819//1819
f 1812//1812 1813//1813 1821//1821 1820//1820
f 1813//1813 1814//1814 1822//1822 1821//1821
f 1814//1814 1815//1815 1823//1823 1822//1822
f 1815//1815 1816//1816 1824//1824 1823//1823
f 1816//1816 1809//1809 1817//1817 1824//1824
f 1817//1817 1818//1818 1826//1826 1825//1825
f 1818//1818 1819//1819 1827//1827 1826//1826
f 1819//1819 1820//1820 1828//1828 1827//1827
f 1820//1820 1821//1821 1829//1829 1828//1828
f 1821//1821 1822//1822 1830//1830 1829//1829
f 1822//1822 1823//1823 1831//1831 1830//1830
f 1823//1823 1824//1824 1832//1832 1831//1831
f 1824//1824 1817//1817 1825//1825 1832//1832
f 1825//1825 1826//1826 1834//1834 1833//1833
f 1826//1826 1827//1827 1835//1835 1834//1834
f 1827//1827 1828//1828 1836//1836 1835//1835
f 1828//1828 1829//1829 1837//1837 1836//1836
f 1829//1829 1830//1830 1838//1838 1837//1837
f 1830//1830 1831//1831 1839//1839 1838//1838
f 1831//1831 1832//1832 1840//1840 1839//1839
f 1832//1832 1825//1825 1833//1833 1840//1840
f 1833//1833 1834//1834 1842//1842 1841//1841
f 1834//1834 1835//1835 1843//1843 1842//1842
f 1835//1835 1836//1836 1844//1844 1843//1843
f 1836//1836 1837//1837 1845//1845 1844//1844
f 1837//1837 1838//1838 1846//1846 1845//1845
f 1838//1838 1839//1839 1847//1847 1846//1846
f 1839//1839 1840//1840 1848//1848 1847//1847
f 1840//1840 1833//1833 1841//1841 1848//1848
f 1841//1841 1842//1842 1850//1850 1849//1849
f 1842//1842 1843//1843 1851//1851 1850//1850
f 1843//1843 1844//1844 1852//1852 1851//1851
f 1844//1844 1845//1845 1853//1853 1852//1852
f 1845//1845 1846//1846 1854//1854 1853//1853
f 1846//1846 1847//1847 1855//1855 1854//1854
f 1847//1847 1848//1848 1856//1856 1855//1855
f 1848//1848 1841//1841 1849//1849 1856//1856
f 1849//1849 1850//1850 1858//1858 1857//1857
f 1850//1850 1851//1851 1859//1859 1858//1858
f 1851//1851 1852//1852 1860//1860 1859//1859
f 1852//1852 1853//1853 1861//1861 1860//1860
f 1853//1853 1854//1854 1862//1862 1861//1861
f 1854//1854 1855//1855 1863//1863 1862//1862
f 1855//1855 1856//1856 1864//1864 1863//1863
f 1856//1856 1849//1849 1857//1857 1864//1864
f 1865//1865 1866//1866 1874//1874 1873//1873
f 1866//1866 1867//1867 1875//1875 1874//1874
f 1867//1867 1868//1868 1876//1876 1875//1875
f 1868//1868 1869//1869 1877//1877 1876//1876
f 1869//1869 1870//1870 1878//1878 1877//1877
f 1870//1870 1871//1871 1879//1879 1878//1878
f 1871//1871 1872//1872 1880//1880 1879//1879
f 1872//1872 1865//1865 1873//1873 1880//1880
f 1873//1873 1874//1874 1882//1882 1881//1881
f 1874//1874 1875//1875 1883//1883 1882//1882
f 1875//1875 1876//1876 1884//1884 1883//1883
f 1876//1876 1877//1877 1885//1885 1884//1884
f 1877//1877 1878//1878 1886//1886 1885//1885
f 1878//1878 1879//1879 1887//1887 1886//1886
f 1879//1879 1880//1880 1888//1888 1887//1887
f 1880//1880 1873//1873 1881//1881 1888//1888
f 1881//1881 1882//1882 1890//1890 1889//1889
f 1882//1882 1883//1883 1891//1891 1890//1890
f 1883//1883 1884//1884 1892//1892 1891//1891
f 1884//1884 1885//1885 1893//1893 1892//1892
f 1885//1885 1886//1886 1894//1894 1893//1893
f 1886//1886 1887//1887 1895//1895 1894//1894
f 1887//1887 1888//1888 1896//1896 1895//1895
f 1888//1888 1881//1881 1889//1889 1896//1896
f 1889//1889 1890//1890 1898//1898 1897//1897
f 1890//1890 1891//1891 1899//1899 1898//1898
f 1891//1891 1892//1892 1900//1900 1899//1899
f 1892//1892 1893//1893 1901//1901 1900//1900
f 1893//1893 1894//1894 1902//1902 1901//1901
f 1894//1894 1895//1895 1903//1903 1902//1902
f 1895//1895 1896//1896 1904//1904 1903//1903
f 1896//1896 1889//1889 1897//1897 1904//1904
f 1897//1897 1898//1898 1906//1906 1905//1905
f 1898//1898 1899//1899 1907//1907 1906//1906
f 1899//1899 1900//1900 1908//1908 1907//1907
f 1900//1900 1901//1901 1909//1909 1908//1908
f 1901//1901 1902//1902 1910//1910 1909//1909
f 1902//1902 1903//1903 1911//1911 1910//1910
f 1903//1903 1904//1904 1912//1912 1911//1911
f 1904//1904 1897//1897 1905//1905 1912//1912
f 1905//1905 1906//1906 1914//1914 1913//1913
f 1906//1906 1907//1907 1915//1915 1914//1914
f 1907//1907 1908//1908 1916//1916 1915//1915
f 1908//1908 1909//1909 1917//1917 1916//1916
f 1909//1909 1910//1910 1918//1918 1917//1917
f 1910//1910 1911//1911 1919//1919 1918//1918
f 1911//1911 1912//1912 1920//1920 1919//1919
f 1912//1912 1905//1905 1913//1913 1920//1920
f 1913//1913 1914//1914 1922//1922 1921//1921
f 1914//1914 1915//1915 1923//1923 1922//1922
f 1915//1915 1916//1916 1924//1924 1923//1923
f 1916//1916 1917//1917 1925//1925 1924//1924
f 1917//1917 1918//1918 1926//1926 1925//1925
f 1918//1918 1919//1919 1927//1927 1926//1926
f 1919//1919 1920//1920 1928//1928 1927//1927
f 1920//1920 1913//1913 1921//1921 1928//1928
f 1921//1921 1922//1922 1930//1930 1929//1929
f 1922//1922 1923//1923 1931//1931 1930//1930
f 1923//1923 1924//1924 1932//1932 1931//1931
f 1924//1924 1925//1925 1933//1933 1932//1932
f 1925//1925 1926//1926 1934//1934 1933//1933
f 1926//1926 1927//1927 1935//1935 1934//1934
f 1927//1927 1928//1928 1936//1936 1935//1935
f 1928//1928 1921//1921 1929//1929 1936//1936
f 1929//1929 1930//1930 1938//1938 1937//1937
f 1930//1930 1931//1931 1939//1939 1938//1938
f 1931//1931 1932//1932 1940//1940 1939//1939
f 1932//1932 1933//1933 1941//1941 1940//1940
f 1933//1933 1934//1934 1942//1942 1941//1941
f 1934//1934 1935//1935 1943//1943 1942//1942
f 1935//1935 1936//1936 1944//1944 1943//1943
f 1936//1936 1929//1929 1937//1937 1944//1944
f 1937//1937 1938//1938 1946//1946 1945//1945
f 1938//1938 1939//1939 1947//1947 1946//1946
f 1939//1939 1940//1940 1948//1948 1947//1947
f 1940//1940 1941//1941 1949//1949 1948//1948
f 1941//1941 1942//1942 1950//1950 1949//1949
f 1942//1942 1943//1943 1951//1951 1950//1950
f 1943//1943 1944//1944 1952//1952 1951//1951
f 1944//1944 1937//1937 1945//1945 1952//1952
f 1945//1945 1946//1946 1954//1954 1953//1953
f 1946//1946 1947//1947 1955//1955 1954//1954
f 1947//1947 1948//1948 1956//1956 1955//1955
f 1948//1948 1949//1949 1957//1957 1956//1956
f 1949//1949 1950//1950 1958//1958 1957//1957
f 1950//1950 1951//1951 1959//1959 1958//1958
f 1951//1951 1952//1952 1960//1960 1959//1959
f 1952//1952 1945//1945 1953//1953 1960//1960
f 1953//1953 1954//1954 1962//1962 1961//1961
f 1954//1954 1955//1955 1963//1963 1962//1962
f 1955//1955 1956//1956 1964//1964 1963//1963
f 1956//1956 1957//1957 1965//1965 1964//1964
f 1957//1957 1958//1958 1966//1966 1965//1965
f 1958//1958 1959//1959 1967//1967 1966//1966
f 1959//1959 1960//1960 1968//1968 1967//1967
f 1960//1960 1953//1953 1961//1961 1968//1968
f 1961//1961 1962//1962 1970//1970 1969//1969
f 1962//1962 1963//1963 1971//1971 1970//1970
f 1963//1963 1964//1964 1972//1972 1971//1971
f 1964//1964 1965//1965 1973//1973 1972//1972
f 1965//1965 1966//1966 1974//1974 1973//1973
f 1966//1966 1967//1967 1975//1975 1974//1974
f 1967//1967 1968//1968 1976//1976 1975//1975
f 1968//1968 1961//1961 1969//1969 1976//1976
f 1969//1969 1970//1970 1978//1978 1977//1977
f 1970//1970 1971//1971 1979//1979 1978//1978
f 1971//1971 1972//1972 1980//1980 1979//1979
f 1972//1972 1973//1973 1981//1981 1980//1980
f 1973//1973 1974//1974 1982//1982 1981//1981
f 1974//1974 1975//1975 1983//1983 1982//1982
f 1975//1975 1976//1976 1984//1984 1983//1983
f 1976//1976 1969//1969 1977//1977 1984//1984
f 1977//1977 1978//1978 1986//1986 1985//1985
f 1978//1978 1979//1979 1987//1987 1986//1986
f 1979//1979 1980//1980 1988//1988 1987//1987
f 1980//1980 1981//1981 1989//1989 1988//1988
f 1981//1981 1982//1982 1990//1990 1989//1989
f 1982//1982 1983//1983 1991//1991 1990//1990
f 1983//1983 1984//1984 1992//1992 1991//1991
f 1984//1984 1977//1977 1985//1985 1992//1992
f 1985//1985 1986//1986 1994//1994 1993//1993
f 1986//1986 1987//1987 1995//1995 1994//1994
f 1987//1987 1988//1988 1996//1996 1995//1995
f 1988//1988 1989//1989 1997//1997 1996//1996
f 1989//1989 1990//1990 1998//1998 1997//1997
f 1990//1990 1991//1991 1999//1999 1998//1998
f 1991//1991 1992//1992 2000//2000 1999//1999
f 1992//1992 1985//1985 1993//1993 2000//2000
f 1993//1993 1994//1994 2002//2002 2001//2001
f 1994//1994 1995//1995 2003//2003 2002//2002
f 1995//1995 1996//1996 2004//2004 2003//2003
f 1996//1996 1997//1997 2005//2005 2004//2004
f 1997//1997 1998//1998 2006//2006 2005//2005
f 1998//1998 1999//1999 2007//2007 2006//2006
f 1999//1999 2000//2000 2008//2008 2007//2007
f 2000//2000 1993//1993 2001//2001 2008//2008
f 2001//2001 2002//2002 2010//2010 2009//2009
f 2002//2002 2003//2003 2011//2011 2010//2010
f 2003//2003 2004//2004 2012//2012 2011//2011
f 2004//2004 2005//2005 2013//2013 2012//2012
f 2005//2005 2006//2006 2014//2014 2013//2013
f 2006//2006 2007//2007 2015//2015 2014//2014
f 2007//2007 2008//2008 2016//2016 2015//2015
f 2008//2008 2001//2001 2009//2009 2016//2016
f 2009//2009 2010//2010 2018//2018 2017//2017
f 2010//2010 2011//2011 2019//2019 2018//2018
f 2011//2011 2012//2012 2020//2020 2019//2019
f 2012//2012 2013//2013 2021//2021 2020//2020
f 2013//2013 2014//2014 2022//2022 2021//2021
f 2014//2014 2015//2015 2023//2023 2022//2022
f 2015//2015 2016//2016 2024//2024 2023//2023
f 2016//2016 2009//2009 2017//2017 2024//2024
f 2017//2017 2018//2018 2026//2026 2025//2025
f 2018//2018 2019//2019 2027//2027 2026//2026
f 2019//2019 2020//2020 2028//2028 2027//2027
f 2020//2020 2021//2021 2029//2029 2028//2028
f 2021//2021 2022//2022 2030//2030 2029//2029
f 2022//2022 2023//2023 2031//2031 2030//2030
f 2023//2023 2024//2024 2032//2032 2031//2031
f 2024//2024 2017//2017 2025//2025 2032//2032
f 2025//2025 2026//2026 2034//2034 2033//2033
f 2026//2026 2027//2027 2035//2035 2034//2034
f 2027//2027 2028//2028 2036//2036 2035//2035
f 2028//2028 2029//2029 2037//2037 2036//2036
f 2029//2029 2030//2030 2038//2038 2037//2037
f 2030//2030 2031//2031 2039//2039 2038//2038
f 2031//2031 2032//2032 2040//2040 2039//2039
f 2032//2032 2025//2025 2033//2033 2040//2040
f 2033//2033 2034//2034 2042//2042 2041//2041
f 2034//2034 2035//2035 2043//2043 2042//2042
f 2035//2035 2036//2036 2044//2044 2043//2043
f 2036//2036 2037//2037 2045//2045 2044//2044
f 2037//2037 2038//2038 2046//2046 2045//2045
f 2038//2038 2039//2039 2047//2047 2046//2046
f 2039//2039 2040//2040 2048//2048 2047//2047
f 2040//2040 2033//2033 2041//2041 2048//2048
f 2041//2041 2042//2042 2050//2050 2049//2049
f 2042//2042 2043//2043 2051//2051 2050//2050
f 2043//2043 2044//2044 2052//2052 2051//2051
f 2044//2044 2045//2045 2053//2053 2052//2052
f 2045//2045 2046//2046 2054//2054 2053//2053
f 2046//2046 2047//2047 2055//2055 2054//2054
f 2047//2047 2048//2048 2056//2056 2055//2055
f 2048//2048 2041//2041 2049//2049 2056//2056
f 2049//2049 2050//2050 2058//2058 2057//2057
f 2050//2050 2051//2051 2059//2059 2058//2058
f 2051//2051 2052//2052 2060//2060 2059//2059
f 2052//2052 2053//2053 2061//2061 2060//2060
f 2053//2053 2054//2054 2062//2062 2061//2061
f 2054//2054 2055//2055 2063//2063 2062//2062
f 2055//2055 2056//2056 2064//2064 2063//2063
f 2056//2056 2049//2049 2057//2057 2064//2064
f 2057//2057 2058//2058 2066//2066 2065//2065
f 2058//2058 2059//2059 2067//2067 2066//2066
f 2059//2059 2060//2060 2068//2068 2067//2067
f 2060//2060 2061//2061 2069//2069 2068//2068
f 2061//2061 2062//2062 2070//2070 2069//2069
f 2062//2062 2063//2063 2071//2071 2070//2070
f 2063//2063 2064//2064 2072//2072 2071//2071
f 2064//2064 2057//2057 2065//2065 2072//2072
f 2065//2065 2066//2066 2074//2074 2073//2073
f 2066//2066 2067//2067 2075//2075 2074//2074
f 2067//2067 2068//2068 2076//2076 2075//2075
f 2068//2068 2069//2069 2077//2077 2076//2076
f 2069//2069 2070//2070 2078//2078 2077//2077
f 2070//2070 2071//2071 2079//2079 2078//2078
f 2071//2071 2072//2072 2080//2080 2079//2079
f 2072//2072 2065//2065 2073//2073 2080//2080
f 2073//2073 2074//2074 2082//2082 2081//2081
f 2074//2074 2075//2075 2083//2083 2082//2082
f 2075//2075 2076//2076 2084//2084 2083//2083
f 2076//2076 2077//2077 2085//2085 2084//2084
f 2077//2077 2078//2078 2086//2086 2085//2085
f 2078//2078 2079//2079 2087//2087 2086//2086
f 2079//2079 2080//2080 2088//2088 2087//2087
f 2080//2080 2073//2073 2081//2081 2088//2088
f 2081//2081 2082//2082 2090//2090 2089//2089
f 2082//2082 2083//2083 2091//2091 2090//2090
f 2083//2083 2084//2084 2092//2092 2091//2091
f 2084//2084 2085//2085 2093//2093 2092//2092
f 2085//2085 2086//2086 2094//2094 2093//2093
f 2086//2086 2087//2087 2095//2095 2094//2094
f 2087//2087 2088//2088 2096//2096 2095//2095
f 2088//2088 2081//2081 2089//2089 2096//2096
f 2089//2089 2090//2090 2098//2098 2097//2097
f 2090//2090 2091//2091 2099//2099 2098//2098
f 2091//2091 2092//2092 2100//2100 2099//2099
f 2092//2092 2093//2093 2101//2101 2100//2100
f 2093//2093 2094//2094 2102//2102 2101//2101
f 2094//2094 2095//2095 2103//2103 2102//2102
f 2095//2095 2096//2096 2104//2104 2103//2103
f 2096//2096 2089//2089 2097//2097 2104//2104
f 2097//2097 2098//2098 2106//2106 2105//2105
f 2098//2098 2099//2099 2107//2107 2106//2106
f 2099//2099 2100//2100 2108//2108 2107//2107
f 2100//2100 2101//2101 2109//2109 2108//2108
f 2101//2101 2102//2102 2110//2110 2109//2109
f 2102//2102 2103//2103 2111//2111 2110//2110
f 2103//2103 2104//2104 2112//2112 2111//2111
f 2104//2104 2097//2097 2105//2105 2112//2112
f 2105//2105 2106//2106 2114//2114 2113//2113
f 2106//2106 2107//2107 2115//2115 2114//2114
f 2107//2107 2108//2108 2116//2116 2115//2115
f 2108//2108 2109//2109 2117//2117 2116//2116
f 2109//2109 2110//2110 2118//2118 2117//2117
f 2110//2110 2111//2111 2119//2119 2118//2118
f 2111//2111 2112//2112 2120//2120 2119//2119
f 2112//2112 2105//2105 2113//2113 2120//2120
f 2113//2113 2114//2114 2122//2122 2121//2121
f 2114//2114 2115//2115 2123//2123 2122//2122
f 2115//2115 2116//2116 2124//2124 2123//2123
f 2116//2116 2117//2117 2125//2125 2124//2124
f 2117//2117 2118//2118 2126//2126 2125//2125
f 2118//2118 2119//2119 2127//2127 2126//2126
f 2119//2119 2120//2120 2128//2128 2127//2127
f 2120//2120 2113//2113 2121//2121 2128//2128
f 2121//2121 2122//2122 2130//2130 2129//2129
f 2122//2122 2123//2123 2131//2131 2130//2130
f 2123//2123 2124//2124 2132//2132 2131//2131
f 2124//2124 2125//2125 2133//2133 2132//2132
f 2125//2125 2126//2126 2134//2134 2133//2133
f 2126//2126 2127//2127 2135//2135 2134//2134
f 2127//2127 2128//2128 2136//2136 2135//2135
f 2128//2128 2121//2121 2129//2129 2136//2136
f 2129//2129 2130//2130 2138//2138 2137//2137
f 2130//2130 2131//2131 2139//2139 2138//2138
f 2131//2131 2132//2132 2140//2140 2139//2139
f 2132//2132 2133//2133 2141//2141 2140//2140
f 2133//2133 2134//2134 2142//2142 2141//2141
f 2134//2134 2135//2135 2143//2143 2142//2142
f 2135//2135 2136//2136 2144//2144 2143//2143
f 2136//2136 2129//2129 2137//2137 2144//2144
f 2137//2137 2138//2138 2146//2146 2145//2145
f 2138//2138 2139//2139 2147//2147 2146//2146
f 2139//2139 2140//2140 2148//2148 2147//2147
f 2140//2140 2141//2141 2149//2149 2148//2148
f 2141//2141 2142//2142 2150//2150 2149//2149
f 2142//2142 2143//2143 2151//2151 2150//2150
f 2143//2143 2144//2144 2152//2152 2151//2151
f 2144//2144 2137//2137 2145//2145 2152//2152
f 2153//2153 2154//2154 2162//2162 2161//2161
f 2154//2154 2155//2155 2163//2163 2162//2162
f 2155//2155 2156//2156 2164//2164 2163//2163
f 2156//2156 2157//2157 2165//2165 2164//2164
f 2157//2157 2158//2158 2166//2166 2165//2165
f 2158//2158 2159//2159 2167//2167 2166//2166
f 2159//2159 2160//2160 2168//2168 2167//2167
f 2160//2160 2153//2153 2161//2161 2168//2168
f 2161//2161 2162//2162 2170//2170 2169//2169
f 2162//2162 2163//2163 2171//2171 2170//2170
f 2163//2163 2164//2164 2172//2172 2171//2171
f 2164//2164 2165//2165 2173//2173 2172//2172
f 2165//2165 2166//2166 2174//2174 2173//2173
f 2166//2166 2167//2167 2175//2175 2174//2174
f 2167//2167 2168//2168 2176//2176 2175//2175
f 2168//2168 2161//2161 2169//2169 2176//2176
f 2169//2169 2170//2170 2178//2178 2177//2177
f 2170//2170 2171//2171 2179//2179 2178//2178
f 2171//2171 2172//2172 2180//2180 2179//2179
f 2172//2172 2173//2173 2181//2181 2180//2180
f 2173//2173 2174//2174 2182//2182 2181//2181
f 2174//2174 2175//2175 2183//2183 2182//2182
f 2175//2175 2176//2176 2184//2184 2183//2183
f 2176//2176 2169//2169 2177//2177 2184//2184
f 2177//2177 2178//2178 2186//2186 2185//2185
f 2178//2178 2179//2179 2187//2187 2186//2186
f 2179//2179 2180//2180 2188//2188 2187//2187
f 2180//2180 2181//2181 2189//2189 2188//2188
f 2181//2181 2182//2182 2190//2190 2189//2189
f 2182//2182 2183//2183 2191//2191 2190//2190
f 2183//2183 2184//2184 2192//2192 2191//2191
f 2184//2184 2177//2177 2185//2185 2192//2192
f 2185//2185 2186//2186 2194//2194 2193//2193
f 2186//2186 2187//2187 2195//2195 2194//2194
f 2187//2187 2188//2188 2196//2196 2195//2195
f 2188//2188 2189//2189 2197//2197 2196//2196
f 2189//2189 2190//2190 2198//2198 2197//2197
f 2190//2190 2191//2191 2199//2199 2198//2198
f 2191//2191 2192//2192 2200//2200 2199//2199
f 2192//2192 2185//2185 2193//2193 2200//2200
f 2193//2193 2194//2194 2202//2202 2201//2201
f 2194//2194 2195//2195 2203//2203 2202//2202
f 2195//2195 2196//2196 2204//2204 2203//2203
f 2196//2196 2197//2197 2205//2205 2204//2204
f 2197//2197 2198//2198 2206//2206 2205//2205
f 2198//2198 2199//2199 2207//2207 2206//2206
f 2199//2199 2200//2200 2208//2208 2207//2207
f 2200//2200 2193//2193 2201//2201 2208//2208
f 2201//2201 2202//2202 2210//2210 2209//2209
f 2202//2202 2203//2203 2211//2211 2210//2210
f 2203//2203 2204//2204 2212//2212 2211//2211
f 2204//2204 2205//2205 2213//2213 2212//2212
f 2205//2205 2206//2206 2214//2214 2213//2213
f 2206//2206 2207//2207 2215//2215 2214//2214
f 2207//2207 2208//2208 2216//2216 2215//2215
f 2208//2208 2201//2201 2209//2209 2216//2216
f 2209//2209 2210//2210 2218//2218 2217//2217
f 2210//2210 2211//2211 2219//2219 2218//2218
f 2211//2211 2212//2212 2220//2220 2219//2219
f 2212//2212 2213//2213 2221//2221 2220//2220
f 2213//2213 2214//2214 2222//2222 2221//2221
f 2214//2214 2215//2215 2223//2223 2222//2222
f 2215//2215 2216//2216 2224//2224 2223//2223
f 2216//2216 2209//2209 2217//2217 2224//2224
f 2217//2217 2218//2218 2226//2226 2225//2225
f 2218//2218 2219//2219 2227//2227 2226//2226
f 2219//2219 2220//2220 2228//2228 2227//2227
f 2220//2220 2221//2221 2229//2229 2228//2228
f 2221//2221 2222//2222 2230//2230 2229//2229
f 2222//2222 2223//2223 2231//2231 2230//2230
f 2223//2223 2224//2224 2232//2232 2231//2231
f 2224//2224 2217//2217 2225//2225 2232//2232
f 2225//2225 2226//2226 2234//2234 2233//2233
f 2226//2226 2227//2227 2235//2235 2234//2234
f 2227//2227 2228//2228 2236//2236 2235//2235
f 2228//2228 2229//2229 2237//2237 2236//2236
f 2229//2229 2230//2230 2238//2238 2237//2237
f 2230//2230 2231//2231 2239//2239 2238//2238
f 2231//2231 2232//2232 2240//2240 2239//2239
f 2232//2232 2225//2225 2233//2233 2240//2240
f 2233//2233 2234//2234 2242//2242 2241//2241
f 2234//2234 2235//2235 2243//2243 2242//2242
f 2235//2235 2236//2236 2244//2244 2243//2243
f 2236//2236 2237//2237 2245//2245 2244//2244
f 2237//2237 2238//2238 2246//2246 2245//2245
f 2238//2238 2239//2239 2247//2247 2246//2246
f 2239//2239 2240//2240 2248//2248 2247//2247
f 2240//2240 2233//2233 2241//2241 2248//2248
f 2241//2241 2242//2242 2250//2250 2249//2249
f 2242//2242 2243//2243 2251//2251 2250//2250
f 2243//2243 2244//2244 2252//2252 2251//2251
f 2244//2244 2245//2245 2253//2253 2252//2252
f 2245//2245 2246//2246 2254//2254 2253//2253
f 2246//2246 2247//2247 2255//2255 2254//2254
f 2247//2247 2248//2248 2256//2256 2255//2255
f 2248//2248 2241//2241 2249//2249 2256//2256
f 2249//2249 2250//2250 2258//2258 2257//2257
f 2250//2250 2251//2251 2259//2259 2258//2258
f 2251//2251 2252//2252 2260//2260 2259//2259
f 2252//2252 2253//2253 2261//2261 2260//2260
f 2253//2253 2254//2254 2262//2262 2261//2261
f 2254//2254 2255//2255 2263//2263 2262//2262
f 2255//2255 2256//2256 2264//2264 2263//2263
f 2256//2256 2249//2249 2257//2257 2264//2264
f 2257//2257 2258//2258 2266//2266 2265//2265
f 2258//2258 2259//2259 2267//2267 2266//2266
f 2259//2259 2260//2260 2268//2268 2267//2267
f 2260//2260 2261//2261 2269//2269 2268//2268
f 2261//2261 2262//2262 2270//2270 2269//2269
f 2262//2262 2263//2263 2271//2271 2270//2270
f 2263//2263 2264//2264 2272//2272 2271//2271
f 2264//2264 2257//2257 2265//2265 2272//2272
f 2265//2265 2266//2266 2274//2274 2273//2273
f 2266//2266 2267//2267 2275//2275 2274//2274
f 2267//2267 2268//2268 2276//2276 2275//2275
f 2268//2268 2269//2269 2277//2277 2276//2276
f 2269//2269 2270//2270 2278//2278 2277//2277
f 2270//2270 2271//2271 2279//2279 2278//2278
f 2271//2271 2272//2272 2280//2280 2279//2279
f 2272//2272 2265//2265 2273//2273 2280//2280
f 2273//2273 2274//2274 2282//2282 2281//2281
f 2274//2274 2275//2275 2283//2283 2282//2282
f 2275//2275 2276//2276 2284//2284 2283//2283
f 2276//2276 2277//2277 2285//2285 2284//2284
f 2277//2277 2278//2278 2286//2286 2285//2285
f 2278//2278 2279//2279 2287//2287 2286//2286
f 2279//2279 2280//2280 2288//2288 2287//2287
f 2280//2280 2273//2273 2281//2281 2288//2288
f 2281//2281 2282//2282 2290//2290 2289//2289
f 2282//2282 2283//2283 2291//2291 2290//2290
f 2283//2283 2284//2284 2292//2292 2291//2291
f 2284//2284 2285//2285 2293//2293 2292//2292
f 2285//2285 2286//2286 2294//2294 2293//2293
f 2286//2286 2287//2287 2295//2295 2294//2294
f 2287//2287 2288//2288 2296//2296 2295//2295
f 2288//2288 2281//2281 2289//2289 2296//2296
f 2289//2289 2290//2290 2298//2298 2297//2297
f 2290//2290 2291//2291 2299//2299 2298//2298
f 2291//2291 2292//2292 2300//2300 2299//2299
f 2292//2292 2293//2293 2301//2301 2300//2300
f 2293//2293 2294//2294 2302//2302 2301//2301
f 2294//2294 2295//2295 2303//2303 2302//2302
f 2295//2295 2296//2296 2304//2304 2303//2303
f 2296//2296 2289//2289 2297//2297 2304//2304
f 2297//2297 2298//2298 2306//2306 2305//2305
f 2298//2298 2299//2299 2307//2307 2306//2306
f 2299//2299 2300//2300 2308//2308 2307//2307
f 2300//2300 2301//2301 2309//2309 2308//2308
f 2301//2301 2302//2302 2310//2310 2309//2309
f 2302//2302 2303//2303 2311//2311 2310//2310
f 2303//2303 2304//2304 2312//2312 2311//2311
f 2304//2304 2297//2297 2305//2305 2312//2312
f 2305//2305 2306//2306 2314//2314 2313//2313
f 2306//2306 2307//2307 2315//2315 2314//2314
f 2307//2307 2308//2308 2316//2316 2315//2315
f 2308//2308 2309//2309 2317//2317 2316//2316
f 2309//2309 2310//2310 2318//2318 2317//2317
f 2310//2310 2311//2311 2319//2319 2318//2318
f 2311//2311 2312//2312 2320//2320 2319//2319
f 2312//2312 2305//2305 2313//2313 2320//2320
f 2313//2313 2314//2314 2322//2322 2321//2321
f 2314//2314 2315//2315 2323//2323 2322//2322
f 2315//2315 2316//2316 2324//2324 2323//2323
f 2316//2316 2317//2317 2325//2325 2324//2324
f 2317//2317 2318//2318 2326//2326 2325//2325
f 2318//2318 2319//2319 2327//2327 2326//2326
f 2319//2319 2320//2320 2328//2328 2327//2327
f 2320//2320 2313//2313 2321//2321 2328//2328
f 2321//2321 2322//2322 2330//2330 2329//2329
f 2322//2322 2323//2323 2331//2331 2330//2330
f 2323//2323 2324//2324 2332//2332 2331//2331
f 2324//2324 2325//2325 2333//2333 2332//2332
f 2325//2325 2326//2326 2334//2334 2333//2333
f 2326//2326 2327//2327 2335//2335 2334//2334
f 2327//2327 2328//2328 2336//2336 2335//2335
f 2328//2328 2321//2321 2329//2329 2336//2336
f 2329//2329 2330//2330 2338//2338 2337//2337
f 2330//2330 2331//2331 2339//2339 2338//2338
f 2331//2331 2332//2332 2340//2340 2339//2339
f 2332//2332 2333//2333 2341//2341 2340//2340
f 2333//2333 2334//2334 2342//2342 2341//2341
f 2334//2334 2335//2335 2343//2343 2342//2342
f 2335//2335 2336//2336 2344//2344 2343//2343
f 2336//2336 2329//2329 2337//2337 2344//2344
f 2337//2337 2338//2338 2346//2346 2345//2345
f 2338//2338 2339//2339 2347//2347 2346//2346
f 2339//2339 2340//2340 2348//2348 2347//2347
f 2340//2340 2341//2341 2349//2349 2348//2348
f 2341//2341 2342//2342 2350//2350 2349//2349
f 2342//2342 2343//2343 2351//2351 2350//2350
f 2343//2343 2344//2344 2352//2352 2351//2351
f 2344//2344 2337//2337 2345//2345 2352//2352
f 2345//2345 2346//2346 2354//2354 2353//2353
f 2346//2346 2347//2347 2355//2355 2354//2354
f 2347//2347 2348//2348 2356//2356 2355//2355
f 2348//2348 2349//2349 2357//2357 2356//2356
f 2349//2349 2350//2350 2358//2358 2357//2357
f 2350//2350 2351//2351 2359//2359 2358//2358
f 2351//2351 2352//2352 2360//2360 2359//2359
f 2352//2352 2345//2345 2353//2353 2360//2360
f 2353//2353 2354//2354 2362//2362 2361//2361
f 2354//2354 2355//2355 2363//2363 2362//2362
f 2355//2355 2356//2356 2364//2364 2363//2363
f 2356//2356 2357//2357 2365//2365 2364//2364
f 2357//2357 2358//2358 2366//2366 2365//2365
f 2358//2358 2359//2359 2367//2367 2366//2366
f 2359//2359 2360//2360 2368//2368 2367//2367
f 2360//2360 2353//2353 2361//2361 2368//2368
f 2361//2361 2362//2362 2370//2370 2369//2369
f 2362//2362 2363//2363 2371//2371 2370//2370
f 2363//2363 2364//2364 2372//2372 2371//2371
f 2364//2364 2365//2365 2373//2373 2372//2372
f 2365//2365 2366//2366 2374//2374 2373//2373
f 2366//2366 2367//2367 2375//2375 2374//2374
f 2367//2367 2368//2368 2376//2376 2375//2375
f 2368//2368 2361//2361 2369//2369 2376//2376
f 2369//2369 2370//2370 2378//2378 2377//2377
f 2370//2370 2371//2371 2379//2379 2378//2378
f 2371//2371 2372//2372 2380//2380 2379//2379
f 2372//2372 2373//2373 2381//2381 2380//2380
f 2373//2373 2374//2374 2382//2382 2381//2381
f 2374//2374 2375//2375 2383//2383 2382//2382
f 2375//2375 2376//2376 2384//2384 2383//2383
f 2376//2376 2369//2369 2377//2377 2384//2384
f 2385//2385 2386//2386 2394//2394 2393//2393
f 2386//2386 2387//2387 2395//2395 2394//2394
f 2387//2387 2388//2388 2396//2396 2395//2395
f 2388//2388 2389//2389 2397//2397 2396//2396
f 2389//2389 2390//2390 2398//2398 2397//2397
f 2390//2390 2391//2391 2399//2399 2398//2398
f 2391//2391 2392//2392 2400//2400 2399//2399
f 2392//2392 2385//2385 2393//2393 2400//2400
f 2393//2393 2394//2394 2402//2402 2401//2401
f 2394//2394 2395//2395 2403//2403 2402//2402
f 2395//2395 2396//2396 2404//2404 2403//2403
f 2396//2396 2397//2397 2405//2405 2404//2404
f 2397//2397 2398//2398 2406//2406 2405//2405
f 2398//2398 2399//2399 2407//2407 2406//2406
f 2399//2399 2400//2400 2408//2408 2407//2407
f 2400//2400 2393//2393 2401//2401 2408//2408
f 2401//2401 2402//2402 2410//2410 2409//2409
f 2402//2402 2403//2403 2411//2411 2410//2410
f 2403//2403 2404//2404 2412//2412 2411//2411
f 2404//2404 2405//2405 2413//2413 2412//2412
f 2405//2405 2406//2406 2414//2414 2413//2413
f 2406//2406 2407//2407 2415//2415 2414//2414
f 2407//2407 2408//2408 2416//2416 2415//2415
f 2408//2408 2401//2401 2409//2409 2416//2416
f 2409//2409 2410//2410 2418//2418 2417//2417
f 2410//2410 2411//2411 2419//2419 2418//2418
f 2411//2411 2412//2412 2420//2420 2419//2419
f 2412//2412 2413//2413 2421//2421 2420//2420
f 2413//2413 2414//2414 2422//2422 2421//2421
f 2414//2414 2415//2415 2423//2423 2422//2422
f 2415//2415 2416//2416 2424//2424 2423//2423
f 2416//2416 2409//2409 2417//2417 2424//2424
f 2417//2417 2418//2418 2426//2426 2425//2425
f 2418//2418 2419//2419 2427//2427 2426//2426
f 2419//2419 2420//2420 2428//2428 2427//2427
f 2420//2420 2421//2421 2429//2429 2428//2428
f 2421//2421 2422//2422 2430//2430 2429//2429
f 2422//2422 2423//2423 2431//2431 2430//2430
f 2423//2423 2424//2424 2432//2432 2431//2431
f 2424//2424 2417//2417 2425//2425 2432//2432
f 2425//2425 2426//2426 2434//2434 2433//2433
f 2426//2426 2427//2427 2435//2435 2434//2434
f 2427//2427 2428//2428 2436//2436 2435//2435
f 2428//2428 2429//2429 2437//2437 2436//2436
f 2429//2429 2430//2430 2438//2438 2437//2437
f 2430//2430 2431//2431 2439//2439 2438//2438
f 2431//2431 2432//2432 2440//2440 2439//2439
f 2432//2432 2425//2425 2433//2433 2440//2440
f 2433//2433 2434//2434 2442//2442 2441//2441
f 2434//2434 2435//2435 2443//2443 2442//2442
f 2435//2435 2436//2436 2444//2444 2443//2443
f 2436//2436 2437//2437 2445//2445 2444//2444
f 2437//2437 2438//2438 2446//2446 2445//2445
f 2438//2438 2439//2439 2447//2447 2446//2446
f 2439//2439 2440//2440 2448//2448 2447//2447
f 2440//2440 2433//2433 2441//2441 2448//2448
f 2441//2441 2442//2442 2450//2450 2449//2449
f 2442//2442 2443//2443 2451//2451 2450//2450
f 2443//2443 2444//2444 2452//2452 2451//2451
f 2444//2444 2445//2445 2453//2453 2452//2452
f 2445//2445 2446//2446 2454//2454 2453//2453
f 2446//2446 2447//2447 2455//2455 2454//2454
f 2447//2447 2448//2448 2456//2456 2455//2455
f 2448//2448 2441//2441 2449//2449 2456//2456
f 2449//2449 2450//2450 2458//2458 2457//2457
f 2450//2450 2451//2451 2459//2459 2458//2458
f 2451//2451 2452//2452 2460//2460 2459//2459
f 2452//2452 2453//2453 2461//2461 2460//2460
f 2453//2453 2454//2454 2462//2462 2461//2461
f 2454//2454 2455//2455 2463//2463 2462//2462
f 2455//2455 2456//2456 2464//2464 2463//2463
f 2456//2456 2449//2449 2457//2457 2464//2464
f 2457//2457 2458//2458 2466//2466 2465//2465
f 2458//2458 2459//2459 2467//2467 2466//2466
f 2459//2459 2460//2460 2468//2468 2467//2467
f 2460//2460 2461//2461 2469//2469 2468//2468
f 2461//2461 2462//2462 2470//2470 2469//2469
f 2462//2462 2463//2463 2471//2471 2470//2470
f 2463//2463 2464//2464 2472//2472 2471//2471
f 2464//2464 2457//2457 2465//2465 2472//2472
f 2465//2465 2466//2466 2474//2474 2473//2473
f 2466//2466 2467//2467 2475//2475 2474//2474
f 2467//2467 2468//2468 2476//2476 2475//2475
f 2468//2468 2469//2469 2477//2477 2476//2476
f 2469//2469 2470//2470 2478//2478 2477//2477
f 2470//2470 2471//2471 2479//2479 2478//2478
f 2471//2471 2472//2472 2480//2480 2479//2479
f 2472//2472 2465//2465 2473//2473 2480//2480
f 2473//2473 2474//2474 2482//2482 2481//2481
f 2474//2474 2475//2475 2483//2483 2482//2482
f 2475//2475 2476//2476 2484//2484 2483//2483
f 2476//2476 2477//2477 2485//2485 2484//2484
f 2477//2477 2478//2478 2486//2486 2485//2485
f 2478//2478 2479//2479 2487//2487 2486//2486
f 2479//2479 2480//2480 2488//2488 2487//2487
f 2480//2480 2473//2473 2481//2481 2488//2488
f 2481//2481 2482//2482 2490//2490 2489//2489
f 2482//2482 2483//2483 2491//2491 2490//2490
f 2483//2483 2484//2484 2492//2492 2491//2491
f 2484//2484 2485//2485 2493//2493 2492//2492
f 2485//2485 2486//2486 2494//2494 2493//2493
f 2486//2486 2487//2487 2495//2495 2494//2494
f 2487//2487 2488//2488 2496//2496 2495//2495
f 2488//2488 2481//2481 2489//2489 2496//2496
f 2489//2489 2490//2490 2498//2498 2497//2497
f 2490//2490 2491//2491 2499//2499 2498//2498
f 2491//2491 2492//2492 2500//2500 2499//2499
f 2492//2492 2493//2493 2501//2501 2500//2500
f 2493//2493 2494//2494 2502//2502 2501//2501
f 2494//2494 2495//2495 2503//2503 2502//2502
f 2495//2495 2496//2496 2504//2504 2503//2503
f 2496//2496 2489//2489 2497//2497 2504//2504
f 2497//2497 2498//2498 2506//2506 2505//2505
f 2498//2498 2499//2499 2507//2507 2506//2506
f 2499//2499 2500//2500 2508//2508 2507//2507
f 2500//2500 2501//2501 2509//2509 2508//2508
f 2501//2501 2502//2502 2510//2510 2509//2509
f 2502//2502 2503//2503 2511//2511 2510//2510
f 2503//2503 2504//2504 2512//2512 2511//2511
f 2504//2504 2497//2497 2505//2505 2512//2512
f 2505//2505 2506//2506 2514//2514 2513//2513
f 2506//2506 2507//2507 2515//2515 2514//2514
f 2507//2507 2508//2508 2516//2516 2515//2515
f 2508//2508 2509//2509 2517//2517 2516//2516
f 2509//2509 2510//2510 2518//2518 2517//2517
f 2510//2510 2511//2511 2519//2519 2518//2518
f 2511//2511 2512//2512 2520//2520 2519//2519
f 2512//2512 2505//2505 2513//2513 2520//2520
f 2513//2513 2514//2514 2522//2522 2521//2521
f 2514//2514 2515//2515 2523//2523 2522//2522
f 2515//2515 2516//2516 2524//2524 2523//2523
f 2516//2516 2517//2517 2525//2525 2524//2524
f 2517//2517 2518//2518 2526//2526 2525//2525
f 2518//2518 2519//2519 2527//2527 2526//2526
f 2519//2519 2520//2520 2528//2528 2527//2527
f 2520//2520 2513//2513 2521//2521 2528//2528
f 2521//2521 2522//2522 2530//2530 2529//2529
f 2522//2522 2523//2523 2531//2531 2530//2530
f 2523//2523 2524//2524 2532//2532 2531//2531
f 2524//2524 2525//2525 2533//2533 2532//2532
f 2525//2525 2526//2526 2534//2534 2533//2533
f 2526//2526 2527//2527 2535//2535 2534//2534
f 2527//2527 2528//2528 2536//2536 2535//2535
f 2528//2528 2521//2521 2529//2529 2536//2536
f 2529//2529 2530//2530 2538//2538 2537//2537
f 2530//2530 2531//2531 2539//2539 2538//2538
f 2531//2531 2532//2532 2540//2540 2539//2539
f 2532//2532 2533//2533 2541//2541 2540//2540
f 2533//2533 2534//2534 2542//2542 2541//2541
f 2534//2534 2535//2535 2543//2543 2542//2542
f 2535//2535 2536//2536 2544//2544 2543//2543
f 2536//2536 2529//2529 2537//2537 2544//2544
f 2537//2537 2538//2538 2546//2546 2545//2545
f 2538//2538 2539//2539 2547//2547 2546//2546
f 2539//2539 2540//2540 2548//2548 2547//2547
f 2540//2540 2541//2541 2549//2549 2548//2548
f 2541//2541 2542//2542 2550//2550 2549//2549
f 2542//2542 2543//2543 2551//2551 2550//2550
f 2543//2543 2544//2544 2552//2552 2551//2551
f 2544//2544 2537//2537 2545//2545 2552//2552
f 2545//2545 2546//2546 2554//2554 2553//2553
f 2546//2546 2547//2547 2555//2555 2554//2554
f 2547//2547 2548//2548 2556//2556 2555//2555
f 2548//2548 2549//2549 2557//2557 2556//2556
f 2549//2549 2550//2550 2558//2558 2557//2557
f 2550//2550 2551//2551 2559//2559 2558//2558
f 2551//2551 2552//2552 2560//2560 2559//2559
f 2552//2552 2545//2545 2553//2553 2560//2560
f 2553//2553 2554//2554 2562//2562 2561//2561
f 2554//2554 2555//2555 2563//2563 2562//2562
f 2555//2555 2556//2556 2564//2564 2563//2563
f 2556//2556 2557//2557 2565//2565 2564//2564
f 2557//2557 2558//2558 2566//2566 2565//2565
f 2558//2558 2559//2559 2567//2567 2566//2566
f 2559//2559 2560//2560 2568//2568 2567//2567
f 2560//2560 2553//2553 2561//2561 2568//2568
f 2569//2569 2570//2570 2578//2578 2577//2577
f 2570//2570 2571//2571 2579//2579 2578//2578
f 2571//2571 2572//2572 2580//2580 2579//2579
f 2572//2572 2573//2573 2581//2581 2580//2580
f 2573//2573 2574//2574 2582//2582 2581//2581
f 2574//2574 2575//2575 2583//2583 2582//2582
f 2575//2575 2576//2576 2584//2584 2583//2583
f 2576//2576 2569//2569 2577//2577 2584//2584
f 2577//2577 2578//2578 2586//2586 2585//2585
f 2578//2578 2579//2579 2587//2587 2586//2586
f 2579//2579 2580//2580 2588//2588 2587//2587
f 2580//2580 2581//2581 2589//2589 2588//2588
f 2581//2581 2582//2582 2590//2590 2589//2589
f 2582//2582 2583//2583 2591//2591 2590//2590
f 2583//2583 2584//2584 2592//2592 2591//2591
f 2584//2584 2577//2577 2585//2585 2592//2592
f 2585//2585 2586//2586 2594//2594 2593//2593
f 2586//2586 2587//2587 2595//2595 2594//2594
f 2587//2587 2588//2588 2596//2596 2595//2595
f 2588//2588 2589//2589 2597//2597 2596//2596
f 2589//2589 2590//2590 2598//2598 2597//2597
f 2590//2590 2591//2591 2599//2599 2598//2598
f 2591//2591 2592//2592 2600//2600 2599//2599
f 2592//2592 2585//2585 2593//2593 2600//2600
f 2593//2593 2594//2594 2602//2602 2601//2601
f 2594//2594 2595//2595 2603//2603 2602//2602
f 2595//2595 2596//2596 2604//2604 2603//2603
f 2596//2596 2597//2597 2605//2605 2604//2604
f 2597//2597 2598//2598 2606//2606 2605//2605
f 2598//2598 2599//2599 2607//2607 2606//2606
f 2599//2599 2600//2600 2608//2608 2607//2607
f 2600//2600 2593//2593 2601//2601 2608//2608
f 2601//2601 2602//2602 2610//2610 2609//2609
f 2602//2602 2603//2603 2611//2611 2610//2610
f 2603//2603 2604//2604 2612//2612 2611//2611
f 2604//2604 2605//2605 2613//2613 2612//2612
f 2605//2605 2606//2606 2614//2614 2613//2613
f 2606//2606 2607//2607 2615//2615 2614//2614
f 2607//2607 2608//2608 2616//2616 2615//2615
f 2608//2608 2601//2601 2609//2609 2616//2616
f 2609//2609 2610//2610 2618//2618 2617//2617
f 2610//2610 2611//2611 2619//2619 2618//2618
f 2611//2611 2612//2612 2620//2620 2619//2619
f 2612//2612 2613//2613 2621//2621 2620//2620
f 2613//2613 2614//2614 2622//2622 2621//2621
f 2614//2614 2615//2615 2623//2623 2622//2622
f 2615//2615 2616//2616 2624//2624 2623//2623
f 2616//2616 2609//2609 2617//2617 2624//2624
f 2617//2617 2618//2618 2626//2626 2625//2625
f 2618//2618 2619//2619 2627//2627 2626//2626
f 2619//2619 2620//2620 2628//2628 2627//2627
f 2620//2620 2621//2621 2629//2629 2628//2628
f 2621//2621 2622//2622 2630//2630 2629//2629
f 2622//2622 2623//2623 2631//2631 2630//2630
f 2623//2623 2624//2624 2632//2632 2631//2631
f 2624//2624 2617//2617 2625//2625 2632//2632
f 2625//2625 2626//2626 2634//2634 2633//2633
f 2626//2626 2627//2627 2635//2635 2634//2634
f 2627//2627 2628//2628 2636//2636 2635//2635
f 2628//2628 2629//2629 2637//2637 2636//2636
f 2629//2629 2630//2630 2638//2638 2637//2637
f 2630//2630 2631//2631 2639//2639 2638//2638
f 2631//2631 2632//2632 2640//2640 2639//2639
f 2632//2632 2625//2625 2633//2633 2640//2640
f 2633//2633 2634//2634 2642//2642 2641//2641
f 2634//2634 2635//2635 2643//2643 2642//2642
f 2635//2635 2636//2636 2644//2644 2643//2643
f 2636//2636 2637//2637 2645//2645 2644//2644
f 2637//2637 2638//2638 2646//2646 2645//2645
f 2638//2638 2639//2639 2647//2647 2646//2646
f 2639//2639 2640//2640 2648//2648 2647//2647
f 2640//2640 2633//2633 2641//2641 2648//2648
f 2641//2641 2642//2642 2650//2650 2649//2649
f 2642//2642 2643//2643 2651//2651 2650//2650
f 2643//2643 2644//2644 2652//2652 2651//2651
f 2644//2644 2645//2645 2653//2653 2652//2652
f 2645//2645 2646//2646 2654//2654 2653//2653
f 2646//2646 2647//2647 2655//2655 2654//2654
f 2647//2647 2648//2648 2656//2656 2655//2655
f 2648//2648 2641//2641 2649//2649 2656//2656
f 2649//2649 2650//2650 2658//2658 2657//2657
f 2650//2650 2651//2651 2659//2659 2658//2658
f 2651//2651 2652//2652 2660//2660 2659//2659
f 2652//2652 2653//2653 2661//2661 2660//2660
f 2653//2653 2654//2654 2662//2662 2661//2661
f 2654//2654 2655//2655 2663//2663 2662//2662
f 2655//2655 2656//2656 2664//2664 2663//2663
f 2656//2656 2649//2649 2657//2657 2664//2664
f 2657//2657 2658//2658 2666//2666 2665//2665
f 2658//2658 2659//2659 2667//2667 2666//2666
f 2659//2659 2660//2660 2668//2668 2667//2667
f 2660//2660 2661//2661 2669//2669 2668//2668
f 2661//2661 2662//2662 2670//2670 2669//2669
f 2662//2662 2663//2663 2671//2671 2670//2670
f 2663//2663 2664//2664 2672//2672 2671//2671
f 2664//2664 2657//2657 2665//2665 2672//2672
f 2665//2665 2666//2666 2674//2674 2673//2673
f 2666//2666 2667//2667 2675//2675 2674//2674
f 2667//2667 2668//2668 2676//2676 2675//2675
f 2668//2668 2669//2669 2677//2677 2676//2676
f 2669//2669 2670//2670 2678//2678 2677//2677
f 2670//2670 2671//2671 2679//2679 2678//2678
f 2671//2671 2672//2672 2680//2680 2679//2679
f 2672//2672 2665//2665 2673//2673 2680//2680
f 2673//2673 2674//2674 2682//2682 2681//2681
f 2674//2674 2675//2675 2683//2683 2682//2682
f 2675//2675 2676//2676 2684//2684 2683//2683
f 2676//2676 2677//2677 2685//2685 2684//2684
f 2677//2677 2678//2678 2686//2686 2685//2685
f 2678//2678 2679//2679 2687//2687 2686//2686
f 2679//2679 2680//2680 2688//2688 2687//2687
f 2680//2680 2673//2673 2681//2681 2688//2688
f 2681//2681 2682//2682 2690//2690 2689//2689
f 2682//2682 2683//2683 2691//2691 2690//2690
f 2683//2683 2684//2684 2692//2692 2691//2691
f 2684//2684 2685//2685 2693//2693 2692//2692
f 2685//2685 2686//2686 2694//2694 2693//2693
f 2686//2686 2687//2687 2695//2695 2694//2694
f 2687//2687 2688//2688 2696//2696 2695//2695
f 2688//2688 2681//2681 2689//2689 2696//2696
f 2689//2689 2690//2690 2698//2698 2697//2697
f 2690//2690 2691//2691 2699//2699 2698//2698
f 2691//2691 2692//2692 2700//2700 2699//2699
f 2692//2692 2693//2693 2701//2701 2700//2700
f 2693//2693 2694//2694 2702//2702 2701//2701
f 2694//2694 2695//2695 2703//2703 2702//2702
f 2695//2695 2696//2696 2704//2704 2703//2703
f 2696//2696 2689//2689 2697//2697 2704//2704
f 2705//2705 2706//2706 2714//2714 2713//2713
f 2706//2706 2707//2707 2715//2715 2714//2714
f 2707//2707 2708//2708 2716//2716 2715//2715
f 2708//2708 2709//2709 2717//2717 2716//2716
f 2709//2709 2710//2710 2718//2718 2717//2717
f 2710//2710 2711//2711 2719//2719 2718//2718
f 2711//2711 2712//2712 2720//2720 2719//2719
f 2712//2712 2705//2705 2713//2713 2720//2720
f 2713//2713 2714//2714 2722//2722 2721//2721
f 2714//2714 2715//2715 2723//2723 2722//2722
f 2715//2715 2716//2716 2724//2724 2723//2723
f 2716//2716 2717//2717 2725//2725 2724//2724
f 2717//2717 2718//2718 2726//2726 2725//2725
f 2718//2718 2719//2719 2727//2727 2726//2726
f 2719//2719 2720//2720 2728//2728 2727//2727
f 2720//2720 2713//2713 2721//2721 2728//2728
f 2721//2721 2722//2722 2730//2730 2729//2729
f 2722//2722 2723//2723 2731//2731 2730//2730
f 2723//2723 2724//2724 2732//2732 2731//2731
f 2724//2724 2725//2725 2733//2733 2732//2732
f 2725//2725 2726//2726 2734//2734 2733//2733
f 2726//2726 2727//2727 2735//2735 2734//2734
f 2727//2727 2728//2728 2736//2736 2735//2735
f 2728//2728 2721//2721 2729//2729 2736//2736
f 2729//2729 2730//2730 2738//2738 2737//2737
f 2730//2730 2731//2731 2739//2739 2738//2738
f 2731//2731 2732//2732 2740//2740 2739//2739
f 2732//2732 2733//2733 2741//2741 2740//2740
f 2733//2733 2734//2734 2742//2742 2741//2741
f 2734//2734 2735//2735 2743//2743 2742//2742
f 2735//2735 2736//2736 2744//2744 2743//2743
f 2736//2736 2729//2729 2737//2737 2744//2744
f 2737//2737 2738//2738 2746//2746 2745//2745
f 2738//2738 2739//2739 2747//2747 2746//2746
f 2739//2739 2740//2740 2748//2748 2747//2747
f 2740//2740 2741//2741 2749//2749 2748//2748
f 2741//2741 2742//2742 2750//2750 2749//2749
f 2742//2742 2743//2743 2751//2751 2750//2750
f 2743//2743 2744//2744 2752//2752 2751//2751
f 2744//2744 2737//2737 2745//2745 2752//2752
f 2745//2745 2746//2746 2754//2754 2753//2753
f 2746//2746 2747//2747 2755//2755 2754//2754
f 2747//2747 2748//2748 2756//2756 2755//2755
f 2748//2748 2749//2749 2757//2757 2756//2756
f 2749//2749 2750//2750 2758//2758 2757//2757
f 2750//2750 2751//2751 2759//2759 2758//2758
f 2751//2751 2752//2752 2760//2760 2759//2759
f 2752//2752 2745//2745 2753//2753 2760//2760
f 2753//2753 2754//2754 2762//2762 2761//2761
f 2754//2754 2755//2755 2763//2763 2762//2762
f 2755//2755 2756//2756 2764//2764 2763//2763
f 2756//2756 2757//2757 2765//2765 2764//2764
f 2757//2757 2758//2758 2766//2766 2765//2765
f 2758//2758 2759//2759 2767//2767 2766//2766
f 2759//2759 2760//2760 2768//2768 2767//2767
f 2760//2760 2753//2753 2761//2761 2768//2768
f 2761//2761 2762//2762 2770//2770 2769//2769
f 2762//2762 2763//2763 2771//2771 2770//2770
f 2763//2763 2764//2764 2772//2772 2771//2771
f 2764//2764 2765//2765 2773//2773 2772//2772
f 2765//2765 2766//2766 2774//2774 2773//2773
f 2766//2766 2767//2767 2775//2775 2774//2774
f 2767//2767 2768//2768 2776//2776 2775//2775
f 2768//2768 2761//2761 2769//2769 2776//2776
f 2769//2769 2770//2770 2778//2778 2777//2777
f 2770//2770 2771//2771 2779//2779 2778//2778
f 2771//2771 2772//2772 2780//2780 2779//2779
f 2772//2772 2773//2773 2781//2781 2780//2780
f 2773//2773 2774//2774 2782//2782 2781//2781
f 2774//2774 2775//2775 2783//2783 2782//2782
f 2775//2775 2776//2776 2784//2784 2783//2783
f 2776//2776 2769//2769 2777//2777 2784//2784
f 2785//2785 2786//2786 2794//2794 2793//2793
f 2786//2786 2787//2787 2795//2795 2794//2794
f 2787//2787 2788//2788 2796//2796 2795//2795
f 2788//2788 2789//2789 2797//2797 2796//2796
f 2789//2789 2790//2790 2798//2798 2797//2797
f 2790//2790 2791//2791 2799//2799 2798//2798
f 2791//2791 2792//2792 2800//2800 2799//2799
f 2792//2792 2785//2785 2793//2793 2800//2800
f 2793//2793 2794//2794 2802//2802 2801//2801
f 2794//2794 2795//2795 2803//2803 2802//2802
f 2795//2795 2796//2796 2804//2804 2803//2803
f 2796//2796 2797//2797 2805//2805 2804//2804
f 2797//2797 2798//2798 2806//2806 2805//2805
f 2798//2798 2799//2799 2807//2807 2806//2806
f 2799//2799 2800//2800 2808//2808 2807//2807
f 2800//2800 2793//2793 2801//2801 2808//2808
f 2801//2801 2802//2802 2810//2810 2809//2809
f 2802//2802 2803//2803 2811//2811 2810//2810
f 2803//2803 2804//2804 2812//2812 2811//2811
f 2804//2804 2805//2805 2813//2813 2812//2812
f 2805//2805 2806//2806 2814//2814 2813//2813
f 2806//2806 2807//2807 2815//2815 2814//2814
f 2807//2807 2808//2808 2816//2816 2815//2815
f 2808//2808 2801//2801 2809//2809 2816//2816
f 2817//2817 2818//2818 2826//2826 2825//2825
f 2818//2818 2819//2819 2827//2827 2826//2826
f 2819//2819 2820//2820 2828//2828 2827//2827
f 2820//2820 2821//2821 2829//2829 2828//2828
f 2821//2821 2822//2822 2830//2830 2829//2829
f 2822//2822 2823//2823 2831//2831 2830//2830
f 2823//2823 2824//2824 2832//2832 2831//2831
f 2824//2824 2817//2817 2825//2825 2832//2832
f 2825//2825 2826//2826 2834//2834 2833//2833
f 2826//2826 2827//2827 2835//2835 2834//2834
f 2827//2827 2828//2828 2836//2836 2835//2835
f 2828//2828 2829//2829 2837//2837 2836//2836
f 2829//2829 2830//2830 2838//2838 2837//2837
f 2830//2830 2831//2831 2839//2839 2838//2838
f 2831//2831 2832//2832 2840//2840 2839//2839
f 2832//2832 2825//2825 2833//2833 2840//2840
f 2833//2833 2834//2834 2842//2842 2841//2841
f 2834//2834 2835//2835 2843//2843 2842//2842
f 2835//2835 2836//2836 2844//2844 2843//2843
f 2836//2836 2837//2837 2845//2845 2844//2844
f 2837//2837 2838//2838 2846//2846 2845//2845
f 2838//2838 2839//2839 2847//2847 2846//2846
f 2839//2839 2840//2840 2848//2848 2847//2847
f 2840//2840 2833//2833 2841//2841 2848//2848
f 2849//2849 2850//2850 2858//2858 2857//2857
f 2850//2850 2851//2851 2859//2859 2858//2858
f 2851//2851 2852//2852 2860//2860 2859//2859
f 2852//2852 2853//2853 2861//2861 2860//2860
f 2853//2853 2854//2854 2862//2862 2861//2861
f 2854//2854 2855//2855 2863//2863 2862//2862
f 2855//2855 2856//2856 2864//2864 2863//2863
f 2856//2856 2849//2849 2857//2857 2864//2864
f 2857//2857 2858//2858 2866//2866 2865//2865
f 2858//2858 2859//2859 2867//2867 2866//2866
f 2859//2859 2860//2860 2868//2868 2867//2867
f 2860//2860 2861//2861 2869//2869 2868//2868
f 2861//2861 2862//2862 2870//2870 2869//2869
f 2862//2862 2863//2863 2871//2871 2870//2870
f 2863//2863 2864//2864 2872//2872 2871//2871
f 2864//2864 2857//2857 2865//2865 2872//2872
f 2865//2865 2866//2866 2874//2874 2873//2873
f 2866//2866 2867//2867 2875//2875 2874//2874
f 2867//2867 2868//2868 2876//2876 2875//2875
f 2868//2868 2869//2869 2877//2877 2876//2876
f 2869//2869 2870//2870 2878//2878 2877//2877
f 2870//2870 2871//2871 2879//2879 2878//2878
f 2871//2871 2872//2872 2880//2880 2879//2879
f 2872//2872 2865//2865 2873//2873 2880//2880
f 2873//2873 2874//2874 2882//2882 2881//2881
f 2874//2874 2875//2875 2883//2883 2882//2882
f 2875//2875 2876//2876 2884//2884 2883//2883
f 2876//2876 2877//2877 2885//2885 2884//2884
f 2877//2877 2878//2878 2886//2886 2885//2885
f 2878//2878 2879//2879 2887//2887 2886//2886
f 2879//2879 2880//2880 2888//2888 2887//2887
f 2880//2880 2873//2873 2881//2881 2888//2888
f 2881//2881 2882//2882 2890//2890 2889//2889
f 2882//2882 2883//2883 2891//2891 2890//2890
f 2883//2883 2884//2884 2892//2892 2891//2891
f 2884//2884 2885//2885 2893//2893 2892//2892
f 2885//2885 2886//2886 2894//2894 2893//2893
f 2886//2886 2887//2887 2895//2895 2894//2894
f 2887//2887 2888//2888 2896//2896 2895//2895
f 2888//2888 2881//2881 2889//2889 2896//2896
f 2889//2889 2890//2890 2898//2898 2897//2897
f 2890//2890 2891//2891 2899//2899 2898//2898
f 2891//2891 2892//2892 2900//2900 2899//2899
f 2892//2892 2893//2893 2901//2901 2900//2900
f 2893//2893 2894//2894 2902//2902 2901//2901
f 2894//2894 2895//2895 2903//2903 2902//2902
f 2895//2895 2896//2896 2904//2904 2903//2903
f 2896//2896 2889//2889 2897//2897 2904//2904
f 2897//2897 2898//2898 2906//2906 2905//2905
f 2898//2898 2899//2899 2907//2907 2906//2906
f 2899//2899 2900//2900 2908//2908 2907//2907
f 2900//2900 2901//2901 2909//2909 2908//2908
f 2901//2901 2902//2902 2910//2910 2909//2909
f 2902//2902 2903//2903 2911//2911 2910//2910
f 2903//2903 2904//2904 2912//2912 2911//2911
f 2904//2904 2897//2897 2905//2905 2912//2912
f 2905//2905 2906//2906 2914//2914 2913//2913
f 2906//2906 2907//2907 2915//2915 2914//2914
f 2907//2907 2908//2908 2916//2916 2915//2915
f 2908//2908 2909//2909 2917//2917 2916//2916
f 2909//2909 2910//2910 2918//2918 2917//2917
f 2910//2910 2911//2911 2919//2919 2918//2918
f 2911//2911 2912//2912 2920//2920 2919//2919
f 2912//2912 2905//2905 2913//2913 2920//2920
f 2913//2913 2914//2914 2922//2922 2921//2921
f 2914//2914 2915//2915 2923//2923 2922//2922
f 2915//2915 2916//2916 2924//2924 2923//2923
f 2916//2916 2917//2917 2925//2925 2924//2924
f 2917//2917 2918//2918 2926//2926 2925//2925
f 2918//2918 2919//2919 2927//2927 2926//2926
f 2919//2919 2920//2920 2928//2928 2927//2927
f 2920//2920 2913//2913 2921//2921 2928//2928
f 2929//2929 2930//2930 2938//2938 2937//2937
f 2930//2930 2931//2931 2939//2939 2938//2938
f 2931//2931 2932//2932 2940//2940 2939//2939
f 2932//2932 2933//2933 2941//2941 2940//2940
f 2933//2933 2934//2934 2942//2942 2941//2941
f 2934//2934 2935//2935 2943//2943 2942//2942
f 2935//2935 2936//2936 2944//2944 2943//2943
f 2936//2936 2929//2929 2937//2937 2944//2944
f 2937//2937 2938//2938 2946//2946 2945//2945
f 2938//2938 2939//2939 2947//2947 2946//2946
f 2939//2939 2940//2940 2948//2948 2947//2947
f 2940//2940 2941//2941 2949//2949 2948//2948
f 2941//2941 2942//2942 2950//2950 2949//2949
f 2942//2942 2943//2943 2951//2951 2950//2950
f 2943//2943 2944//2944 2952//2952 2951//2951
f 2944//2944 2937//2937 2945//2945 2952//2952
f 2945//2945 2946//2946 2954//2954 2953//2953
f 2946//2946 2947//2947 2955//2955 2954//2954
f 2947//2947 2948//2948 2956//2956 2955//2955
f 2948//2948 2949//2949 2957//2957 2956//2956
f 2949//2949 2950//2950 2958//2958 2957//2957
f 2950//2950 2951//2951 2959//2959 2958//2958
f 2951//2951 2952//2952 2960//2960 2959//2959
f 2952//2952 2945//2945 2953//2953 2960//2960
f 2953//2953 2954//2954 2962//2962 2961//2961
f 2954//2954 2955//2955 2963//2963 2962//2962
f 2955//2955 2956//2956 2964//2964 2963//2963
f 2956//2956 2957//2957 2965//2965 2964//2964
f 2957//2957 2958//2958 2966//2966 2965//2965
f 2958//2958 2959//2959 2967//2967 2966//2966
f 2959//2959 2960//2960 2968//2968 2967//2967
f 2960//2960 2953//2953 2961//2961 2968//2968
f 2961//2961 2962//2962 2970//2970 2969//2969
f 2962//2962 2963//2963 2971//2971 2970//2970
f 2963//2963 2964//2964 2972//2972 2971//2971
f 2964//2964 2965//2965 2973//2973 2972//2972
f 2965//2965 2966//2966 2974//2974 2973//2973
f 2966//2966 2967//2967 2975//2975 2974//2974
f 2967//2967 2968//2968 2976//2976 2975//2975
f 2968//2968 2961//2961 2969//2969 2976//2976
f 2969//2969 2970//2970 2978//2978 2977//2977
f 2970//2970 2971//2971 2979//2979 2978//2978
f 2971//2971 2972//2972 2980//2980 2979//2979
f 2972//2972 2973//2973 2981//2981 2980//2980
f 2973//2973 2974//2974 2982//2982 2981//2981
f 2974//2974 2975//2975 2983//2983 2982//2982
f 2975//2975 2976//2976 2984//2984 2983//2983
f 2976//2976 2969//2969 2977//2977 2984//2984
f 2977//2977 2978//2978 2986//2986 2985//2985
f 2978//2978 2979//2979 2987//2987 2986//2986
f 2979//2979 2980//2980 2988//2988 2987//2987
f 2980//2980 2981//2981 2989//2989 2988//2988
f 2981//2981 2982//2982 2990//2990 2989//2989
f 2982//2982 2983//2983 2991//2991 2990//2990
f 2983//2983 2984//2984 2992//2992 2991//2991
f 2984//2984 2977//2977 2985//2985 2992//2992
f 2985//2985 2986//2986 2994//2994 2993//2993
f 2986//2986 2987//2987 2995//2995 2994//2994
f 2987//2987 2988//2988 2996//2996 2995//2995
f 2988//2988 2989//2989 2997//2997 2996//2996
f 2989//2989 2990//2990 2998//2998 2997//2997
f 2990//2990 2991//2991 2999//2999 2998//2998
f 2991//2991 2992//2992 3000//3000 2999//2999
f 2992//2992 2985//2985 2993//2993 3000//3000
f 2993//2993 2994//2994 3002//3002 3001//3001
f 2994//2994 2995//2995 3003//3003 3002//3002
f 2995//2995 2996//2996 3004//3004 3003//3003
f 2996//2996 2997//2997 3005//3005 3004//3004
f 2997//2997 2998//2998 3006//3006 3005//3005
f 2998//2998 2999//2999 3007//3007 3006//3006
f 2999//2999 3000//3000 3008//3008 3007//3007
f 3000//3000 2993//2993 3001//3001 3008//3008
f 3001//3001 3002//3002 3010//3010 3009//3009
f 3002//3002 3003//3003 3011//3011 3010//3010
f 3003//3003 3004//3004 3012//3012 3011//3011
f 3004//3004 3005//3005 3013//3013 3012//3012
f 3005//3005 3006//3006 3014//3014 3013//3013
f 3006//3006 3007//3007 3015//3015 3014//3014
f 3007//3007 3008//3008 3016//3016 3015//3015
f 3008//3008 3001//3001 3009//3009 3016//3016
f 3009//3009 3010//3010 3018//3018 3017//3017
f 3010//3010 3011//3011 3019//3019 3018//3018
f 3011//3011 3012//3012 3020//3020 3019//3019
f 3012//3012 3013//3013 3021//3021 3020//3020
f 3013//3013 3014//3014 3022//3022 3021//3021
f 3014//3014 3015//3015 3023//3023 3022//3022
f 3015//3015 3016//3016 3024//3024 3023//3023
f 3016//3016 3009//3009 3017//3017 3024//3024
f 3017//3017 3018//3018 3026//3026 3025//3025
f 3018//3018 3019//3019 3027//3027 3026//3026
f 3019//3019 3020//3020 3028//3028 3027//3027
f 3020//3020 3021//3021 3029//3029 3028//3028
f 3021//3021 3022//3022 3030//3030 3029//3029
f 3022//3022 3023//3023 3031//3031 3030//3030
f 3023//3023 3024//3024 3032//3032 3031//3031
f 3024//3024 3017//3017 3025//3025 3032//3032
f 3025//3025 3026//3026 3034//3034 3033//3033
f 3026//3026 3027//3027 3035//3035 3034//3034
f 3027//3027 3028//3028 3036//3036 3035//3035
f 3028//3028 3029//3029 3037//3037 3036//3036
f 3029//3029 3030//3030 3038//3038 3037//3037
f 3030//3030 3031//3031 3039//3039 3038//3038
f 3031//3031 3032//3032 3040//3040 3039//3039
f 3032//3032 3025//3025 3033//3033 3040//3040
f 3033//3033 3034//3034 3042//3042 3041//3041
f 3034//3034 3035//3035 3043//3043 3042//3042
f 3035//3035 3036//3036 3044//3044 3043//3043
f 3036//3036 3037//3037 3045//3045 3044//3044
f 3037//3037 3038//3038 3046//3046 3045//3045
f 3038//3038 3039//3039 3047//3047 3046//3046
f 3039//3039 3040//3040 3048//3048 3047//3047
f 3040//3040 3033//3033 3041//3041 3048//3048
f 3041//3041 3042//3042 3050//3050 3049//3049
f 3042//3042 3043//3043 3051//3051 3050//3050
f 3043//3043 3044//3044 3052//3052 3051//3051
f 3044//3044 3045//3045 3053//3053 3052//3052
f 3045//3045 3046//3046 3054//3054 3053//3053
f 3046//3046 3047//3047 3055//3055 3054//3054
f 3047//3047 3048//3048 3056//3056 3055//3055
f 3048//3048 3041//3041 3049//3049 3056//3056
f 3049//3049 3050//3050 3058//3058 3057//3057
f 3050//3050 3051//3051 3059//3059 3058//3058
f 3051//3051 3052//3052 3060//3060 3059//3059
f 3052//3052 3053//3053 3061//3061 3060//3060
f 3053//3053 3054//3054 3062//3062 3061//3061
f 3054//3054 3055//3055 3063//3063 3062//3062
f 3055//3055 3056//3056 3064//3064 3063//3063
f 3056//3056 3049//3049 3057//3057 3064//3064
f 3065//3065 3066//3066 3074//3074 3073//3073
f 3066//3066 3067//3067 3075//3075 3074//3074
f 3067//3067 3068//3068 3076//3076 3075//3075
f 3068//3068 3069//3069 3077//3077 3076//3076
f 3069//3069 3070//3070 3078//3078 3077//3077
f 3070//3070 3071//3071 3079//3079 3078//3078
f 3071//3071 3072//3072 3080//3080 3079//3079
f 3072//3072 3065//3065 3073//3073 3080//3080
f 3073//3073 3074//3074 3082//3082 3081//3081
f 3074//3074 3075//3075 3083//3083 3082//3082
f 3075//3075 3076//3076 3084//3084 3083//3083
f 3076//3076 3077//3077 3085//3085 3084//3084
f 3077//3077 3078//3078 3086//3086 3085//3085
f 3078//3078 3079//3079 3087//3087 3086//3086
f 3079//3079 3080//3080 3088//3088 3087//3087
f 3080//3080 3073//3073 3081//3081 3088//3088
f 3081//3081 3082//3082 3090//3090 3089//3089
f 3082//3082 3083//3083 3091//3091 3090//3090
f 3083//3083 3084//3084 3092//3092 3091//3091
f 3084//3084 3085//3085 3093//3093 3092//3092
f 3085//3085 3086//3086 3094//3094 3093//3093
f 3086//3086 3087//3087 3095//3095 3094//3094
f 3087//3087 3088//3088 3096//3096 3095//3095
f 3088//3088 3081//3081 3089//3089 3096//3096
f 3089//3089 3090//3090 3098//3098 3097//3097
f 3090//3090 3091//3091 3099//3099 3098//3098
f 3091//3091 3092//3092 3100//3100 3099//3099
f 3092//3092 3093//3093 3101//3101 3100//3100
f 3093//3093 3094//3094 3102//3102 3101//3101
f 3094//3094 3095//3095 3103//3103 3102//3102
f 3095//3095 3096//3096 3104//3104 3103//3103
f 3096//3096 3089//3089 3097//3097 3104//3104
f 3097//3097 3098//3098 3106//3106 3105//3105
f 3098//3098 3099//3099 3107//3107 3106//3106
f 3099//3099 3100//3100 3108//3108 3107//3107
f 3100//3100 3101//3101 3109//3109 3108//3108
f 3101//3101 3102//3102 3110//3110 3109//3109
f 3102//3102 3103//3103 3111//3111 3110//3110
f 3103//3103 3104//3104 3112//3112 3111//3111
f 3104//3104 3097//3097 3105//3105 3112//3112
f 3105//3105 3106//3106 3114//3114 3113//3113
f 3106//3106 3107//3107 3115//3115 3114//3114
f 3107//3107 3108//3108 3116//3116 3115//3115
f 3108//3108 3109//3109 3117//3117 3116//3116
f 3109//3109 3110//3110 3118//3118 3117//3117
f 3110//3110 3111//3111 3119//3119 3118//3118
f 3111//3111 3112//3112 3120//3120 3119//3119
f 3112//3112 3105//3105 3113//3113 3120//3120
f 3113//3113 3114//3114 3122//3122 3121//3121
f 3114//3114 3115//3115 3123//3123 3122//3122
f 3115//3115 3116//3116 3124//3124 3123//3123
f 3116//3116 3117//3117 3125//3125 3124//3124
f 3117//3117 3118//3118 3126//3126 3125//3125
f 3118//3118 3119//3119 3127//3127 3126//3126
f 3119//3119 3120//3120 3128//3128 3127//3127
f 3120//3120 3113//3113 3121//3121 3128//3128
f 3121//3121 3122//3122 3130//3130 3129//3129
f 3122//3122 3123//3123 3131//3131 3130//3130
f 3123//3123 3124//3124 3132//3132 3131//3131
f 3124//3124 3125//3125 3133//3133 3132//3132
f 3125//3125 3126//3126 3134//3134 3133//3133
f 3126//3126 3127//3127 3135//3135 3134//3134
f 3127//3127 3128//3128 3136//3136 3135//3135
f 3128//3128 3121//3121 3129//3129 3136//3136
f 3129//3129 3130//3130 3138//3138 3137//3137
f 3130//3130 3131//3131 3139//3139 3138//3138
f 3131//3131 3132//3132 3140//3140 3139//3139
f 3132//3132 3133//3133 3141//3141 3140//3140
f 3133//3133 3134//3134 3142//3142 3141//3141
f 3134//3134 3135//3135 3143//3143 3142//3142
f 3135//3135 3136//3136 3144//3144 3143//3143
f 3136//3136 3129//3129 3137//3137 3144//3144
f 3137//3137 3138//3138 3146//3146 3145//3145
f 3138//3138 3139//3139 3147//3147 3146//3146
f 3139//3139 3140//3140 3148//3148 3147//3147
f 3140//3140 3141//3141 3149//3149 3148//3148
f 3141//3141 3142//3142 3150//3150 3149//3149
f 3142//3142 3143//3143 3151//3151 3150//3150
f 3143//3143 3144//3144 3152//3152 3151//3151
f 3144//3144 3137//3137 3145//3145 3152//3152
f 3145//3145 3146//3146 3154//3154 3153//3153
f 3146//3146 3147//3147 3155//3155 3154//3154
f 3147//3147 3148//3148 3156//3156 3155//3155
f 3148//3148 3149//3149 3157//3157 3156//3156
f 3149//3149 3150//3150 3158//3158 3157//3157
f 3150//3150 3151//3151 3159//3159 3158//3158
f 3151//3151 3152//3152 3160//3160 3159//3159
f 3152//3152 3145//3145 3153//3153 3160//3160
f 3153//3153 3154//3154 3162//3162 3161//3161
f 3154//3154 3155//3155 3163//3163 3162//3162
f 3155//3155 3156//3156 3164//3164 3163//3163
f 3156//3156 3157//3157 3165//3165 3164//3164
f 3157//3157 3158//3158 3166//3166 3165//3165
f 3158//3158 3159//3159 3167//3167 3166//3166
f 3159//3159 3160//3160 3168//3168 3167//3167
f 3160//3160 3153//3153 3161//3161 3168//3168
f 3161//3161 3162//3162 3170//3170 3169//3169
f 3162//3162 3163//3163 3171//3171 3170//3170
f 3163//3163 3164//3164 3172//3172 3171//3171
f 3164//3164 3165//3165 3173//3173 3172//3172
f 3165//3165 3166//3166 3174//3174 3173//3173
f 3166//3166 3167//3167 3175//3175 3174//3174
f 3167//3167 3168//3168 3176//3176 3175//3175
f 3168//3168 3161//3161 3169//3169 3176//3176
f 3169//3169 3170//3170 3178//3178 3177//3177
f 3170//3170 3171//3171 3179//3179 3178//3178
f 3171//3171 3172//3172 3180//3180 3179//3179
f 3172//3172 3173//3173 3181//3181 3180//3180
f 3173//3173 3174//3174 3182//3182 3181//3181
f 3174//3174 3175//3175 3183//3183 3182//3182
f 3175//3175 3176//3176 3184//3184 3183//3183
f 3176//3176 3169//3169 3177//3177 3184//3184
f 3177//3177 3178//3178 3186//3186 3185//3185
f 3178//3178 3179//3179 3187//3187 3186//3186
f 3179//3179 3180//3180 3188//3188 3187//3187
f 3180//3180 3181//3181 3189//3189 3188//3188
f 3181//3181 3182//3182 3190//3190 3189//3189
f 3182//3182 3183//3183 3191//3191 3190//3190
f 3183//3183 3184//3184 3192//3192 3191//3191
f 3184//3184 3177//3177 3185//3185 3192//3192
f 3185//3185 3186//3186 3194//3194 3193//3193
f 3186//3186 3187//3187 3195//3195 3194//3194
f 3187//3187 3188//3188 3196//3196 3195//3195
f 3188//3188 3189//3189 3197//3197 3196//3196
f 3189//3189 3190//3190 3198//3198 3197//3197
f 3190//3190 3191//3191 3199//3199 3198//3198
f 3191//3191 3192//3192 3200//3200 3199//3199
f 3192//3192 3185//3185 3193//3193 3200//3200
f 3193//3193 3194//3194 3202//3202 3201//3201
f 3194//3194 3195//3195 3203//3203 3202//3202
f 3195//3195 3196//3196 3204//3204 3203//3203
f 3196//3196 3197//3197 3205//3205 3204//3204
f 3197//3197 3198//3198 3206//3206 3205//3205
f 3198//3198 3199//3199 3207//3207 3206//3206
f 3199//3199 3200//3200 3208//3208 3207//3207
f 3200//3200 3193//3193 3201//3201 3208//3208
f 3201//3201 3202//3202 3210//3210 3209//3209
f 3202//3202 3203//3203 3211//3211 3210//3210
f 3203//3203 3204//3204 3212//3212 3211//3211
f 3204//3204 3205//3205 3213//3213 3212//3212
f 3205//3205 3206//3206 3214//3214 3213//3213
f 3206//3206 3207//3207 3215//3215 3214//3214
f 3207//3207 3208//3208 3216//3216 3215//3215
f 3208//3208 3201//3201 3209//3209 3216//3216
f 3209//3209 3210//3210 3218//3218 3217//3217
f 3210//3210 3211//3211 3219//3219 3218//3218
f 3211//3211 3212//3212 3220//3220 3219//3219
f 3212//3212 3213//3213 3221//3221 3220//3220
f 3213//3213 3214//3214 3222//3222 3221//3221
f 3214//3214 3215//3215 3223//3223 3222//3222
f 3215//3215 3216//3216 3224//3224 3223//3223
f 3216//3216 3209//3209 3217//3217 3224//3224
f 3217//3217 3218//3218 3226//3226 3225//3225
f 3218//3218 3219//3219 3227//3227 3226//3226
f 3219//3219 3220//3220 3228//3228 3227//3227
f 3220//3220 3221//3221 3229//3229 3228//3228
f 3221//3221 3222//3222 3230//3230 3229//3229
f 3222//3222 3223//3223 3231//3231 3230//3230
f 3223//3223 3224//3224 3232//3232 3231//3231
f 3224//3224 3217//3217 3225//3225 3232//3232
f 3225//3225 3226//3226 3234//3234 3233//3233
f 3226//3226 3227//3227 3235//3235 3234//3234
f 3227//3227 3228//3228 3236//3236 3235//3235
f 3228//3228 3229//3229 3237//3237 3236//3236
f 3229//3229 3230//3230 3238//3238 3237//3237
f 3230//3230 3231//3231 3239//3239 3238//3238
f 3231//3231 3232//3232 3240//3240 3239//3239
f 3232//3232 3225//3225 3233//3233 3240//3240
f 3233//3233 3234//3234 3242//3242 3241//3241
f 3234//3234 3235//3235 3243//3243 3242//3242
f 3235//3235 3236//3236 3244//3244 3243//3243
f 3236//3236 3237//3237 3245//3245 3244//3244
f 3237//3237 3238//3238 3246//3246 3245//3245
f 3238//3238 3239//3239 3247//3247 3246//3246
f 3239//3239 3240//3240 3248//3248 3247//3247
f 3240//3240 3233//3233 3241//3241 3248//3248
f 3249//3249 3250//3250 3258//3258 3257//3257
f 3250//3250 3251//3251 3259//3259 3258//3258
f 3251//3251 3252//3252 3260//3260 3259//3259
f 3252//3252 3253//3253 3261//3261 3260//3260
f 3253//3253 3254//3254 3262//3262 3261//3261
f 3254//3254 3255//3255 3263//3263 3262//3262
f 3255//3255 3256//3256 3264//3264 3263//3263
f 3256//3256 3249//3249 3257//3257 3264//3264
f 3257//3257 3258//3258 3266//3266 3265//3265
f 3258//3258 3259//3259 3267//3267 3266//3266
f 3259//3259 3260//3260 3268//3268 3267//3267
f 3260//3260 3261//3261 3269//3269 3268//3268
f 3261//3261 3262//3262 3270//3270 3269//3269
f 3262//3262 3263//3263 3271//3271 3270//3270
f 3263//3263 3264//3264 3272//3272 3271//3271
f 3264//3264 3257//3257 3265//3265 3272//3272
f 3265//3265 3266//3266 3274//3274 3273//3273
f 3266//3266 3267//3267 3275//3275 3274//3274
f 3267//3267 3268//3268 3276//3276 3275//3275
f 3268//3268 3269//3269 3277//3277 3276//3276
f 3269//3269 3270//3270 3278//3278 3277//3277
f 3270//3270 3271//3271 3279//3279 3278//3278
f 3271//3271 3272//3272 3280//3280 3279//3279
f 3272//3272 3265//3265 3273//3273 3280//3280
f 3273//3273 3274//3274 3282//3282 3281//3281
f 3274//3274 3275//3275 3283//3283 3282//3282
f 3275//3275 3276//3276 3284//3284 3283//3283
f 3276//3276 3277//3277 3285//3285 3284//3284
f 3277//3277 3278//3278 3286//3286 3285//3285
f 3278//3278 3279//3279 3287//3287 3286//3286
f 3279//3279 3280//3280 3288//3288 3287//3287
f 3280//3280 3273//3273 3281//3281 3288//3288
f 3281//3281 3282//3282 3290//3290 3289//3289
f 3282//3282 3283//3283 3291//3291 3290//3290
f 3283//3283 3284//3284 3292//3292 3291//3291
f 3284//3284 3285//3285 3293//3293 3292//3292
f 3285//3285 3286//3286 3294//3294 3293//3293
f 3286//3286 3287//3287 3295//3295 3294//3294
f 3287//3287 3288//3288 3296//3296 3295//3295
f 3288//3288 3281//3281 3289//3289 3296//3296
f 3289//3289 3290//3290 3298//3298 3297//3297
f 3290//3290 3291//3291 3299//3299 3298//3298
f 3291//3291 3292//3292 3300//3300 3299//3299
f 3292//3292 3293//3293 3301//3301 3300//3300
f 3293//3293 3294//3294 3302//3302 3301//3301
f 3294//3294 3295//3295 3303//3303 3302//3302
f 3295//3295 3296//3296 3304//3304 3303//3303
f 3296//3296 3289//3289 3297//3297 3304//3304
f 3297//3297 3298//3298 3306//3306 3305//3305
f 3298//3298 3299//3299 3307//3307 3306//3306
f 3299//3299 3300//3300 3308//3308 3307//3307
f 3300//3300 3301//3301 3309//3309 3308//3308
f 3301//3301 3302//3302 3310//3310 3309//3309
f 3302//3302 3303//3303 3311//3311 3310//3310
f 3303//3303 3304//3304 3312//3312 3311//3311
f 3304//3304 3297//3297 3305//3305 3312//3312
f 3305//3305 3306//3306 3314//3314 3313//3313
f 3306//3306 3307//3307 3315//3315 3314//3314
f 3307//3307 3308//3308 3316//3316 3315//3315
f 3308//3308 3309//3309 3317//3317 3316//3316
f 3309//3309 3310//3310 3318//3318 3317//3317
f 3310//3310 3311//3311 3319//3319 3318//3318
f 3311//3311 3312//3312 3320//3320 3319//3319
f 3312//3312 3305//3305 3313//3313 3320//3320
f 3313//3313 3314//3314 3322//3322 3321//3321
f 3314//3314 3315//3315 3323//3323 3322//3322
f 3315//3315 3316//3316 3324//3324 3323//3323
f 3316//3316 3317//3317 3325//3325 3324//3324
f 3317//3317 3318//3318 3326//3326 3325//3325
f 3318//3318 3319//3319 3327//3327 3326//3326
f 3319//3319 3320//3320 3328//3328 3327//3327
f 3320//3320 3313//3313 3321//3321 3328//3328
f 3321//3321 3322//3322 3330//3330 3329//3329
f 3322//3322 3323//3323 3331//3331 3330//3330
f 3323//3323 3324//3324 3332//3332 3331//3331
f 3324//3324 3325//3325 3333//3333 3332//3332
f 3325//3325 3326//3326 3334//3334 3333//3333
f 3326//3326 3327//3327 3335//3335 3334//3334
f 3327//3327 3328//3328 3336//3336 3335//3335
f 3328//3328 3321//3321 3329//3329 3336//3336
f 3329//3329 3330//3330 3338//3338 3337//3337
f 3330//3330 3331//3331 3339//3339 3338//3338
f 3331//3331 3332//3332 3340//3340 3339//3339
f 3332//3332 3333//3333 3341//3341 3340//3340
f 3333//3333 3334//3334 3342//3342 3341//3341
f 3334//3334 3335//3335 3343//3343 3342//3342
f 3335//3335 3336//3336 3344//3344 3343//3343
f 3336//3336 3329//3329 3337//3337 3344//3344
f 3337//3337 3338//3338 3346//3346 3345//3345
f 3338//3338 3339//3339 3347//3347 3346//3346
f 3339//3339 3340//3340 3348//3348 3347//3347
f 3340//3340 3341//3341 3349//3349 3348//3348
f 3341//3341 3342//3342 3350//3350 3349//3349
f 3342//3342 3343//3343 3351//3351 3350//3350
f 3343//3343 3344//3344 3352//3352 3351//3351
f 3344//3344 3337//3337 3345//3345 3352//3352
f 3345//3345 3346//3346 3354//3354 3353//3353
f 3346//3346 3347//3347 3355//3355 3354//3354
f 3347//3347 3348//3348 3356//3356 3355//3355
f 3348//3348 3349//3349 3357//3357 3356//3356
f 3349//3349 3350//3350 3358//3358 3357//3357
f 3350//3350 3351//3351 3359//3359 3358//3358
f 3351//3351 3352//3352 3360//3360 3359//3359
f 3352//3352 3345//3345 3353//3353 3360//3360
f 3353//3353 3354//3354 3362//3362 3361//3361
f 3354//3354 3355//3355 3363//3363 3362//3362
f 3355//3355 3356//3356 3364//3364 3363//3363
f 3356//3356 3357//3357 3365//3365 3364//3364
f 3357//3357 3358//3358 3366//3366 3365//3365
f 3358//3358 3359//3359 3367//3367 3366//3366
f 3359//3359 3360//3360 3368//3368 3367//3367
f 3360//3360 3353//3353 3361//3361 3368//3368
f 3361//3361 3362//3362 3370//3370 3369//3369
f 3362//3362 3363//3363 3371//3371 3370//3370
f 3363//3363 3364//3364 3372//3372 3371//3371
f 3364//3364 3365//3365 3373//3373 3372//3372
f 3365//3365 3366//3366 3374//3374 3373//3373
f 3366//3366 3367//3367 3375//3375 3374//3374
f 3367//3367 3368//3368 3376//3376 3375//3375
f 3368//3368 3361//3361 3369//3369 3376//3376
f 3369//3369 3370//3370 3378//3378 3377//3377
f 3370//3370 3371//3371 3379//3379 3378//3378
f 3371//3371 3372//3372 3380//3380 3379//3379
f 3372//3372 3373//3373 3381//3381 3380//3380
f 3373//3373 3374//3374 3382//3382 3381//3381
f 3374//3374 3375//3375 3383//3383 3382//3382
f 3375//3375 3376//3376 3384//3384 3383//3383
f 3376//3376 3369//3369 3377//3377 3384//3384
f 3377//3377 3378//3378 3386//3386 3385//3385
f 3378//3378 3379//3379 3387//3387 3386//3386
f 3379//3379 3380//3380 3388//3388 3387//3387
f 3380//3380 3381//3381 3389//3389 3388//3388
f 3381//3381 3382//3382 3390//3390 3389//3389
f 3382//3382 3383//3383 3391//3391 3390//3390
f 3383//3383 3384//3384 3392//3392 3391//3391
f 3384//3384 3377//3377 3385//3385 3392//3392
f 3385//3385 3386//3386 3394//3394 3393//3393
f 3386//3386 3387//3387 3395//3395 3394//3394
f 3387//3387 3388//3388 3396//3396 3395//3395
f 3388//3388 3389//3389 3397//3397 3396//3396
f 3389//3389 3390//3390 3398//3398 3397//3397
f 3390//3390 3391//3391 3399//3399 3398//3398
f 3391//3391 3392//3392 3400//3400 3399//3399
f 3392//3392 3385//3385 3393//3393 3400//3400
f 3393//3393 3394//3394 3402//3402 3401//3401
f 3394//3394 3395//3395 3403//3403 3402//3402
f 3395//3395 3396//3396 3404//3404 3403//3403
f 3396//3396 3397//3397 3405//3405 3404//3404
f 3397//3397 3398//3398 3406//3406 3405//3405
f 3398//3398 3399//3399 3407//3407 3406//3406
f 3399//3399 3400//3400 3408//3408 3407//3407
f 3400//3400 3393//3393 3401//3401 3408//3408
f 3401//3401 3402//3402 3410//3410 3409//3409
f 3402//3402 3403//3403 3411//3411 3410//3410
f 3403//3403 3404//3404 3412//3412 3411//3411
f 3404//3404 3405//3405 3413//3413 3412//3412
f 3405//3405 3406//3406 3414//3414 3413//3413
f 3406//3406 3407//3407 3415//3415 3414//3414
f 3407//3407 3408//3408 3416//3416 3415//3415
f 3408//3408 3401//3401 3409//3409 3416//3416
f 3409//3409 3410//3410 3418//3418 3417//3417
f 3410//3410 3411//3411 3419//3419 3418//3418
f 3411//3411 3412//3412 3420//3420 3419//3419
f 3412//3412 3413//3413 3421//3421 3420//3420
f 3413//3413 3414//3414 3422//3422 3421//3421
f 3414//3414 3415//3415 3423//3423 3422//3422
f 3415//3415 3416//3416 3424//3424 3423//3423
f 3416//3416 3409//3409 3417//3417 3424//3424
f 3417//3417 3418//3418 3426//3426 3425//3425
f 3418//3418 3419//3419 3427//3427 3426//3426
f 3419//3419 3420//3420 3428//3428 3427//3427
f 3420//3420 3421//3421 3429//3429 3428//3428
f 3421//3421 3422//3422 3430//3430 3429//3429
f 3422//3422 3423//3423 3431//3431 3430//3430
f 3423//3423 3424//3424 3432//3432 3431//3431
f 3424//3424 3417//3417 3425//3425 3432//3432
f 3425//3425 3426//3426 3434//3434 3433//3433
f 3426//3426 3427//3427 3435//3435 3434//3434
f 3427//3427 3428//3428 3436//3436 3435//3435
f 3428//3428 3429//3429 3437//3437 3436//3436
f 3429//3429 3430//3430 3438//3438 3437//3437
f 3430//3430 3431//3431 3439//3439 3438//3438
f 3431//3431 3432//3432 3440//3440 3439//3439
f 3432//3432 3425//3425 3433//3433 3440//3440
f 3433//3433 3434//3434 3442//3442 3441//3441
f 3434//3434 3435//3435 3443//3443 3442//3442
f 3435//3435 3436//3436 3444//3444 3443//3443
f 3436//3436 3437//3437 3445//3445 3444//3444
f 3437//3437 3438//3438 3446//3446 3445//3445
f 3438//3438 3439//3439 3447//3447 3446//3446
f 3439//3439 3440//3440 3448//3448 3447//3447
f 3440//3440 3433//3433 3441//3441 3448//3448
f 3441//3441 3442//3442 3450//3450 3449//3449
f 3442//3442 3443//3443 3451//3451 3450//3450
f 3443//3443 3444//3444 3452//3452 3451//3451
f 3444//3444 3445//3445 3453//3453 3452//3452
f 3445//3445 3446//3446 3454//3454 3453//3453
f 3446//3446 3447//3447 3455//3455 3454//3454
f 3447//3447 3448//3448 3456//3456 3455//3455
f 3448//3448 3441//3441 3449//3449 3456//3456
f 3449//3449 3450//3450 3458//3458 3457//3457
f 3450//3450 3451//3451 3459//3459 3458//3458
f 3451//3451 3452//3452 3460//3460 3459//3459
f 3452//3452 3453//3453 3461//3461 3460//3460
f 3453//3453 3454//3454 3462//3462 3461//3461
f 3454//3454 3455//3455 3463//3463 3462//3462
f 3455//3455 3456//3456 3464//3464 3463//3463
f 3456//3456 3449//3449 3457//3457 3464//3464
f 3457//3457 3458//3458 3466//3466 3465//3465
f 3458//3458 3459//3459 3467//3467 3466//3466
f 3459//3459 3460//3460 3468//3468 3467//3467
f 3460//3460 3461//3461 3469//3469 3468//3468
f 3461//3461 3462//3462 3470//3470 3469//3469
f 3462//3462 3463//3463 3471//3471 3470//3470
f 3463//3463 3464//3464 3472//3472 3471//3471
f 3464//3464 3457//3457 3465//3465 3472//3472
f 3465//3465 3466//3466 3474//3474 3473//3473
f 3466//3466 3467//3467 3475//3475 3474//3474
f 3467//3467 3468//3468 3476//3476 3475//3475
f 3468//3468 3469//3469 3477//3477 3476//3476
f 3469//3469 3470//3470 3478//3478 3477//3477
f 3470//3470 3471//3471 3479//3479 3478//3478
f 3471//3471 3472//3472 3480//3480 3479//3479
f 3472//3472 3465//3465 3473//3473 3480//3480
f 3481//3481 3482//3482 3490//3490 3489//3489
f 3482//3482 3483//3483 3491//3491 3490//3490
f 3483//3483 3484//3484 3492//3492 3491//3491
f 3484//3484 3485//3485 3493//3493 3492//3492
f 3485//3485 3486//3486 3494//3494 3493//3493
f 3486//3486 3487//3487 3495//3495 3494//3494
f 3487//3487 3488//3488 3496//3496 3495//3495
f 3488//3488 3481//3481 3489//3489 3496//3496
f 3489//3489 3490//3490 3498//3498 3497//3497
f 3490//3490 3491//3491 3499//3499 3498//3498
f 3491//3491 3492//3492 3500//3500 3499//3499
f 3492//3492 3493//3493 3501//3501 3500//3500
f 3493//3493 3494//3494 3502//3502 3501//3501
f 3494//3494 3495//3495 3503//3503 3502//3502
f 3495//3495 3496//3496 3504//3504 3503//3503
f 3496//3496 3489//3489 3497//3497 3504//3504
f 3497//3497 3498//3498 3506//3506 3505//3505
f 3498//3498 3499//3499 3507//3507 3506//3506
f 3499//3499 3500//3500 3508//3508 3507//3507
f 3500//3500 3501//3501 3509//3509 3508//3508
f 3501//3501 3502//3502 3510//3510 3509//3509
f 3502//3502 3503//3503 3511//3511 3510//3510
f 3503//3503 3504//3504 3512//3512 3511//3511
f 3504//3504 3497//3497 3505//3505 3512//3512
f 3505//3505 3506//3506 3514//3514 3513//3513
f 3506//3506 3507//3507 3515//3515 3514//3514
f 3507//3507 3508//3508 3516//3516 3515//3515
f 3508//3508 3509//3509 3517//3517 3516//3516
f 3509//3509 3510//3510 3518//3518 3517//3517
f 3510//3510 3511//3511 3519//3519 3518//3518
f 3511//3511 3512//3512 3520//3520 3519//3519
f 3512//3512 3505//3505 3513//3513 3520//3520
f 3513//3513 3514//3514 3522//3522 3521//3521
f 3514//3514 3515//3515 3523//3523 3522//3522
f 3515//3515 3516//3516 3524//3524 3523//3523
f 3516//3516 3517//3517 3525//3525 3524//3524
f 3517//3517 3518//3518 3526//3526 3525//3525
f 3518//3518 3519//3519 3527//3527 3526//3526
f 3519//3519 3520//3520 3528//3528 3527//3527
f 3520//3520 3513//3513 3521//3521 3528//3528
f 3521//3521 3522//3522 3530//3530 3529//3529
f 3522//3522 3523//3523 3531//3531 3530//3530
f 3523//3523 3524//3524 3532//3532 3531//3531
f 3524//3524 3525//3525 3533//3533 3532//3532
f 3525//3525 3526//3526 3534//3534 3533//3533
f 3526//3526 3527//3527 3535//3535 3534//3534
f 3527//3527 3528//3528 3536//3536 3535//3535
f 3528//3528 3521//3521 3529//3529 3536//3536
f 3529//3529 3530//3530 3538//3538 3537//3537
f 3530//3530 3531//3531 3539//3539 3538//3538
f 3531//3531 3532//3532 3540//3540 3539//3539
f 3532//3532 3533//3533 3541//3541 3540//3540
f 3533//3533 3534//3534 3542//3542 3541//3541
f 3534//3534 3535//3535 3543//3543 3542//3542
f 3535//3535 3536//3536 3544//3544 3543//3543
f 3536//3536 3529//3529 3537//3537 3544//3544
f 3537//3537 3538//3538 3546//3546 3545//3545
f 3538//3538 3539//3539 3547//3547 3546//3546
f 3539//3539 3540//3540 3548//3548 3547//3547
f 3540//3540 3541//3541 3549//3549 3548//3548
f 3541//3541 3542//3542 3550//3550 3549//3549
f 3542//3542 3543//3543 3551//3551 3550//3550
f 3543//3543 3544//3544 3552//3552 3551//3551
f 3544//3544 3537//3537 3545//3545 3552//3552
f 3545//3545 3546//3546 3554//3554 3553//3553
f 3546//3546 3547//3547 3555//3555 3554//3554
f 3547//3547 3548//3548 3556//3556 3555//3555
f 3548//3548 3549//3549 3557//3557 3556//3556
f 3549//3549 3550//3550 3558//3558 3557//3557
f 3550//3550 3551//3551 3559//3559 3558//3558
f 3551//3551 3552//3552 3560//3560 3559//3559
f 3552//3552 3545//3545 3553//3553 3560//3560
f 3553//3553 3554//3554 3562//3562 3561//3561
f 3554//3554 3555//3555 3563//3563 3562//3562
f 3555//3555 3556//3556 3564//3564 3563//3563
f 3556//3556 3557//3557 3565//3565 3564//3564
f 3557//3557 3558//3558 3566//3566 3565//3565
f 3558//3558 3559//3559 3567//3567 3566//3566
f 3559//3559 3560//3560 3568//3568 3567//3567
f 3560//3560 3553//3553 3561//3561 3568//3568
f 3561//3561 3562//3562 3570//3570 3569//3569
f 3562//3562 3563//3563 3571//3571 3570//3570
f 3563//3563 3564//3564 3572//3572 3571//3571
f 3564//3564 3565//3565 3573//3573 3572//3572
f 3565//3565 3566//3566 3574//3574 3573//3573
f 3566//3566 3567//3567 3575//3575 3574//3574
f 3567//3567 3568//3568 3576//3576 3575//3575
f 3568//3568 3561//3561 3569//3569 3576//3576
f 3569//3569 3570//3570 3578//3578 3577//3577
f 3570//3570 3571//3571 3579//3579 3578//3578
f 3571//3571 3572//3572 3580//3580 3579//3579
f 3572//3572 3573//3573 3581//3581 3580//3580
f 3573//3573 3574//3574 3582//3582 3581//3581
f 3574//3574 3575//3575 3583//3583 3582//3582
f 3575//3575 3576//3576 3584//3584 3583//3583
f 3576//3576 3569//3569 3577//3577 3584//3584
f 3577//3577 3578//3578 3586//3586 3585//3585
f 3578//3578 3579//3579 3587//3587 3586//3586
f 3579//3579 3580//3580 3588//3588 3587//3587
f 3580//3580 3581//3581 3589//3589 3588//3588
f 3581//3581 3582//3582 3590//3590 3589//3589
f 3582//3582 3583//3583 3591//3591 3590//3590
f 3583//3583 3584//3584 3592//3592 3591//3591
f 3584//3584 3577//3577 3585//3585 3592//3592
f 3585//3585 3586//3586 3594//3594 3593//3593
f 3586//3586 3587//3587 3595//3595 3594//3594
f 3587//3587 3588//3588 3596//3596 3595//3595
f 3588//3588 3589//3589 3597//3597 3596//3596
f 3589//3589 3590//3590 3598//3598 3597//3597
f 3590//3590 3591//3591 3599//3599 3598//3598
f 3591//3591 3592//3592 3600//3600 3599//3599
f 3592//3592 3585//3585 3593//3593 3600//3600
f 3593//3593 3594//3594 3602//3602 3601//3601
f 3594//3594 3595//3595 3603//3603 3602//3602
f 3595//3595 3596//3596 3604//3604 3603//3603
f 3596//3596 3597//3597 3605//3605 3604//3604
f 3597//3597 3598//3598 3606//3606 3605//3605
f 3598//3598 3599//3599 3607//3607 3606//3606
f 3599//3599 3600//3600 3608//3608 3607//3607
f 3600//3600 3593//3593 3601//3601 3608//3608
f 3601//3601 3602//3602 3610//3610 3609//3609
f 3602//3602 3603//3603 3611//3611 3610//3610
f 3603//3603 3604//3604 3612//3612 3611//3611
f 3604//3604 3605//3605 3613//3613 3612//3612
f 3605//3605 3606//3606 3614//3614 3613//3613
f 3606//3606 3607//3607 3615//3615 3614//3614
f 3607//3607 3608//3608 3616//3616 3615//3615
f 3608//3608 3601//3601 3609//3609 3616//3616
f 3609//3609 3610//3610 3618//3618 3617//3617
f 3610//3610 3611//3611 3619//3619 3618//3618
f 3611//3611 3612//3612 3620//3620 3619//3619
f 3612//3612 3613//3613 3621//3621 3620//3620
f 3613//3613 3614//3614 3622//3622 3621//3621
f 3614//3614 3615//3615 3623//3623 3622//3622
f 3615//3615 3616//3616 3624//3624 3623//3623
f 3616//3616 3609//3609 3617//3617 3624//3624
f 3617//3617 3618//3618 3626//3626 3625//3625
f 3618//3618 3619//3619 3627//3627 3626//3626
f 3619//3619 3620//3620 3628//3628 3627//3627
f 3620//3620 3621//3621 3629//3629 3628//3628
f 3621//3621 3622//3622 3630//3630 3629//3629
f 3622//3622 3623//3623 3631//3631 3630//3630
f 3623//3623 3624//3624 3632//3632 3631//3631
f 3624//3624 3617//3617 3625//3625 3632//3632
f 3625//3625 3626//3626 3634//3634 3633//3633
f 3626//3626 3627//3627 3635//3635 3634//3634
f 3627//3627 3628//3628 3636//3636 3635//3635
f 3628//3628 3629//3629 3637//3637 3636//3636
f 3629//3629 3630//3630 3638//3638 3637//3637
f 3630//3630 3631//3631 3639//3639 3638//3638
f 3631//3631 3632//3632 3640//3640 3639//3639
f 3632//3632 3625//3625 3633//3633 3640//3640
f 3633//3633 3634//3634 3642//3642 3641//3641
f 3634//3634 3635//3635 3643//3643 3642//3642
f 3635//3635 3636//3636 3644//3644 3643//3643
f 3636//3636 3637//3637 3645//3645 3644//3644
f 3637//3637 3638//3638 3646//3646 3645//3645
f 3638//3638 3639//3639 3647//3647 3646//3646
f 3639//3639 3640//3640 3648//3648 3647//3647
f 3640//3640 3633//3633 3641//3641 3648//3648
f 3641//3641 3642//3642 3650//3650 3649//3649
f 3642//3642 3643//3643 3651//3651 3650//3650
f 3643//3643 3644//3644 3652//3652 3651//3651
f 3644//3644 3645//3645 3653//3653 3652//3652
f 3645//3645 3646//3646 3654//3654 3653//3653
f 3646//3646 3647//3647 3655//3655 3654//3654
f 3647//3647 3648//3648 3656//3656 3655//3655
f 3648//3648 3641//3641 3649//3649 3656//3656
f 3649//3649 3650//3650 3658//3658 3657//3657
f 3650//3650 3651//3651 3659//3659 3658//3658
f 3651//3651 3652//3652 3660//3660 3659//3659
f 3652//3652 3653//3653 3661//3661 3660//3660
f 3653//3653 3654//3654 3662//3662 3661//3661
f 3654//3654 3655//3655 3663//3663 3662//3662
f 3655//3655 3656//3656 3664//3664 3663//3663
f 3656//3656 3649//3649 3657//3657 3664//3664
f 3657//3657 3658//3658 3666//3666 3665//3665
f 3658//3658 3659//3659 3667//3667 3666//3666
f 3659//3659 3660//3660 3668//3668 3667//3667
f 3660//3660 3661//3661 3669//3669 3668//3668
f 3661//3661 3662//3662 3670//3670 3669//3669
f 3662//3662 3663//3663 3671//3671 3670//3670
f 3663//3663 3664//3664 3672//3672 3671//3671
f 3664//3664 3657//3657 3665//3665 3672//3672
f 3665//3665 3666//3666 3674//3674 3673//3673
f 3666//3666 3667//3667 3675//3675 3674//3674
f 3667//3667 3668//3668 3676//3676 3675//3675
f 3668//3668 3669//3669 3677//3677 3676//3676
f 3669//3669 3670//3670 3678//3678 3677//3677
f 3670//3670 3671//3671 3679//3679 3678//3678
f 3671//3671 3672//3672 3680//3680 3679//3679
f 3672//3672 3665//3665 3673//3673 3680//3680
f 3673//3673 3674//3674 3682//3682 3681//3681
f 3674//3674 3675//3675 3683//3683 3682//3682
f 3675//3675 3676//3676 3684//3684 3683//3683
f 3676//3676 3677//3677 3685//3685 3684//3684
f 3677//3677 3678//3678 3686//3686 3685//3685
f 3678//3678 3679//3679 3687//3687 3686//3686
f 3679//3679 3680//3680 3688//3688 3687//3687
f 3680//3680 3673//3673 3681//3681 3688//3688
f 3681//3681 3682//3682 3690//3690 3689//3689
f 3682//3682 3683//3683 3691//3691 3690//3690
f 3683//3683 3684//3684 3692//3692 3691//3691
f 3684//3684 3685//3685 3693//3693 3692//3692
f 3685//3685 3686//3686 3694//3694 3693//3693
f 3686//3686 3687//3687 3695//3695 3694//3694
f 3687//3687 3688//3688 3696//3696 3695//3695
f 3688//3688 3681//3681 3689//3689 3696//3696
f 3689//3689 3690//3690 3698//3698 3697//3697
f 3690//3690 3691//3691 3699//3699 3698//3698
f 3691//3691 3692//3692 3700//3700 3699//3699
f 3692//3692 3693//3693 3701//3701 3700//3700
f 3693//3693 3694//3694 3702//3702 3701//3701
f 3694//3694 3695//3695 3703//3703 3702//3702
f 3695//3695 3696//3696 3704//3704 3703//3703
f 3696//3696 3689//3689 3697//3697 3704//3704
f 3697//3697 3698//3698 3706//3706 3705//3705
f 3698//3698 3699//3699 3707//3707 3706//3706
f 3699//3699 3700//3700 3708//3708 3707//3707
f 3700//3700 3701//3701 3709//3709 3708//3708
f 3701//3701 3702//3702 3710//3710 3709//3709
f 3702//3702 3703//3703 3711//3711 3710//3710
f 3703//3703 3704//3704 3712//3712 3711//3711
f 3704//3704 3697//3697 3705//3705 3712//3712
f 3705//3705 3706//3706 3714//3714 3713//3713
f 3706//3706 3707//3707 3715//3715 3714//3714
f 3707//3707 3708//3708 3716//3716 3715//3715
f 3708//3708 3709//3709 3717//3717 3716//3716
f 3709//3709 3710//3710 3718//3718 3717//3717
f 3710//3710 3711//3711 3719//3719 3718//3718
f 3711//3711 3712//3712 3720//3720 3719//3719
f 3712//3712 3705//3705 3713//3713 3720//3720
f 3713//3713 3714//3714 3722//3722 3721//3721
f 3714//3714 3715//3715 3723//3723 3722//3722
f 3715//3715 3716//3716 3724//3724 3723//3723
f 3716//3716 3717//3717 3725//3725 3724//3724
f 3717//3717 3718//3718 3726//3726 3725//3725
f 3718//3718 3719//3719 3727//3727 3726//3726
f 3719//3719 3720//3720 3728//3728 3727//3727
f 3720//3720 3713//3713 3721//3721 3728//3728
f 3721//3721 3722//3722 3730//3730 3729//3729
f 3722//3722 3723//3723 3731//3731 3730//3730
f 3723//3723 3724//3724 3732//3732 3731//3731
f 3724//3724 3725//3725 3733//3733 3732//3732
f 3725//3725 3726//3726 3734//3734 3733//3733
f 3726//3726 3727//3727 3735//3735 3734//3734
f 3727//3727 3728//3728 3736//3736 3735//3735
f 3728//3728 3721//3721 3729//3729 3736//3736
f 3729//3729 3730//3730 3738//3738 3737//3737
f 3730//3730 3731//3731 3739//3739 3738//3738
f 3731//3731 3732//3732 3740//3740 3739//3739
f 3732//3732 3733//3733 3741//3741 3740//3740
f 3733//3733 3734//3734 3742//3742 3741//3741
f 3734//3734 3735//3735 3743//3743 3742//3742
f 3735//3735 3736//3736 3744//3744 3743//3743
f 3736//3736 3729//3729 3737//3737 3744//3744
f 3737//3737 3738//3738 3746//3746 3745//3745
f 3738//3738 3739//3739 3747//3747 3746//3746
f 3739//3739 3740//3740 3748//3748 3747//3747
f 3740//3740 3741//3741 3749//3749 3748//3748
f 3741//3741 3742//3742 3750//3750 3749//3749
f 3742//3742 3743//3743 3751//3751 3750//3750
f 3743//3743 3744//3744 3752//3752 3751//3751
f 3744//3744 3737//3737 3745//3745 3752//3752
f 3745//3745 3746//3746 3754//3754 3753//3753
f 3746//3746 3747//3747 3755//3755 3754//3754
f 3747//3747 3748//3748 3756//3756 3755//3755
f 3748//3748 3749//3749 3757//3757 3756//3756
f 3749//3749 3750//3750 3758//3758 3757//3757
f 3750//3750 3751//3751 3759//3759 3758//3758
f 3751//3751 3752//3752 3760//3760 3759//3759
f 3752//3752 3745//3745 3753//3753 3760//3760
f 3753//3753 3754//3754 3762//3762 3761//3761
f 3754//3754 3755//3755 3763//3763 3762//3762
f 3755//3755 3756//3756 3764//3764 3763//3763
f 3756//3756 3757//3757 3765//3765 3764//3764
f 3757//3757 3758//3758 3766//3766 3765//3765
f 3758//3758 3759//3759 3767//3767 3766//3766
f 3759//3759 3760//3760 3768//3768 3767//3767
f 3760//3760 3753//3753 3761//3761 3768//3768
f 3769//3769 3770//3770 3778//3778 3777//3777
f 3770//3770 3771//3771 3779//3779 3778//3778
f 3771//3771 3772//3772 3780//3780 3779//3779
f 3772//3772 3773//3773 3781//3781 3780//3780
f 3773//3773 3774//3774 3782//3782 3781//3781
f 3774//3774 3775//3775 3783//3783 3782//3782
f 3775//3775 3776//3776 3784//3784 3783//3783
f 3776//3776 3769//3769 3777//3777 3784//3784
f 3777//3777 3778//3778 3786//3786 3785//3785
f 3778//3778 3779//3779 3787//3787 3786//3786
f 3779//3779 3780//3780 3788//3788 3787//3787
f 3780//3780 3781//3781 3789//3789 3788//3788
f 3781//3781 3782//3782 3790//3790 3789//3789
f 3782//3782 3783//3783 3791//3791 3790//3790
f 3783//3783 3784//3784 3792//3792 3791//3791
f 3784//3784 3777//3777 3785//3785 3792//3792
f 3785//3785 3786//3786 3794//3794 3793//3793
f 3786//3786 3787//3787 3795//3795 3794//3794
f 3787//3787 3788//3788 3796//3796 3795//3795
f 3788//3788 3789//3789 3797//3797 3796//3796
f 3789//3789 3790//3790 3798//3798 3797//3797
f 3790//3790 3791//3791 3799//3799 3798//3798
f 3791//3791 3792//3792 3800//3800 3799//3799
f 3792//3792 3785//3785 3793//3793 3800//3800
f 3793//3793 3794//3794 3802//3802 3801//3801
f 3794//3794 3795//3795 3803//3803 3802//3802
f 3795//3795 3796//3796 3804//3804 3803//3803
f 3796//3796 3797//3797 3805//3805 3804//3804
f 3797//3797 3798//3798 3806//3806 3805//3805
f 3798//3798 3799//3799 3807//3807 3806//3806
f 3799//3799 3800//3800 3808//3808 3807//3807
f 3800//3800 3793//3793 3801//3801 3808//3808
f 3801//3801 3802//3802 3810//3810 3809//3809
f 3802//3802 3803//3803 3811//3811 3810//3810
f 3803//3803 3804//3804 3812//3812 3811//3811
f 3804//3804 3805//3805 3813//3813 3812//3812
f 3805//3805 3806//3806 3814//3814 3813//3813
f 3806//3806 3807//3807 3815//3815 3814//3814
f 3807//3807 3808//3808 3816//3816 3815//3815
f 3808//3808 3801//3801 3809//3809 3816//3816
f 3809//3809 3810//3810 3818//3818 3817//3817
f 3810//3810 3811//3811 3819//3819 3818//3818
f 3811//3811 3812//3812 3820//3820 3819//3819
f 3812//3812 3813//3813 3821//3821 3820//3820
f 3813//3813 3814//3814 3822//3822 3821//3821
f 3814//3814 3815//3815 3823//3823 3822//3822
f 3815//3815 3816//3816 3824//3824 3823//3823
f 3816//3816 3809//3809 3817//3817 3824//3824
f 3817//3817 3818//3818 3826//3826 3825//3825
f 3818//3818 3819//3819 3827//3827 3826//3826
f 3819//3819 3820//3820 3828//3828 3827//3827
f 3820//3820 3821//3821 3829//3829 3828//3828
f 3821//3821 3822//3822 3830//3830 3829//3829
f 3822//3822 3823//3823 3831//3831 3830//3830
f 3823//3823 3824//3824 3832//3832 3831//3831
f 3824//3824 3817//3817 3825//3825 3832//3832
f 3825//3825 3826//3826 3834//3834 3833//3833
f 3826//3826 3827//3827 3835//3835 3834//3834
f 3827//3827 3828//3828 3836//3836 3835//3835
f 3828//3828 3829//3829 3837//3837 3836//3836
f 3829//3829 3830//3830 3838//3838 3837//3837
f 3830//3830 3831//3831 3839//3839 3838//3838
f 3831//3831 3832//3832 3840//3840 3839//3839
f 3832//3832 3825//3825 3833//3833 3840//3840
f 3833//3833 3834//3834 3842//3842 3841//3841
f 3834//3834 3835//3835 3843//3843 3842//3842
f 3835//3835 3836//3836 3844//3844 3843//3843
f 3836//3836 3837//3837 3845//3845 3844//3844
f 3837//3837 3838//3838 3846//3846 3845//3845
f 3838//3838 3839//3839 3847//3847 3846//3846
f 3839//3839 3840//3840 3848//3848 3847//3847
f 3840//3840 3833//3833 3841//3841 3848//3848
f 3841//3841 3842//3842 3850//3850 3849//3849
f 3842//3842 3843//3843 3851//3851 3850//3850
f 3843//3843 3844//3844 3852//3852 3851//3851
f 3844//3844 3845//3845 3853//3853 3852//3852
f 3845//3845 3846//3846 3854//3854 3853//3853
f 3846//3846 3847//3847 3855//3855 3854//3854
f 3847//3847 3848//3848 3856//3856 3855//3855
f 3848//3848 3841//3841 3849//3849 3856//3856
f 3849//3849 3850//3850 3858//3858 3857//3857
f 3850//3850 3851//3851 3859//3859 3858//3858
f 3851//3851 3852//3852 3860//3860 3859//3859
f 3852//3852 3853//3853 3861//3861 3860//3860
f 3853//3853 3854//3854 3862//3862 3861//3861
f 3854//3854 3855//3855 3863//3863 3862//3862
f 3855//3855 3856//3856 3864//3864 3863//3863
f 3856//3856 3849//3849 3857//3857 3864//3864
f 3857//3857 3858//3858 3866//3866 3865//3865
f 3858//3858 3859//3859 3867//3867 3866//3866
f 3859//3859 3860//3860 3868//3868 3867//3867
f 3860//3860 3861//3861 3869//3869 3868//3868
f 3861//3861 3862//3862 3870//3870 3869//3869
f 3862//3862 3863//3863 3871//3871 3870//3870
f 3863//3863 3864//3864 3872//3872 3871//3871
f 3864//3864 3857//3857 3865//3865 3872//3872
f 3865//3865 3866//3866 3874//3874 3873//3873
f 3866//3866 3867//3867 3875//3875 3874//3874
f 3867//3867 3868//3868 3876//3876 3875//3875
f 3868//3868 3869//3869 3877//3877 3876//3876
f 3869//3869 3870//3870 3878//3878 3877//3877
f 3870//3870 3871//3871 3879//3879 3878//3878
f 3871//3871 3872//3872 3880//3880 3879//3879
f 3872//3872 3865//3865 3873//3873 3880//3880
f 3873//3873 3874//3874 3882//3882 3881//3881
f 3874//3874 3875//3875 3883//3883 3882//3882
f 3875//3875 3876//3876 3884//3884 3883//3883
f 3876//3876 3877//3877 3885//3885 3884//3884
f 3877//3877 3878//3878 3886//3886 3885//3885
f 3878//3878 3879//3879 3887//3887 3886//3886
f 3879//3879 3880//3880 3888//3888 3887//3887
f 3880//3880 3873//3873 3881//3881 3888//3888
f 3881//3881 3882//3882 3890//3890 3889//3889
f 3882//3882 3883//3883 3891//3891 3890//3890
f 3883//3883 3884//3884 3892//3892 3891//3891
f 3884//3884 3885//3885 3893//3893 3892//3892
f 3885//3885 3886//3886 3894//3894 3893//3893
f 3886//3886 3887//3887 3895//3895 3894//3894
f 3887//3887 3888//3888 3896//3896 3895//3895
f 3888//3888 3881//3881 3889//3889 3896//3896
f 3889//3889 3890//3890 3898//3898 3897//3897
f 3890//3890 3891//3891 3899//3899 3898//3898
f 3891//3891 3892//3892 3900//3900 3899//3899
f 3892//3892 3893//3893 3901//3901 3900//3900
f 3893//3893 3894//3894 3902//3902 3901//3901
f 3894//3894 3895//3895 3903//3903 3902//3902
f 3895//3895 3896//3896 3904//3904 3903//3903
f 3896//3896 3889//3889 3897//3897 3904//3904
f 3897//3897 3898//3898 3906//3906 3905//3905
f 3898//3898 3899//3899 3907//3907 3906//3906
f 3899//3899 3900//3900 3908//3908 3907//3907
f 3900//3900 3901//3901 3909//3909 3908//3908
f 3901//3901 3902//3902 3910//3910 3909//3909
f 3902//3902 3903//3903 3911//3911 3910//3910
f 3903//3903 3904//3904 3912//3912 3911//3911
f 3904//3904 3897//3897 3905//3905 3912//3912
f 3905//3905 3906//3906 3914//3914 3913//3913
f 3906//3906 3907//3907 3915//3915 3914//3914
f 3907//3907 3908//3908 3916//3916 3915//3915
f 3908//3908 3909//3909 3917//3917 3916//3916
f 3909//3909 3910//3910 3918//3918 3917//3917
f 3910//3910 3911//3911 3919//3919 3918//3918
f 3911//3911 3912//3912 3920//3920 3919//3919
f 3912//3912 3905//3905 3913//3913 3920//3920
f 3913//3913 3914//3914 3922//3922 3921//3921
f 3914//3914 3915//3915 3923//3923 3922//3922
f 3915//3915 3916//3916 3924//3924 3923//3923
f 3916//3916 3917//3917 3925//3925 3924//3924
f 3917//3917 3918//3918 3926//3926 3925//3925
f 3918//3918 3919//3919 3927//3927 3926//3926
f 3919//3919 3920//3920 3928//3928 3927//3927
f 3920//3920 3913//3913 3921//3921 3928//3928
f 3921//3921 3922//3922 3930//3930 3929//3929
f 3922//3922 3923//3923 3931//3931 3930//3930
f 3923//3923 3924//3924 3932//3932 3931//3931
f 3924//3924 3925//3925 3933//3933 3932//3932
f 3925//3925 3926//3926 3934//3934 3933//3933
f 3926//3926 3927//3927 3935//3935 3934//3934
f 3927//3927 3928//3928 3936//3936 3935//3935
f 3928//3928 3921//3921 3929//3929 3936//3936
f 3929//3929 3930//3930 3938//3938 3937//3937
f 3930//3930 3931//3931 3939//3939 3938//3938
f 3931//3931 3932//3932 3940//3940 3939//3939
f 3932//3932 3933//3933 3941//3941 3940//3940
f 3933//3933 3934//3934 3942//3942 3941//3941
f 3934//3934 3935//3935 3943//3943 3942//3942
f 3935//3935 3936//3936 3944//3944 3943//3943
f 3936//3936 3929//3929 3937//3937 3944//3944
f 3937//3937 3938//3938 3946//3946 3945//3945
f 3938//3938 3939//3939 3947//3947 3946//3946
f 3939//3939 3940//3940 3948//3948 3947//3947
f 3940//3940 3941//3941 3949//3949 3948//3948
f 3941//3941 3942//3942 3950//3950 3949//3949
f 3942//3942 3943//3943 3951//3951 3950//3950
f 3943//3943 3944//3944 3952//3952 3951//3951
f 3944//3944 3937//3937 3945//3945 3952//3952
f 3945//3945 3946//3946 3954//3954 3953//3953
f 3946//3946 3947//3947 3955//3955 3954//3954
f 3947//3947 3948//3948 3956//3956 3955//3955
f 3948//3948 3949//3949 3957//3957 3956//3956
f 3949//3949 3950//3950 3958//3958 3957//3957
f 3950//3950 3951//3951 3959//3959 3958//3958
f 3951//3951 3952//3952 3960//3960 3959//3959
f 3952//3952 3945//3945 3953//3953 3960//3960
f 3953//3953 3954//3954 3962//3962 3961//3961
f 3954//3954 3955//3955 3963//3963 3962//3962
f 3955//3955 3956//3956 3964//3964 3963//3963
f 3956//3956 3957//3957 3965//3965 3964//3964
f 3957//3957 3958//3958 3966//3966 3965//3965
f 3958//3958 3959//3959 3967//3967 3966//3966
f 3959//3959 3960//3960 3968//3968 3967//3967
f 3960//3960 3953//3953 3961//3961 3968//3968
f 3961//3961 3962//3962 3970//3970 3969//3969
f 3962//3962 3963//3963 3971//3971 3970//3970
f 3963//3963 3964//3964 3972//3972 3971//3971
f 3964//3964 3965//3965 3973//3973 3972//3972
f 3965//3965 3966//3966 3974//3974 3973//3973
f 3966//3966 3967//3967 3975//3975 3974//3974
f 3967//3967 3968//3968 3976//3976 3975//3975
f 3968//3968 3961//3961 3969//3969 3976//3976
f 3969//3969 3970//3970 3978//3978 3977//3977
f 3970//3970 3971//3971 3979//3979 3978//3978
f 3971//3971 3972//3972 3980//3980 3979//3979
f 3972//3972 3973//3973 3981//3981 3980//3980
f 3973//3973 3974//3974 3982//3982 3981//3981
f 3974//3974 3975//3975 3983//3983 3982//3982
f 3975//3975 3976//3976 3984//3984 3983//3983
f 3976//3976 3969//3969 3977//3977 3984//3984
f 3977//3977 3978//3978 3986//3986 3985//3985
f 3978//3978 3979//3979 3987//3987 3986//3986
f 3979//3979 3980//3980 3988//3988 3987//3987
f 3980//3980 3981//3981 3989//3989 3988//3988
f 3981//3981 3982//3982 3990//3990 3989//3989
f 3982//3982 3983//3983 3991//3991 3990//3990
f 3983//3983 3984//3984 3992//3992 3991//3991
f 3984//3984 3977//3977 3985//3985 3992//3992
f 3985//3985 3986//3986 3994//3994 3993//3993
f 3986//3986 3987//3987 3995//3995 3994//3994
f 3987//3987 3988//3988 3996//3996 3995//3995
f 3988//3988 3989//3989 3997//3997 3996//3996
f 3989//3989 3990//3990 3998//3998 3997//3997
f 3990//3990 3991//3991 3999//3999 3998//3998
f 3991//3991 3992//3992 4000//4000 3999//3999
f 3992//3992 3985//3985 3993//3993 4000//4000
f 3993//3993 3994//3994 4002//4002 4001//4001
f 3994//3994 3995//3995 4003//4003 4002//4002
f 3995//3995 3996//3996 4004//4004 4003//4003
f 3996//3996 3997//3997 4005//4005 4004//4004
f 3997//3997 3998//3998 4006//4006 4005//4005
f 3998//3998 3999//3999 4007//4007 4006//4006
f 3999//3999 4000//4000 4008//4008 4007//4007
f 4000//4000 3993//3993 4001//4001 4008//4008
f 4001//4001 4002//4002 4010//4010 4009//4009
f 4002//4002 4003//4003 4011//4011 4010//4010
f 4003//4003 4004//4004 4012//4012 4011//4011
f 4004//4004 4005//4005 4013//4013 4012//4012
f 4005//4005 4006//4006 4014//4014 4013//4013
f 4006//4006 4007//4007 4015//4015 4014//4014
f 4007//4007 4008//4008 4016//4016 4015//4015
f 4008//4008 4001//4001 4009//4009 4016//4016
f 4009//4009 4010//4010 4018//4018 4017//4017
f 4010//4010 4011//4011 4019//4019 4018//4018
f 4011//4011 4012//4012 4020//4020 4019//4019
f 4012//4012 4013//4013 4021//4021 4020//4020
f 4013//4013 4014//4014 4022//4022 4021//4021
f 4014//4014 4015//4015 4023//4023 4022//4022
f 4015//4015 4016//4016 4024//4024 4023//4023
f 4016//4016 4009//4009 4017//4017 4024//4024
f 4017//4017 4018//4018 4026//4026 4025//4025
f 4018//4018 4019//4019 4027//4027 4026//4026
f 4019//4019 4020//4020 4028//4028 4027//4027
f 4020//4020 4021//4021 4029//4029 4028//4028
f 4021//4021 4022//4022 4030//4030 4029//4029
f 4022//4022 4023//4023 4031//4031 4030//4030
f 4023//4023 4024//4024 4032//4032 4031//4031
f 4024//4024 4017//4017 4025//4025 4032//4032
f 4025//4025 4026//4026 4034//4034 4033//4033
f 4026//4026 4027//4027 4035//4035 4034//4034
f 4027//4027 4028//4028 4036//4036 4035//4035
f 4028//4028 4029//4029 4037//4037 4036//4036
f 4029//4029 4030//4030 4038//4038 4037//4037
f 4030//4030 4031//4031 4039//4039 4038//4038
f 4031//4031 4032//4032 4040//4040 4039//4039
f 4032//4032 4025//4025 4033//4033 4040//4040
f 4033//4033 4034//4034 4042//4042 4041//4041
f 4034//4034 4035//4035 4043//4043 4042//4042
f 4035//4035 4036//4036 4044//4044 4043//4043
f 4036//4036 4037//4037 4045//4045 4044//4044
f 4037//4037 4038//4038 4046//4046 4045//4045
f 4038//4038 4039//4039 4047//4047 4046//4046
f 4039//4039 4040//4040 4048//4048 4047//4047
f 4040//4040 4033//4033 4041//4041 4048//4048
f 4041//4041 4042//4042 4050//4050 4049//4049
f 4042//4042 4043//4043 4051//4051 4050//4050
f 4043//4043 4044//4044 4052//4052 4051//4051
f 4044//4044 4045//4045 4053//4053 4052//4052
f 4045//4045 4046//4046 4054//4054 4053//4053
f 4046//4046 4047//4047 4055//4055 4054//4054
f 4047//4047 4048//4048 4056//4056 4055//4055
f 4048//4048 4041//4041 4049//4049 4056//4056
f 4049//4049 4050//4050 4058//4058 4057//4057
f 4050//4050 4051//4051 4059//4059 4058//4058
f 4051//4051 4052//4052 4060//4060 4059//4059
f 4052//4052 4053//4053 4061//4061 4060//4060
f 4053//4053 4054//4054 4062//4062 4061//4061
f 4054//4054 4055//4055 4063//4063 4062//4062
f 4055//4055 4056//4056 4064//4064 4063//4063
f 4056//4056 4049//4049 4057//4057 4064//4064
f 4057//4057 4058//4058 4066//4066 4065//4065
f 4058//4058 4059//4059 4067//4067 4066//4066
f 4059//4059 4060//4060 4068//4068 4067//4067
f 4060//4060 4061//4061 4069//4069 4068//4068
f 4061//4061 4062//4062 4070//4070 4069//4069
f 4062//4062 4063//4063 4071//4071 4070//4070
f 4063//4063 4064//4064 4072//4072 4071//4071
f 4064//4064 4057//4057 4065//4065 4072//4072
f 4073//4073 4074//4074 4082//4082 4081//4081
f 4074//4074 4075//4075 4083//4083 4082//4082
f 4075//4075 4076//4076 4084//4084 4083//4083
f 4076//4076 4077//4077 4085//4085 4084//4084
f 4077//4077 4078//4078 4086//4086 4085//4085
f 4078//4078 4079//4079 4087//4087 4086//4086
f 4079//4079 4080//4080 4088//4088 4087//4087
f 4080//4080 4073//4073 4081//4081 4088//4088
f 4081//4081 4082//4082 4090//4090 4089//4089
f 4082//4082 4083//4083 4091//4091 4090//4090
f 4083//4083 4084//4084 4092//4092 4091//4091
f 4084//4084 4085//4085 4093//4093 4092//4092
f 4085//4085 4086//4086 4094//4094 4093//4093
f 4086//4086 4087//4087 4095//4095 4094//4094
f 4087//4087 4088//4088 4096//4096 4095//4095
f 4088//4088 4081//4081 4089//4089 4096//4096
f 4089//4089 4090//4090 4098//4098 4097//4097
f 4090//4090 4091//4091 4099//4099 4098//4098
f 4091//4091 4092//4092 4100//4100 4099//4099
f 4092//4092 4093//4093 4101//4101 4100//4100
f 4093//4093 4094//4094 4102//4102 4101//4101
f 4094//4094 4095//4095 4103//4103 4102//4102
f 4095//4095 4096//4096 4104//4104 4103//4103
f 4096//4096 4089//4089 4097//4097 4104//4104
f 4097//4097 4098//4098 4106//4106 4105//4105
f 4098//4098 4099//4099 4107//4107 4106//4106
f 4099//4099 4100//4100 4108//4108 4107//4107
f 4100//4100 4101//4101 4109//4109 4108//4108
f 4101//4101 4102//4102 4110//4110 4109//4109
f 4102//4102 4103//4103 4111//4111 4110//4110
f 4103//4103 4104//4104 4112//4112 4111//4111
f 4104//4104 4097//4097 4105//4105 4112//4112
f 4105//4105 4106//4106 4114//4114 4113//4113
f 4106//4106 4107//4107 4115//4115 4114//4114
f 4107//4107 4108//4108 4116//4116 4115//4115
f 4108//4108 4109//4109 4117//4117 4116//4116
f 4109//4109 4110//4110 4118//4118 4117//4117
f 4110//4110 4111//4111 4119//4119 4118//4118
f 4111//4111 4112//4112 4120//4120 4119//4119
f 4112//4112 4105//4105 4113//4113 4120//4120
f 4113//4113 4114//4114 4122//4122 4121//4121
f 4114//4114 4115//4115 4123//4123 4122//4122
f 4115//4115 4116//4116 4124//4124 4123//4123
f 4116//4116 4117//4117 4125//4125 4124//4124
f 4117//4117 4118//4118 4126//4126 4125//4125
f 4118//4118 4119//4119 4127//4127 4126//4126
f 4119//4119 4120//4120 4128//4128 4127//4127
f 4120//4120 4113//4113 4121//4121 4128//4128
f 4121//4121 4122//4122 4130//4130 4129//4129
f 4122//4122 4123//4123 4131//4131 4130//4130
f 4123//4123 4124//4124 4132//4132 4131//4131
f 4124//4124 4125//4125 4133//4133 4132//4132
f 4125//4125 4126//4126 4134//4134 4133//4133
f 4126//4126 4127//4127 4135//4135 4134//4134
f 4127//4127 4128//4128 4136//4136 4135//4135
f 4128//4128 4121//4121 4129//4129 4136//4136
f 4129//4129 4130//4130 4138//4138 4137//4137
f 4130//4130 4131//4131 4139//4139 4138//4138
f 4131//4131 4132//4132 4140//4140 4139//4139
f 4132//4132 4133//4133 4141//4141 4140//4140
f 4133//4133 4134//4134 4142//4142 4141//4141
f 4134//4134 4135//4135 4143//4143 4142//4142
f 4135//4135 4136//4136 4144//4144 4143//4143
f 4136//4136 4129//4129 4137//4137 4144//4144
f 4137//4137 4138//4138 4146//4146 4145//4145
f 4138//4138 4139//4139 4147//4147 4146//4146
f 4139//4139 4140//4140 4148//4148 4147//4147
f 4140//4140 4141//4141 4149//4149 4148//4148
f 4141//4141 4142//4142 4150//4150 4149//4149
f 4142//4142 4143//4143 4151//4151 4150//4150
f 4143//4143 4144//4144 4152//4152 4151//4151
f 4144//4144 4137//4137 4145//4145 4152//4152
f 4145//4145 4146//4146 4154//4154 4153//4153
f 4146//4146 4147//4147 4155//4155 4154//4154
f 4147//4147 4148//4148 4156//4156 4155//4155
f 4148//4148 4149//4149 4157//4157 4156//4156
f 4149//4149 4150//4150 4158//4158 4157//4157
f 4150//4150 4151//4151 4159//4159 4158//4158
f 4151//4151 4152//4152 4160//4160 4159//4159
f 4152//4152 4145//4145 4153//4153 4160//4160
f 4153//4153 4154//4154 4162//4162 4161//4161
f 4154//4154 4155//4155 4163//4163 4162//4162
f 4155//4155 4156//4156 4164//4164 4163//4163
f 4156//4156 4157//4157 4165//4165 4164//4164
f 4157//4157 4158//4158 4166//4166 4165//4165
f 4158//4158 4159//4159 4167//4167 4166//4166
f 4159//4159 4160//4160 4168//4168 4167//4167
f 4160//4160 4153//4153 4161//4161 4168//4168
f 4161//4161 4162//4162 4170//4170 4169//4169
f 4162//4162 4163//4163 4171//4171 4170//4170
f 4163//4163 4164//4164 4172//4172 4171//4171
f 4164//4164 4165//4165 4173//4173 4172//4172
f 4165//4165 4166//4166 4174//4174 4173//4173
f 4166//4166 4167//4167 4175//4175 4174//4174
f 4167//4167 4168//4168 4176//4176 4175//4175
f 4168//4168 4161//4161 4169//4169 4176//4176
f 4169//4169 4170//4170 4178//4178 4177//4177
f 4170//4170 4171//4171 4179//4179 4178//4178
f 4171//4171 4172//4172 4180//4180 4179//4179
f 4172//4172 4173//4173 4181//4181 4180//4180
f 4173//4173 4174//4174 4182//4182 4181//4181
f 4174//4174 4175//4175 4183//4183 4182//4182
f 4175//4175 4176//4176 4184//4184 4183//4183
f 4176//4176 4169//4169 4177//4177 4184//4184
f 4177//4177 4178//4178 4186//4186 4185//4185
f 4178//4178 4179//4179 4187//4187 4186//4186
f 4179//4179 4180//4180 4188//4188 4187//4187
f 4180//4180 4181//4181 4189//4189 4188//4188
f 4181//4181 4182//4182 4190//4190 4189//4189
f 4182//4182 4183//4183 4191//4191 4190//4190
f 4183//4183 4184//4184 4192//4192 4191//4191
f 4184//4184 4177//4177 4185//4185 4192//4192
f 4185//4185 4186//4186 4194//4194 4193//4193
f 4186//4186 4187//4187 4195//4195 4194//4194
f 4187//4187 4188//4188 4196//4196 4195//4195
f 4188//4188 4189//4189 4197//4197 4196//4196
f 4189//4189 4190//4190 4198//4198 4197//4197
f 4190//4190 4191//4191 4199//4199 4198//4198
f 4191//4191 4192//4192 4200//4200 4199//4199
f 4192//4192 4185//4185 4193//4193 4200//4200
f 4193//4193 4194//4194 4202//4202 4201//4201
f 4194//4194 4195//4195 4203//4203 4202//4202
f 4195//4195 4196//4196 4204//4204 4203//4203
f 4196//4196 4197//4197 4205//4205 4204//4204
f 4197//4197 4198//4198 4206//4206 4205//4205
f 4198//4198 4199//4199 4207//4207 4206//4206
f 4199//4199 4200//4200 4208//4208 4207//4207
f 4200//4200 4193//4193 4201//4201 4208//4208
f 4201//4201 4202//4202 4210//4210 4209//4209
f 4202//4202 4203//4203 4211//4211 4210//4210
f 4203//4203 4204//4204 4212//4212 4211//4211
f 4204//4204 4205//4205 4213//4213 4212//4212
f 4205//4205 4206//4206 4214//4214 4213//4213
f 4206//4206 4207//4207 4215//4215 4214//4214
f 4207//4207 4208//4208 4216//4216 4215//4215
f 4208//4208 4201//4201 4209//4209 4216//4216
f 4209//4209 4210//4210 4218//4218 4217//4217
f 4210//4210 4211//4211 4219//4219 4218//4218
f 4211//4211 4212//4212 4220//4220 4219//4219
f 4212//4212 4213//4213 4221//4221 4220//4220
f 4213//4213 4214//4214 4222//4222 4221//4221
f 4214//4214 4215//4215 4223//4223 4222//4222
f 4215//4215 4216//4216 4224//4224 4223//4223
f 4216//4216 4209//4209 4217//4217 4224//4224
f 4217//4217 4218//4218 4226//4226 4225//4225
f 4218//4218 4219//4219 4227//4227 4226//4226
f 4219//4219 4220//4220 4228//4228 4227//4227
f 4220//4220 4221//4221 4229//4229 4228//4228
f 4221//4221 4222//4222 4230//4230 4229//4229
f 4222//4222 4223//4223 4231//4231 4230//4230
f 4223//4223 4224//4224 4232//4232 4231//4231
f 4224//4224 4217//4217 4225//4225 4232//4232
f 4225//4225 4226//4226 4234//4234 4233//4233
f 4226//4226 4227//4227 4235//4235 4234//4234
f 4227//4227 4228//4228 4236//4236 4235//4235
f 4228//4228 4229//4229 4237//4237 4236//4236
f 4229//4229 4230//4230 4238//4238 4237//4237
f 4230//4230 4231//4231 4239//4239 4238//4238
f 4231//4231 4232//4232 4240//4240 4239//4239
f 4232//4232 4225//4225 4233//4233 4240//4240
f 4233//4233 4234//4234 4242//4242 4241//4241
f 4234//4234 4235//4235 4243//4243 4242//4242
f 4235//4235 4236//4236 4244//4244 4243//4243
f 4236//4236 4237//4237 4245//4245 4244//4244
f 4237//4237 4238//4238 4246//4246 4245//4245
f 4238//4238 4239//4239 4247//4247 4246//4246
f 4239//4239 4240//4240 4248//4248 4247//4247
f 4240//4240 4233//4233 4241//4241 4248//4248
f 4241//4241 4242//4242 4250//4250 4249//4249
f 4242//4242 4243//4243 4251//4251 4250//4250
f 4243//4243 4244//4244 4252//4252 4251//4251
f 4244//4244 4245//4245 4253//4253 4252//4252
f 4245//4245 4246//4246 4254//4254 4253//4253
f 4246//4246 4247//4247 4255//4255 4254//4254
f 4247//4247 4248//4248 4256//4256 4255//4255
f 4248//4248 4241//4241 4249//4249 4256//4256
f 4249//4249 4250//4250 4258//4258 4257//4257
f 4250//4250 4251//4251 4259//4259 4258//4258
f 4251//4251 4252//4252 4260//4260 4259//4259
f 4252//4252 4253//4253 4261//4261 4260//4260
f 4253//4253 4254//4254 4262//4262 4261//4261
f 4254//4254 4255//4255 4263//4263 4262//4262
f 4255//4255 4256//4256 4264//4264 4263//4263
f 4256//4256 4249//4249 4257//4257 4264//4264
f 4257//4257 4258//4258 4266//4266 4265//4265
f 4258//4258 4259//4259 4267//4267 4266//4266
f 4259//4259 4260//4260 4268//4268 4267//4267
f 4260//4260 4261//4261 4269//4269 4268//4268
f 4261//4261 4262//4262 4270//4270 4269//4269
f 4262//4262 4263//4263 4271//4271 4270//4270
f 4263//4263 4264//4264 4272//4272 4271//4271
f 4264//4264 4257//4257 4265//4265 4272//4272
f 4265//4265 4266//4266 4274//4274 4273//4273
f 4266//4266 4267//4267 4275//4275 4274//4274
f 4267//4267 4268//4268 4276//4276 4275//4275
f 4268//4268 4269//4269 4277//4277 4276//4276
f 4269//4269 4270//4270 4278//4278 4277//4277
f 4270//4270 4271//4271 4279//4279 4278//4278
f 4271//4271 4272//4272 4280//4280 4279//4279
f 4272//4272 4265//4265 4273//4273 4280//4280
f 4273//4273 4274//4274 4282//4282 4281//4281
f 4274//4274 4275//4275 4283//4283 4282//4282
f 4275//4275 4276//4276 4284//4284 4283//4283
f 4276//4276 4277//4277 4285//4285 4284//4284
f 4277//4277 4278//4278 4286//4286 4285//4285
f 4278//4278 4279//4279 4287//4287 4286//4286
f 4279//4279 4280//4280 4288//4288 4287//4287
f 4280//4280 4273//4273 4281//4281 4288//4288
f 4281//4281 4282//4282 4290//4290 4289//4289
f 4282//4282 4283//4283 4291//4291 4290//4290
f 4283//4283 4284//4284 4292//4292 4291//4291
f 4284//4284 4285//4285 4293//4293 4292//4292
f 4285//4285 4286//4286 4294//4294 4293//4293
f 4286//4286 4287//4287 4295//4295 4294//4294
f 4287//4287 4288//4288 4296//4296 4295//4295
f 4288//4288 4281//4281 4289//4289 4296//4296
f 4289//4289 4290//4290 4298//4298 4297//4297
f 4290//4290 4291//4291 4299//4299 4298//4298
f 4291//4291 4292//4292 4300//4300 4299//4299
f 4292//4292 4293//4293 4301//4301 4300//4300
f 4293//4293 4294//4294 4302//4302 4301//4301
f 4294//4294 4295//4295 4303//4303 4302//4302
f 4295//4295 4296//4296 4304//4304 4303//4303
f 4296//4296 4289//4289 4297//4297 4304//4304
f 4297//4297 4298//4298 4306//4306 4305//4305
f 4298//4298 4299//4299 4307//4307 4306//4306
f 4299//4299 4300//4300 4308//4308 4307//4307
f 4300//4300 4301//4301 4309//4309 4308//4308
f 4301//4301 4302//4302 4310//4310 4309//4309
f 4302//4302 4303//4303 4311//4311 4310//4310
f 4303//4303 4304//4304 4312//4312 4311//4311
f 4304//4304 4297//4297 4305//4305 4312//4312
f 4305//4305 4306//4306 4314//4314 4313//4313
f 4306//4306 4307//4307 4315//4315 4314//4314
f 4307//4307 4308//4308 4316//4316 4315//4315
f 4308//4308 4309//4309 4317//4317 4316//4316
f 4309//4309 4310//4310 4318//4318 4317//4317
f 4310//4310 4311//4311 4319//4319 4318//4318
f 4311//4311 4312//4312 4320//4320 4319//4319
f 4312//4312 4305//4305 4313//4313 4320//4320
f 4313//4313 4314//4314 4322//4322 4321//4321
f 4314//4314 4315//4315 4323//4323 4322//4322
f 4315//4315 4316//4316 4324//4324 4323//4323
f 4316//4316 4317//4317 4325//4325 4324//4324
f 4317//4317 4318//4318 4326//4326 4325//4325
f 4318//4318 4319//4319 4327//4327 4326//4326
f 4319//4319 4320//4320 4328//4328 4327//4327
f 4320//4320 4313//4313 4321//4321 4328//4328
f 4321//4321 4322//4322 4330//4330 4329//4329
f 4322//4322 4323//4323 4331//4331 4330//4330
f 4323//4323 4324//4324 4332//4332 4331//4331
f 4324//4324 4325//4325 4333//4333 4332//4332
f 4325//4325 4326//4326 4334//4334 4333//4333
f 4326//4326 4327//4327 4335//4335 4334//4334
f 4327//4327 4328//4328 4336//4336 4335//4335
f 4328//4328 4321//4321 4329//4329 4336//4336
f 4329//4329 4330//4330 4338//4338 4337//4337
f 4330//4330 4331//4331 4339//4339 4338//4338
f 4331//4331 4332//4332 4340//4340 4339//4339
f 4332//4332 4333//4333 4341//4341 4340//4340
f 4333//4333 4334//4334 4342//4342 4341//4341
f 4334//4334 4335//4335 4343//4343 4342//4342
f 4335//4335 4336//4336 4344//4344 4343//4343
f 4336//4336 4329//4329 4337//4337 4344//4344
f 4337//4337 4338//4338 4346//4346 4345//4345
f 4338//4338 4339//4339 4347//4347 4346//4346
f 4339//4339 4340//4340 4348//4348 4347//4347
f 4340//4340 4341//4341 4349//4349 4348//4348
f 4341//4341 4342//4342 4350//4350 4349//4349
f 4342//4342 4343//4343 4351//4351 4350//4350
f 4343//4343 4344//4344 4352//4352 4351//4351
f 4344//4344 4337//4337 4345//4345 4352//4352
f 4345//4345 4346//4346 4354//4354 4353//4353
f 4346//4346 4347//4347 4355//4355 4354//4354
f 4347//4347 4348//4348 4356//4356 4355//4355
f 4348//4348 4349//4349 4357//4357 4356//4356
f 4349//4349 4350//4350 4358//4358 4357//4357
f 4350//4350 4351//4351 4359//4359 4358//4358
f 4351//4351 4352//4352 4360//4360 4359//4359
f 4352//4352 4345//4345 4353//4353 4360//4360
f 4353//4353 4354//4354 4362//4362 4361//4361
f 4354//4354 4355//4355 4363//4363 4362//4362
f 4355//4355 4356//4356 4364//4364 4363//4363
f 4356//4356 4357//4357 4365//4365 4364//4364
f 4357//4357 4358//4358 4366//4366 4365//4365
f 4358//4358 4359//4359 4367//4367 4366//4366
f 4359//4359 4360//4360 4368//4368 4367//4367
f 4360//4360 4353//4353 4361//4361 4368//4368
f 4361//4361 4362//4362 4370//4370 4369//4369
f 4362//4362 4363//4363 4371//4371 4370//4370
f 4363//4363 4364//4364 4372//4372 4371//4371
f 4364//4364 4365//4365 4373//4373 4372//4372
f 4365//4365 4366//4366 4374//4374 4373//4373
f 4366//4366 4367//4367 4375//4375 4374//4374
f 4367//4367 4368//4368 4376//4376 4375//4375
f 4368//4368 4361//4361 4369//4369 4376//4376
f 4377//4377 4378//4378 4386//4386 4385//4385
f 4378//4378 4379//4379 4387//4387 4386//4386
f 4379//4379 4380//4380 4388//4388 4387//4387
f 4380//4380 4381//4381 4389//4389 4388//4388
f 4381//4381 4382//4382 4390//4390 4389//4389
f 4382//4382 4383//4383 4391//4391 4390//4390
f 4383//4383 4384//4384 4392//4392 4391//4391
f 4384//4384 4377//4377 4385//4385 4392//4392
f 4385//4385 4386//4386 4394//4394 4393//4393
f 4386//4386 4387//4387 4395//4395 4394//4394
f 4387//4387 4388//4388 4396//4396 4395//4395
f 4388//4388 4389//4389 4397//4397 4396//4396
f 4389//4389 4390//4390 4398//4398 4397//4397
f 4390//4390 4391//4391 4399//4399 4398//4398
f 4391//4391 4392//4392 4400//4400 4399//4399
f 4392//4392 4385//4385 4393//4393 4400//4400
f 4393//4393 4394//4394 4402//4402 4401//4401
f 4394//4394 4395//4395 4403//4403 4402//4402
f 4395//4395 4396//4396 4404//4404 4403//4403
f 4396//4396 4397//4397 4405//4405 4404//4404
f 4397//4397 4398//4398 4406//4406 4405//4405
f 4398//4398 4399//4399 4407//4407 4406//4406
f 4399//4399 4400//4400 4408//4408 4407//4407
f 4400//4400 4393//4393 4401//4401 4408//4408
f 4401//4401 4402//4402 4410//4410 4409//4409
f 4402//4402 4403//4403 4411//4411 4410//4410
f 4403//4403 4404//4404 4412//4412 4411//4411
f 4404//4404 4405//4405 4413//4413 4412//4412
f 4405//4405 4406//4406 4414//4414 4413//4413
f 4406//4406 4407//4407 4415//4415 4414//4414
f 4407//4407 4408//4408 4416//4416 4415//4415
f 4408//4408 4401//4401 4409//4409 4416//4416
f 4409//4409 4410//4410 4418//4418 4417//4417
f 4410//4410 4411//4411 4419//4419 4418//4418
f 4411//4411 4412//4412 4420//4420 4419//4419
f 4412//4412 4413//4413 4421//4421 4420//4420
f 4413//4413 4414//4414 4422//4422 4421//4421
f 4414//4414 4415//4415 4423//4423 4422//4422
f 4415//4415 4416//4416 4424//4424 4423//4423
f 4416//4416 4409//4409 4417//4417 4424//4424
f 4417//4417 4418//4418 4426//4426 4425//4425
f 4418//4418 4419//4419 4427//4427 4426//4426
f 4419//4419 4420//4420 4428//4428 4427//4427
f 4420//4420 4421//4421 4429//4429 4428//4428
f 4421//4421 4422//4422 4430//4430 4429//4429
f 4422//4422 4423//4423 4431//4431 4430//4430
f 4423//4423 4424//4424 4432//4432 4431//4431
f 4424//4424 4417//4417 4425//4425 4432//4432
f 4425//4425 4426//4426 4434//4434 4433//4433
f 4426//4426 4427//4427 4435//4435 4434//4434
f 4427//4427 4428//4428 4436//4436 4435//4435
f 4428//4428 4429//4429 4437//4437 4436//4436
f 4429//4429 4430//4430 4438//4438 4437//4437
f 4430//4430 4431//4431 4439//4439 4438//4438
f 4431//4431 4432//4432 4440//4440 4439//4439
f 4432//4432 4425//4425 4433//4433 4440//4440
f 4433//4433 4434//4434 4442//4442 4441//4441
f 4434//4434 4435//4435 4443//4443 4442//4442
f 4435//4435 4436//4436 4444//4444 4443//4443
f 4436//4436 4437//4437 4445//4445 4444//4444
f 4437//4437 4438//4438 4446//4446 4445//4445
f 4438//4438 4439//4439 4447//4447 4446//4446
f 4439//4439 4440//4440 4448//4448 4447//4447
f 4440//4440 4433//4433 4441//4441 4448//4448
f 4441//4441 4442//4442 4450//4450 4449//4449
f 4442//4442 4443//4443 4451//4451 4450//4450
f 4443//4443 4444//4444 4452//4452 4451//4451
f 4444//4444 4445//4445 4453//4453 4452//4452
f 4445//4445 4446//4446 4454//4454 4453//4453
f 4446//4446 4447//4447 4455//4455 4454//4454
f 4447//4447 4448//4448 4456//4456 4455//4455
f 4448//4448 4441//4441 4449//4449 4456//4456
f 4449//4449 4450//4450 4458//4458 4457//4457
f 4450//4450 4451//4451 4459//4459 4458//4458
f 4451//4451 4452//4452 4460//4460 4459//4459
f 4452//4452 4453//4453 4461//4461 4460//4460
f 4453//4453 4454//4454 4462//4462 4461//4461
f 4454//4454 4455//4455 4463//4463 4462//4462
f 4455//4455 4456//4456 4464//4464 4463//4463
f 4456//4456 4449//4449 4457//4457 4464//4464
f 4457//4457 4458//4458 4466//4466 4465//4465
f 4458//4458 4459//4459 4467//4467 4466//4466
f 4459//4459 4460//4460 4468//4468 4467//4467
f 4460//4460 4461//4461 4469//4469 4468//4468
f 4461//4461 4462//4462 4470//4470 4469//4469
f 4462//4462 4463//4463 4471//4471 4470//4470
f 4463//4463 4464//4464 4472//4472 4471//4471
f 4464//4464 4457//4457 4465//4465 4472//4472
f 4465//4465 4466//4466 4474//4474 4473//4473
f 4466//4466 4467//4467 4475//4475 4474//4474
f 4467//4467 4468//4468 4476//4476 4475//4475
f 4468//4468 4469//4469 4477//4477 4476//4476
f 4469//4469 4470//4470 4478//4478 4477//4477
f 4470//4470 4471//4471 4479//4479 4478//4478
f 4471//4471 4472//4472 4480//4480 4479//4479
f 4472//4472 4465//4465 4473//4473 4480//4480
f 4473//4473 4474//4474 4482//4482 4481//4481
f 4474//4474 4475//4475 4483//4483 4482//4482
f 4475//4475 4476//4476 4484//4484 4483//4483
f 4476//4476 4477//4477 4485//4485 4484//4484
f 4477//4477 4478//4478 4486//4486 4485//4485
f 4478//4478 4479//4479 4487//4487 4486//4486
f 4479//4479 4480//4480 4488//4488 4487//4487
f 4480//4480 4473//4473 4481//4481 4488//4488
f 4481//4481 4482//4482 4490//4490 4489//4489
f 4482//4482 4483//4483 4491//4491 4490//4490
f 4483//4483 4484//4484 4492//4492 4491//4491
f 4484//4484 4485//4485 4493//4493 4492//4492
f 4485//4485 4486//4486 4494//4494 4493//4493
f 4486//4486 4487//4487 4495//4495 4494//4494
f 4487//4487 4488//4488 4496//4496 4495//4495
f 4488//4488 4481//4481 4489//4489 4496//4496
f 4489//4489 4490//4490 4498//4498 4497//4497
f 4490//4490 4491//4491 4499//4499 4498//4498
f 4491//4491 4492//4492 4500//4500 4499//4499
f 4492//4492 4493//4493 4501//4501 4500//4500
f 4493//4493 4494//4494 4502//4502 4501//4501
f 4494//4494 4495//4495 4503//4503 4502//4502
f 4495//4495 4496//4496 4504//4504 4503//4503
f 4496//4496 4489//4489 4497//4497 4504//4504
f 4497//4497 4498//4498 4506//4506 4505//4505
f 4498//4498 4499//4499 4507//4507 4506//4506
f 4499//4499 4500//4500 4508//4508 4507//4507
f 4500//4500 4501//4501 4509//4509 4508//4508
f 4501//4501 4502//4502 4510//4510 4509//4509
f 4502//4502 4503//4503 4511//4511 4510//4510
f 4503//4503 4504//4504 4512//4512 4511//4511
f 4504//4504 4497//4497 4505//4505 4512//4512
f 4505//4505 4506//4506 4514//4514 4513//4513
f 4506//4506 4507//4507 4515//4515 4514//4514
f 4507//4507 4508//4508 4516//4516 4515//4515
f 4508//4508 4509//4509 4517//4517 4516//4516
f 4509//4509 4510//4510 4518//4518 4517//4517
f 4510//4510 4511//4511 4519//4519 4518//4518
f 4511//4511 4512//4512 4520//4520 4519//4519
f 4512//4512 4505//4505 4513//4513 4520//4520
f 4513//4513 4514//4514 4522//4522 4521//4521
f 4514//4514 4515//4515 4523//4523 4522//4522
f 4515//4515 4516//4516 4524//4524 4523//4523
f 4516//4516 4517//4517 4525//4525 4524//4524
f 4517//4517 4518//4518 4526//4526 4525//4525
f 4518//4518 4519//4519 4527//4527 4526//4526
f 4519//4519 4520//4520 4528//4528 4527//4527
f 4520//4520 4513//4513 4521//4521 4528//4528
f 4521//4521 4522//4522 4530//4530 4529//4529
f 4522//4522 4523//4523 4531//4531 4530//4530
f 4523//4523 4524//4524 4532//4532 4531//4531
f 4524//4524 4525//4525 4533//4533 4532//4532
f 4525//4525 4526//4526 4534//4534 4533//4533
f 4526//4526 4527//4527 4535//4535 4534//4534
f 4527//4527 4528//4528 4536//4536 4535//4535
f 4528//4528 4521//4521 4529//4529 4536//4536
f 4529//4529 4530//4530 4538//4538 4537//4537
f 4530//4530 4531//4531 4539//4539 4538//4538
f 4531//4531 4532//4532 4540//4540 4539//4539
f 4532//4532 4533//4533 4541//4541 4540//4540
f 4533//4533 4534//4534 4542//4542 4541//4541
f 4534//4534 4535//4535 4543//4543 4542//4542
f 4535//4535 4536//4536 4544//4544 4543//4543
f 4536//4536 4529//4529 4537//4537 4544//4544
f 4537//4537 4538//4538 4546//4546 4545//4545
f 4538//4538 4539//4539 4547//4547 4546//4546
f 4539//4539 4540//4540 4548//4548 4547//4547
f 4540//4540 4541//4541 4549//4549 4548//4548
f 4541//4541 4542//4542 4550//4550 4549//4549
f 4542//4542 4543//4543 4551//4551 4550//4550
f 4543//4543 4544//4544 4552//4552 4551//4551
f 4544//4544 4537//4537 4545//4545 4552//4552
f 4545//4545 4546//4546 4554//4554 4553//4553
f 4546//4546 4547//4547 4555//4555 4554//4554
f 4547//4547 4548//4548 4556//4556 4555//4555
f 4548//4548 4549//4549 4557//4557 4556//4556
f 4549//4549 4550//4550 4558//4558 4557//4557
f 4550//4550 4551//4551 4559//4559 4558//4558
f 4551//4551 4552//4552 4560//4560 4559//4559
f 4552//4552 4545//4545 4553//4553 4560//4560
f 4553//4553 4554//4554 4562//4562 4561//4561
f 4554//4554 4555//4555 4563//4563 4562//4562
f 4555//4555 4556//4556 4564//4564 4563//4563
f 4556//4556 4557//4557 4565//4565 4564//4564
f 4557//4557 4558//4558 4566//4566 4565//4565
f 4558//4558 4559//4559 4567//4567 4566//4566
f 4559//4559 4560//4560 4568//4568 4567//4567
f 4560//4560 4553//4553 4561//4561 4568//4568
f 4561//4561 4562//4562 4570//4570 4569//4569
f 4562//4562 4563//4563 4571//4571 4570//4570
f 4563//4563 4564//4564 4572//4572 4571//4571
f 4564//4564 4565//4565 4573//4573 4572//4572
f 4565//4565 4566//4566 4574//4574 4573//4573
f 4566//4566 4567//4567 4575//4575 4574//4574
f 4567//4567 4568//4568 4576//4576 4575//4575
f 4568//4568 4561//4561 4569//4569 4576//4576
f 4569//4569 4570//4570 4578//4578 4577//4577
f 4570//4570 4571//4571 4579//4579 4578//4578
f 4571//4571 4572//4572 4580//4580 4579//4579
f 4572//4572 4573//4573 4581//4581 4580//4580
f 4573//4573 4574//4574 4582//4582 4581//4581
f 4574//4574 4575//4575 4583//4583 4582//4582
f 4575//4575 4576//4576 4584//4584 4583//4583
f 4576//4576 4569//4569 4577//4577 4584//4584
f 4577//4577 4578//4578 4586//4586 4585//4585
f 4578//4578 4579//4579 4587//4587 4586//4586
f 4579//4579 4580//4580 4588//4588 4587//4587
f 4580//4580 4581//4581 4589//4589 4588//4588
f 4581//4581 4582//4582 4590//4590 4589//4589
f 4582//4582 4583//4583 4591//4591 4590//4590
f 4583//4583 4584//4584 4592//4592 4591//4591
f 4584//4584 4577//4577 4585//4585 4592//4592
f 4585//4585 4586//4586 4594//4594 4593//4593
f 4586//4586 4587//4587 4595//4595 4594//4594
f 4587//4587 4588//4588 4596//4596 4595//4595
f 4588//4588 4589//4589 4597//4597 4596//4596
f 4589//4589 4590//4590 4598//4598 4597//4597
f 4590//4590 4591//4591 4599//4599 4598//4598
f 4591//4591 4592//4592 4600//4600 4599//4599
f 4592//4592 4585//4585 4593//4593 4600//4600
f 4593//4593 4594//4594 4602//4602 4601//4601
f 4594//4594 4595//4595 4603//4603 4602//4602
f 4595//4595 4596//4596 4604//4604 4603//4603
f 4596//4596 4597//4597 4605//4605 4604//4604
f 4597//4597 4598//4598 4606//4606 4605//4605
f 4598//4598 4599//4599 4607//4607 4606//4606
f 4599//4599 4600//4600 4608//4608 4607//4607
f 4600//4600 4593//4593 4601//4601 4608//4608
f 4601//4601 4602//4602 4610//4610 4609//4609
f 4602//4602 4603//4603 4611//4611 4610//4610
f 4603//4603 4604//4604 4612//4612 4611//4611
f 4604//4604 4605//4605 4613//4613 4612//4612
f 4605//4605 4606//4606 4614//4614 4613//4613
f 4606//4606 4607//4607 4615//4615 4614//4614
f 4607//4607 4608//4608 4616//4616 4615//4615
f 4608//4608 4601//4601 4609//4609 4616//4616
f 4609//4609 4610//4610 4618//4618 4617//4617
f 4610//4610 4611//4611 4619//4619 4618//4618
f 4611//4611 4612//4612 4620//4620 4619//4619
f 4612//4612 4613//4613 4621//4621 4620//4620
f 4613//4613 4614//4614 4622//4622 4621//4621
f 4614//4614 4615//4615 4623//4623 4622//4622
f 4615//4615 4616//4616 4624//4624 4623//4623
f 4616//4616 4609//4609 4617//4617 4624//4624
f 4617//4617 4618//4618 4626//4626 4625//4625
f 4618//4618 4619//4619 4627//4627 4626//4626
f 4619//4619 4620//4620 4628//4628 4627//4627
f 4620//4620 4621//4621 4629//4629 4628//4628
f 4621//4621 4622//4622 4630//4630 4629//4629
f 4622//4622 4623//4623 4631//4631 4630//4630
f 4623//4623 4624//4624 4632//4632 4631//4631
f 4624//4624 4617//4617 4625//4625 4632//4632
f 4625//4625 4626//4626 4634//4634 4633//4633
f 4626//4626 4627//4627 4635//4635 4634//4634
f 4627//4627 4628//4628 4636//4636 4635//4635
f 4628//4628 4629//4629 4637//4637 4636//4636
f 4629//4629 4630//4630 4638//4638 4637//4637
f 4630//4630 4631//4631 4639//4639 4638//4638
f 4631//4631 4632//4632 4640//4640 4639//4639
f 4632//4632 4625//4625 4633//4633 4640//4640
f 4633//4633 4634//4634 4642//4642 4641//4641
f 4634//4634 4635//4635 4643//4643 4642//4642
f 4635//4635 4636//4636 4644//4644 4643//4643
f 4636//4636 4637//4637 4645//4645 4644//4644
f 4637//4637 4638//4638 4646//4646 4645//4645
f 4638//4638 4639//4639 4647//4647 4646//4646
f 4639//4639 4640//4640 4648//4648 4647//4647
f 4640//4640 4633//4633 4641//4641 4648//4648
f 4641//4641 4642//4642 4650//4650 4649//4649
f 4642//4642 4643//4643 4651//4651 4650//4650
f 4643//4643 4644//4644 4652//4652 4651//4651
f 4644//4644 4645//4645 4653//4653 4652//4652
f 4645//4645 4646//4646 4654//4654 4653//4653
f 4646//4646 4647//4647 4655//4655 4654//4654
f 4647//4647 4648//4648 4656//4656 4655//4655
f 4648//4648 4641//4641 4649//4649 4656//4656
f 4649//4649 4650//4650 4658//4658 4657//4657
f 4650//4650 4651//4651 4659//4659 4658//4658
f 4651//4651 4652//4652 4660//4660 4659//4659
f 4652//4652 4653//4653 4661//4661 4660//4660
f 4653//4653 4654//4654 4662//4662 4661//4661
f 4654//4654 4655//4655 4663//4663 4662//4662
f 4655//4655 4656//4656 4664//4664 4663//4663
f 4656//4656 4649//4649 4657//4657 4664//4664
f 4657//4657 4658//4658 4666//4666 4665//4665
f 4658//4658 4659//4659 4667//4667 4666//4666
f 4659//4659 4660//4660 4668//4668 4667//4667
f 4660//4660 4661//4661 4669//4669 4668//4668
f 4661//4661 4662//4662 4670//4670 4669//4669
f 4662//4662 4663//4663 4671//4671 4670//4670
f 4663//4663 4664//4664 4672//4672 4671//4671
f 4664//4664 4657//4657 4665//4665 4672//4672
f 4665//4665 4666//4666 4674//4674 4673//4673
f 4666//4666 4667//4667 4675//4675 4674//4674
f 4667//4667 4668//4668 4676//4676 4675//4675
f 4668//4668 4669//4669 4677//4677 4676//4676
f 4669//4669 4670//4670 4678//4678 4677//4677
f 4670//4670 4671//4671 4679//4679 4678//4678
f 4671//4671 4672//4672 4680//4680 4679//4679
f 4672//4672 4665//4665 4673//4673 4680//4680
f 4681//4681 4682//4682 4690//4690 4689//4689
f 4682//4682 4683//4683 4691//4691 4690//4690
f 4683//4683 4684//4684 4692//4692 4691//4691
f 4684//4684 4685//4685 4693//4693 4692//4692
f 4685//4685 4686//4686 4694//4694 4693//4693
f 4686//4686 4687//4687 4695//4695 4694//4694
f 4687//4687 4688//4688 4696//4696 4695//4695
f 4688//4688 4681//4681 4689//4689 4696//4696
f 4689//4689 4690//4690 4698//4698 4697//4697
f 4690//4690 4691//4691 4699//4699 4698//4698
f 4691//4691 4692//4692 4700//4700 4699//4699
f 4692//4692 4693//4693 4701//4701 4700//4700
f 4693//4693 4694//4694 4702//4702 4701//4701
f 4694//4694 4695//4695 4703//4703 4702//4702
f 4695//4695 4696//4696 4704//4704 4703//4703
f 4696//4696 4689//4689 4697//4697 4704//4704
f 4697//4697 4698//4698 4706//4706 4705//4705
f 4698//4698 4699//4699 4707//4707 4706//4706
f 4699//4699 4700//4700 4708//4708 4707//4707
f 4700//4700 4701//4701 4709//4709 4708//4708
f 4701//4701 4702//4702 4710//4710 4709//4709
f 4702//4702 4703//4703 4711//4711 4710//4710
f 4703//4703 4704//4704 4712//4712 4711//4711
f 4704//4704 4697//4697 4705//4705 4712//4712
f 4705//4705 4706//4706 4714//4714 4713//4713
f 4706//4706 4707//4707 4715//4715 4714//4714
f 4707//4707 4708//4708 4716//4716 4715//4715
f 4708//4708 4709//4709 4717//4717 4716//4716
f 4709//4709 4710//4710 4718//4718 4717//4717
f 4710//4710 4711//4711 4719//4719 4718//4718
f 4711//4711 4712//4712 4720//4720 4719//4719
f 4712//4712 4705//4705 4713//4713 4720//4720
f 4713//4713 4714//4714 4722//4722 4721//4721
f 4714//4714 4715//4715 4723//4723 4722//4722
f 4715//4715 4716//4716 4724//4724 4723//4723
f 4716//4716 4717//4717 4725//4725 4724//4724
f 4717//4717 4718//4718 4726//4726 4725//4725
f 4718//4718 4719//4719 4727//4727 4726//4726
f 4719//4719 4720//4720 4728//4728 4727//4727
f 4720//4720 4713//4713 4721//4721 4728//4728
f 4721//4721 4722//4722 4730//4730 4729//4729
f 4722//4722 4723//4723 4731//4731 4730//4730
f 4723//4723 4724//4724 4732//4732 4731//4731
f 4724//4724 4725//4725 4733//4733 4732//4732
f 4725//4725 4726//4726 4734//4734 4733//4733
f 4726//4726 4727//4727 4735//4735 4734//4734
f 4727//4727 4728//4728 4736//4736 4735//4735
f 4728//4728 4721//4721 4729//4729 4736//4736
f 4729//4729 4730//4730 4738//4738 4737//4737
f 4730//4730 4731//4731 4739//4739 4738//4738
f 4731//4731 4732//4732 4740//4740 4739//4739
f 4732//4732 4733//4733 4741//4741 4740//4740
f 4733//4733 4734//4734 4742//4742 4741//4741
f 4734//4734 4735//4735 4743//4743 4742//4742
f 4735//4735 4736//4736 4744//4744 4743//4743
f 4736//4736 4729//4729 4737//4737 4744//4744
f 4737//4737 4738//4738 4746//4746 4745//4745
f 4738//4738 4739//4739 4747//4747 4746//4746
f 4739//4739 4740//4740 4748//4748 4747//4747
f 4740//4740 4741//4741 4749//4749 4748//4748
f 4741//4741 4742//4742 4750//4750 4749//4749
f 4742//4742 4743//4743 4751//4751 4750//4750
f 4743//4743 4744//4744 4752//4752 4751//4751
f 4744//4744 4737//4737 4745//4745 4752//4752
f 4745//4745 4746//4746 4754//4754 4753//4753
f 4746//4746 4747//4747 4755//4755 4754//4754
f 4747//4747 4748//4748 4756//4756 4755//4755
f 4748//4748 4749//4749 4757//4757 4756//4756
f 4749//4749 4750//4750 4758//4758 4757//4757
f 4750//4750 4751//4751 4759//4759 4758//4758
f 4751//4751 4752//4752 4760//4760 4759//4759
f 4752//4752 4745//4745 4753//4753 4760//4760
f 4753//4753 4754//4754 4762//4762 4761//4761
f 4754//4754 4755//4755 4763//4763 4762//4762
f 4755//4755 4756//4756 4764//4764 4763//4763
f 4756//4756 4757//4757 4765//4765 4764//4764
f 4757//4757 4758//4758 4766//4766 4765//4765
f 4758//4758 4759//4759 4767//4767 4766//4766
f 4759//4759 4760//4760 4768//4768 4767//4767
f 4760//4760 4753//4753 4761//4761 4768//4768
f 4761//4761 4762//4762 4770//4770 4769//4769
f 4762//4762 4763//4763 4771//4771 4770//4770
f 4763//4763 4764//4764 4772//4772 4771//4771
f 4764//4764 4765//4765 4773//4773 4772//4772
f 4765//4765 4766//4766 4774//4774 4773//4773
f 4766//4766 4767//4767 4775//4775 4774//4774
f 4767//4767 4768//4768 4776//4776 4775//4775
f 4768//4768 4761//4761 4769//4769 4776//4776
f 4769//4769 4770//4770 4778//4778 4777//4777
f 4770//4770 4771//4771 4779//4779 4778//4778
f 4771//4771 4772//4772 4780//4780 4779//4779
f 4772//4772 4773//4773 4781//4781 4780//4780
f 4773//4773 4774//4774 4782//4782 4781//4781
f 4774//4774 4775//4775 4783//4783 4782//4782
f 4775//4775 4776//4776 4784//4784 4783//4783
f 4776//4776 4769//4769 4777//4777 4784//4784
f 4777//4777 4778//4778 4786//4786 4785//4785
f 4778//4778 4779//4779 4787//4787 4786//4786
f 4779//4779 4780//4780 4788//4788 4787//4787
f 4780//4780 4781//4781 4789//4789 4788//4788
f 4781//4781 4782//4782 4790//4790 4789//4789
f 4782//4782 4783//4783 4791//4791 4790//4790
f 4783//4783 4784//4784 4792//4792 4791//4791
f 4784//4784 4777//4777 4785//4785 4792//4792
f 4785//4785 4786//4786 4794//4794 4793//4793
f 4786//4786 4787//4787 4795//4795 4794//4794
f 4787//4787 4788//4788 4796//4796 4795//4795
f 4788//4788 4789//4789 4797//4797 4796//4796
f 4789//4789 4790//4790 4798//4798 4797//4797
f 4790//4790 4791//4791 4799//4799 4798//4798
f 4791//4791 4792//4792 4800//4800 4799//4799
f 4792//4792 4785//4785 4793//4793 4800//4800
f 4793//4793 4794//4794 4802//4802 4801//4801
f 4794//4794 4795//4795 4803//4803 4802//4802
f 4795//4795 4796//4796 4804//4804 4803//4803
f 4796//4796 4797//4797 4805//4805 4804//4804
f 4797//4797 4798//4798 4806//4806 4805//4805
f 4798//4798 4799//4799 4807//4807 4806//4806
f 4799//4799 4800//4800 4808//4808 4807//4807
f 4800//4800 4793//4793 4801//4801 4808//4808
f 4801//4801 4802//4802 4810//4810 4809//4809
f 4802//4802 4803//4803 4811//4811 4810//4810
f 4803//4803 4804//4804 4812//4812 4811//4811
f 4804//4804 4805//4805 4813//4813 4812//4812
f 4805//4805 4806//4806 4814//4814 4813//4813
f 4806//4806 4807//4807 4815//4815 4814//4814
f 4807//4807 4808//4808 4816//4816 4815//4815
f 4808//4808 4801//4801 4809//4809 4816//4816
f 4809//4809 4810//4810 4818//4818 4817//4817
f 4810//4810 4811//4811 4819//4819 4818//4818
f 4811//4811 4812//4812 4820//4820 4819//4819
f 4812//4812 4813//4813 4821//4821 4820//4820
f 4813//4813 4814//4814 4822//4822 4821//4821
f 4814//4814 4815//4815 4823//4823 4822//4822
f 4815//4815 4816//4816 4824//4824 4823//4823
f 4816//4816 4809//4809 4817//4817 4824//4824
f 4817//4817 4818//4818 4826//4826 4825//4825
f 4818//4818 4819//4819 4827//4827 4826//4826
f 4819//4819 4820//4820 4828//4828 4827//4827
f 4820//4820 4821//4821 4829//4829 4828//4828
f 4821//4821 4822//4822 4830//4830 4829//4829
f 4822//4822 4823//4823 4831//4831 4830//4830
f 4823//4823 4824//4824 4832//4832 4831//4831
f 4824//4824 4817//4817 4825//4825 4832//4832
f 4825//4825 4826//4826 4834//4834 4833//4833
f 4826//4826 4827//4827 4835//4835 4834//4834
f 4827//4827 4828//4828 4836//4836 4835//4835
f 4828//4828 4829//4829 4837//4837 4836//4836
f 4829//4829 4830//4830 4838//4838 4837//4837
f 4830//4830 4831//4831 4839//4839 4838//4838
f 4831//4831 4832//4832 4840//4840 4839//4839
f 4832//4832 4825//4825 4833//4833 4840//4840
f 4833//4833 4834//4834 4842//4842 4841//4841
f 4834//4834 4835//4835 4843//4843 4842//4842
f 4835//4835 4836//4836 4844//4844 4843//4843
f 4836//4836 4837//4837 4845//4845 4844//4844
f 4837//4837 4838//4838 4846//4846 4845//4845
f 4838//4838 4839//4839 4847//4847 4846//4846
f 4839//4839 4840//4840 4848//4848 4847//4847
f 4840//4840 4833//4833 4841//4841 4848//4848
f 4841//4841 4842//4842 4850//4850 4849//4849
f 4842//4842 4843//4843 4851//4851 4850//4850
f 4843//4843 4844//4844 4852//4852 4851//4851
f 4844//4844 4845//4845 4853//4853 4852//4852
f 4845//4845 4846//4846 4854//4854 4853//4853
f 4846//4846 4847//4847 4855//4855 4854//4854
f 4847//4847 4848//4848 4856//4856 4855//4855
f 4848//4848 4841//4841 4849//4849 4856//4856
f 4849//4849 4850//4850 4858//4858 4857//4857
f 4850//4850 4851//4851 4859//4859 4858//4858
f 4851//4851 4852//4852 4860//4860 4859//4859
f 4852//4852 4853//4853 4861//4861 4860//4860
f 4853//4853 4854//4854 4862//4862 4861//4861
f 4854//4854 4855//4855 4863//4863 4862//4862
f 4855//4855 4856//4856 4864//4864 4863//4863
f 4856//4856 4849//4849 4857//4857 4864//4864
f 4857//4857 4858//4858 4866//4866 4865//4865
f 4858//4858 4859//4859 4867//4867 4866//4866
f 4859//4859 4860//4860 4868//4868 4867//4867
f 4860//4860 4861//4861 4869//4869 4868//4868
f 4861//4861 4862//4862 4870//4870 4869//4869
f 4862//4862 4863//4863 4871//4871 4870//4870
f 4863//4863 4864//4864 4872//4872 4871//4871
f 4864//4864 4857//4857 4865//4865 4872//4872
f 4865//4865 4866//4866 4874//4874 4873//4873
f 4866//4866 4867//4867 4875//4875 4874//4874
f 4867//4867 4868//4868 4876//4876 4875//4875
f 4868//4868 4869//4869 4877//4877 4876//4876
f 4869//4869 4870//4870 4878//4878 4877//4877
f 4870//4870 4871//4871 4879//4879 4878//4878
f 4871//4871 4872//4872 4880//4880 4879//4879
f 4872//4872 4865//4865 4873//4873 4880//4880
f 4873//4873 4874//4874 4882//4882 4881//4881
f 4874//4874 4875//4875 4883//4883 4882//4882
f 4875//4875 4876//4876 4884//4884 4883//4883
f 4876//4876 4877//4877 4885//4885 4884//4884
f 4877//4877 4878//4878 4886//4886 4885//4885
f 4878//4878 4879//4879 4887//4887 4886//4886
f 4879//4879 4880//4880 4888//4888 4887//4887
f 4880//4880 4873//4873 4881//4881 4888//4888
f 4881//4881 4882//4882 4890//4890 4889//4889
f 4882//4882 4883//4883 4891//4891 4890//4890
f 4883//4883 4884//4884 4892//4892 4891//4891
f 4884//4884 4885//4885 4893//4893 4892//4892
f 4885//4885 4886//4886 4894//4894 4893//4893
f 4886//4886 4887//4887 4895//4895 4894//4894
f 4887//4887 4888//4888 4896//4896 4895//4895
f 4888//4888 4881//4881 4889//4889 4896//4896
f 4889//4889 4890//4890 4898//4898 4897//4897
f 4890//4890 4891//4891 4899//4899 4898//4898
f 4891//4891 4892//4892 4900//4900 4899//4899
f 4892//4892 4893//4893 4901//4901 4900//4900
f 4893//4893 4894//4894 4902//4902 4901//4901
f 4894//4894 4895//4895 4903//4903 4902//4902
f 4895//4895 4896//4896 4904//4904 4903//4903
f 4896//4896 4889//4889 4897//4897 4904//4904
f 4897//4897 4898//4898 4906//4906 4905//4905
f 4898//4898 4899//4899 4907//4907 4906//4906
f 4899//4899 4900//4900 4908//4908 4907//4907
f 4900//4900 4901//4901 4909//4909 4908//4908
f 4901//4901 4902//4902 4910//4910 4909//4909
f 4902//4902 4903//4903 4911//4911 4910//4910
f 4903//4903 4904//4904 4912//4912 4911//4911
f 4904//4904 4897//4897 4905//4905 4912//4912
f 4905//4905 4906//4906 4914//4914 4913//4913
f 4906//4906 4907//4907 4915//4915 4914//4914
f 4907//4907 4908//4908 4916//4916 4915//4915
f 4908//4908 4909//4909 4917//4917 4916//4916
f 4909//4909 4910//4910 4918//4918 4917//4917
f 4910//4910 4911//4911 4919//4919 4918//4918
f 4911//4911 4912//4912 4920//4920 4919//4919
f 4912//4912 4905//4905 4913//4913 4920//4920
f 4913//4913 4914//4914 4922//4922 4921//4921
f 4914//4914 4915//4915 4923//4923 4922//4922
f 4915//4915 4916//4916 4924//4924 4923//4923
f 4916//4916 4917//4917 4925//4925 4924//4924
f 4917//4917 4918//4918 4926//4926 4925//4925
f 4918//4918 4919//4919 4927//4927 4926//4926
f 4919//4919 4920//4920 4928//4928 4927//4927
f 4920//4920 4913//4913 4921//4921 4928//4928
f 4921//4921 4922//4922 4930//4930 4929//4929
f 4922//4922 4923//4923 4931//4931 4930//4930
f 4923//4923 4924//4924 4932//4932 4931//4931
f 4924//4924 4925//4925 4933//4933 4932//4932
f 4925//4925 4926//4926 4934//4934 4933//4933
f 4926//4926 4927//4927 4935//4935 4934//4934
f 4927//4927 4928//4928 4936//4936 4935//4935
f 4928//4928 4921//4921 4929//4929 4936//4936
f 4929//4929 4930//4930 4938//4938 4937//4937
f 4930//4930 4931//4931 4939//4939 4938//4938
f 4931//4931 4932//4932 4940//4940 4939//4939
f 4932//4932 4933//4933 4941//4941 4940//4940
f 4933//4933 4934//4934 4942//4942 4941//4941
f 4934//4934 4935//4935 4943//4943 4942//4942
f 4935//4935 4936//4936 4944//4944 4943//4943
f 4936//4936 4929//4929 4937//4937 4944//4944
f 4937//4937 4938//4938 4946//4946 4945//4945
f 4938//4938 4939//4939 4947//4947 4946//4946
f 4939//4939 4940//4940 4948//4948 4947//4947
f 4940//4940 4941//4941 4949//4949 4948//4948
f 4941//4941 4942//4942 4950//4950 4949//4949
f 4942//4942 4943//4943 4951//4951 4950//4950
f 4943//4943 4944//4944 4952//4952 4951//4951
f 4944//4944 4937//4937 4945//4945 4952//4952
f 4945//4945 4946//4946 4954//4954 4953//4953
f 4946//4946 4947//4947 4955//4955 4954//4954
f 4947//4947 4948//4948 4956//4956 4955//4955
f 4948//4948 4949//4949 4957//4957 4956//4956
f 4949//4949 4950//4950 4958//4958 4957//4957
f 4950//4950 4951//4951 4959//4959 4958//4958
f 4951//4951 4952//4952 4960//4960 4959//4959
f 4952//4952 4945//4945 4953//4953 4960//4960
f 4953//4953 4954//4954 4962//4962 4961//4961
f 4954//4954 4955//4955 4963//4963 4962//4962
f 4955//4955 4956//4956 4964//4964 4963//4963
f 4956//4956 4957//4957 4965//4965 4964//4964
f 4957//4957 4958//4958 4966//4966 4965//4965
f 4958//4958 4959//4959 4967//4967 4966//4966
f 4959//4959 4960//4960 4968//4968 4967//4967
f 4960//4960 4953//4953 4961//4961 4968//4968
f 4969//4969 4970//4970 4978//4978 4977//4977
f 4970//4970 4971//4971 4979//4979 4978//4978
f 4971//4971 4972//4972 4980//4980 4979//4979
f 4972//4972 4973//4973 4981//4981 4980//4980
f 4973//4973 4974//4974 4982//4982 4981//4981
f 4974//4974 4975//4975 4983//4983 4982//4982
f 4975//4975 4976//4976 4984//4984 4983//4983
f 4976//4976 4969//4969 4977//4977 4984//4984
f 4977//4977 4978//4978 4986//4986 4985//4985
f 4978//4978 4979//4979 4987//4987 4986//4986
f 4979//4979 4980//4980 4988//4988 4987//4987
f 4980//4980 4981//4981 4989//4989 4988//4988
f 4981//4981 4982//4982 4990//4990 4989//4989
f 4982//4982 4983//4983 4991//4991 4990//4990
f 4983//4983 4984//4984 4992//4992 4991//4991
f 4984//4984 4977//4977 4985//4985 4992//4992
f 4985//4985 4986//4986 4994//4994 4993//4993
f 4986//4986 4987//4987 4995//4995 4994//4994
f 4987//4987 4988//4988 4996//4996 4995//4995
f 4988//4988 4989//4989 4997//4997 4996//4996
f 4989//4989 4990//4990 4998//4998 4997//4997
f 4990//4990 4991//4991 4999//4999 4998//4998
f 4991//4991 4992//4992 5000//5000 4999//4999
f 4992//4992 4985//4985 4993//4993 5000//5000
f 4993//4993 4994//4994 5002//5002 5001//5001
f 4994//4994 4995//4995 5003//5003 5002//5002
f 4995//4995 4996//4996 5004//5004 5003//5003
f 4996//4996 4997//4997 5005//5005 5004//5004
f 4997//4997 4998//4998 5006//5006 5005//5005
f 4998//4998 4999//4999 5007//5007 5006//5006
f 4999//4999 5000//5000 5008//5008 5007//5007
f 5000//5000 4993//4993 5001//5001 5008//5008
f 5001//5001 5002//5002 5010//5010 5009//5009
f 5002//5002 5003//5003 5011//5011 5010//5010
f 5003//5003 5004//5004 5012//5012 5011//5011
f 5004//5004 5005//5005 5013//5013 5012//5012
f 5005//5005 5006//5006 5014//5014 5013//5013
f 5006//5006 5007//5007 5015//5015 5014//5014
f 5007//5007 5008//5008 5016//5016 5015//5015
f 5008//5008 5001//5001 5009//5009 5016//5016
f 5009//5009 5010//5010 5018//5018 5017//5017
f 5010//5010 5011//5011 5019//5019 5018//5018
f 5011//5011 5012//5012 5020//5020 5019//5019
f 5012//5012 5013//5013 5021//5021 5020//5020
f 5013//5013 5014//5014 5022//5022 5021//5021
f 5014//5014 5015//5015 5023//5023 5022//5022
f 5015//5015 5016//5016 5024//5024 5023//5023
f 5016//5016 5009//5009 5017//5017 5024//5024
f 5017//5017 5018//5018 5026//5026 5025//5025
f 5018//5018 5019//5019 5027//5027 5026//5026
f 5019//5019 5020//5020 5028//5028 5027//5027
f 5020//5020 5021//5021 5029//5029 5028//5028
f 5021//5021 5022//5022 5030//5030 5029//5029
f 5022//5022 5023//5023 5031//5031 5030//5030
f 5023//5023 5024//5024 5032//5032 5031//5031
f 5024//5024 5017//5017 5025//5025 5032//5032
f 5025//5025 5026//5026 5034//5034 5033//5033
f 5026//5026 5027//5027 5035//5035 5034//5034
f 5027//5027 5028//5028 5036//5036 5035//5035
f 5028//5028 5029//5029 5037//5037 5036//5036
f 5029//5029 5030//5030 5038//5038 5037//5037
f 5030//5030 5031//5031 5039//5039 5038//5038
f 5031//5031 5032//5032 5040//5040 5039//5039
f 5032//5032 5025//5025 5033//5033 5040//5040
f 5033//5033 5034//5034 5042//5042 5041//5041
f 5034//5034 5035//5035 5043//5043 5042//5042
f 5035//5035 5036//5036 5044//5044 5043//5043
f 5036//5036 5037//5037 5045//5045 5044//5044
f 5037//5037 5038//5038 5046//5046 5045//5045
f 5038//5038 5039//5039 5047//5047 5046//5046
f 5039//5039 5040//5040 5048//5048 5047//5047
f 5040//5040 5033//5033 5041//5041 5048//5048
f 5041//5041 5042//5042 5050//5050 5049//5049
f 5042//5042 5043//5043 5051//5051 5050//5050
f 5043//5043 5044//5044 5052//5052 5051//5051
f 5044//5044 5045//5045 5053//5053 5052//5052
f 5045//5045 5046//5046 5054//5054 5053//5053
f 5046//5046 5047//5047 5055//5055 5054//5054
f 5047//5047 5048//5048 5056//5056 5055//5055
f 5048//5048 5041//5041 5049//5049 5056//5056
f 5049//5049 5050//5050 5058//5058 5057//5057
f 5050//5050 5051//5051 5059//5059 5058//5058
f 5051//5051 5052//5052 5060//5060 5059//5059
f 5052//5052 5053//5053 5061//5061 5060//5060
f 5053//5053 5054//5054 5062//5062 5061//5061
f 5054//5054 5055//5055 5063//5063 5062//5062
f 5055//5055 5056//5056 5064//5064 5063//5063
f 5056//5056 5049//5049 5057//5057 5064//5064
f 5057//5057 5058//5058 5066//5066 5065//5065
f 5058//5058 5059//5059 5067//5067 5066//5066
f 5059//5059 5060//5060 5068//5068 5067//5067
f 5060//5060 5061//5061 5069//5069 5068//5068
f 5061//5061 5062//5062 5070//5070 5069//5069
f 5062//5062 5063//5063 5071//5071 5070//5070
f 5063//5063 5064//5064 5072//5072 5071//5071
f 5064//5064 5057//5057 5065//5065 5072//5072
f 5065//5065 5066//5066 5074//5074 5073//5073
f 5066//5066 5067//5067 5075//5075 5074//5074
f 5067//5067 5068//5068 5076//5076 5075//5075
f 5068//5068 5069//5069 5077//5077 5076//5076
f 5069//5069 5070//5070 5078//5078 5077//5077
f 5070//5070 5071//5071 5079//5079 5078//5078
f 5071//5071 5072//5072 5080//5080 5079//5079
f 5072//5072 5065//5065 5073//5073 5080//5080
f 5073//5073 5074//5074 5082//5082 5081//5081
f 5074//5074 5075//5075 5083//5083 5082//5082
f 5075//5075 5076//5076 5084//5084 5083//5083
f 5076//5076 5077//5077 5085//5085 5084//5084
f 5077//5077 5078//5078 5086//5086 5085//5085
f 5078//5078 5079//5079 5087//5087 5086//5086
f 5079//5079 5080//5080 5088//5088 5087//5087
f 5080//5080 5073//5073 5081//5081 5088//5088
f 5081//5081 5082//5082 5090//5090 5089//5089
f 5082//5082 5083//5083 5091//5091 5090//5090
f 5083//5083 5084//5084 5092//5092 5091//5091
f 5084//5084 5085//5085 5093//5093 5092//5092
f 5085//5085 5086//5086 5094//5094 5093//5093
f 5086//5086 5087//5087 5095//5095 5094//5094
f 5087//5087 5088//5088 5096//5096 5095//5095
f 5088//5088 5081//5081 5089//5089 5096//5096
f 5089//5089 5090//5090 5098//5098 5097//5097
f 5090//5090 5091//5091 5099//5099 5098//5098
f 5091//5091 5092//5092 5100//5100 5099//5099
f 5092//5092 5093//5093 5101//5101 5100//5100
f 5093//5093 5094//5094 5102//5102 5101//5101
f 5094//5094 5095//5095 5103//5103 5102//5102
f 5095//5095 5096//5096 5104//5104 5103//5103
f 5096//5096 5089//5089 5097//5097 5104//5104
f 5097//5097 5098//5098 5106//5106 5105//5105
f 5098//5098 5099//5099 5107//5107 5106//5106
f 5099//5099 5100//5100 5108//5108 5107//5107
f 5100//5100 5101//5101 5109//5109 5108//5108
f 5101//5101 5102//5102 5110//5110 5109//5109
f 5102//5102 5103//5103 5111//5111 5110//5110
f 5103//5103 5104//5104 5112//5112 5111//5111
f 5104//5104 5097//5097 5105//5105 5112//5112
f 5105//5105 5106//5106 5114//5114 5113//5113
f 5106//5106 5107//5107 5115//5115 5114//5114
f 5107//5107 5108//5108 5116//5116 5115//5115
f 5108//5108 5109//5109 5117//5117 5116//5116
f 5109//5109 5110//5110 5118//5118 5117//5117
f 5110//5110 5111//5111 5119//5119 5118//5118
f 5111//5111 5112//5112 5120//5120 5119//5119
f 5112//5112 5105//5105 5113//5113 5120//5120
f 5113//5113 5114//5114 5122//5122 5121//5121
f 5114//5114 5115//5115 5123//5123 5122//5122
f 5115//5115 5116//5116 5124//5124 5123//5123
f 5116//5116 5117//5117 5125//5125 5124//5124
f 5117//5117 5118//5118 5126//5126 5125//5125
f 5118//5118 5119//5119 5127//5127 5126//5126
f 5119//5119 5120//5120 5128//5128 5127//5127
f 5120//5120 5113//5113 5121//5121 5128//5128
f 5121//5121 5122//5122 5130//5130 5129//5129
f 5122//5122 5123//5123 5131//5131 5130//5130
f 5123//5123 5124//5124 5132//5132 5131//5131
f 5124//5124 5125//5125 5133//5133 5132//5132
f 5125//5125 5126//5126 5134//5134 5133//5133
f 5126//5126 5127//5127 5135//5135 5134//5134
f 5127//5127 5128//5128 5136//5136 5135//5135
f 5128//5128 5121//5121 5129//5129 5136//5136
f 5129//5129 5130//5130 5138//5138 5137//5137
f 5130//5130 5131//5131 5139//5139 5138//5138
f 5131//5131 5132//5132 5140//5140 5139//5139
f 5132//5132 5133//5133 5141//5141 5140//5140
f 5133//5133 5134//5134 5142//5142 5141//5141
f 5134//5134 5135//5135 5143//5143 5142//5142
f 5135//5135 5136//5136 5144//5144 5143//5143
f 5136//5136 5129//5129 5137//5137 5144//5144
f 5137//5137 5138//5138 5146//5146 5145//5145
f 5138//5138 5139//5139 5147//5147 5146//5146
f 5139//5139 5140//5140 5148//5148 5147//5147
f 5140//5140 5141//5141 5149//5149 5148//5148
f 5141//5141 5142//5142 5150//5150 5149//5149
f 5142//5142 5143//5143 5151//5151 5150//5150
f 5143//5143 5144//5144 5152//5152 5151//5151
f 5144//5144 5137//5137 5145//5145 5152//5152
f 5145//5145 5146//5146 5154//5154 5153//5153
f 5146//5146 5147//5147 5155//5155 5154//5154
f 5147//5147 5148//5148 5156//5156 5155//5155
f 5148//5148 5149//5149 5157//5157 5156//5156
f 5149//5149 5150//5150 5158//5158 5157//5157
f 5150//5150 5151//5151 5159//5159 5158//5158
f 5151//5151 5152//5152 5160//5160 5159//5159
f 5152//5152 5145//5145 5153//5153 5160//5160
f 5153//5153 5154//5154 5162//5162 5161//5161
f 5154//5154 5155//5155 5163//5163 5162//5162
f 5155//5155 5156//5156 5164//5164 5163//5163
f 5156//5156 5157//5157 5165//5165 5164//5164
f 5157//5157 5158//5158 5166//5166 5165//5165
f 5158//5158 5159//5159 5167//5167 5166//5166
f 5159//5159 5160//5160 5168//5168 5167//5167
f 5160//5160 5153//5153 5161//5161 5168//5168
f 5161//5161 5162//5162 5170//5170 5169//5169
f 5162//5162 5163//5163 5171//5171 5170//5170
f 5163//5163 5164//5164 5172//5172 5171//5171
f 5164//5164 5165//5165 5173//5173 5172//5172
f 5165//5165 5166//5166 5174//5174 5173//5173
f 5166//5166 5167//5167 5175//5175 5174//5174
f 5167//5167 5168//5168 5176//5176 5175//5175
f 5168//5168 5161//5161 5169//5169 5176//5176
f 5169//5169 5170//5170 5178//5178 5177//5177
f 5170//5170 5171//5171 5179//5179 5178//5178
f 5171//5171 5172//5172 5180//5180 5179//5179
f 5172//5172 5173//5173 5181//5181 5180//5180
f 5173//5173 5174//5174 5182//5182 5181//5181
f 5174//5174 5175//5175 5183//5183 5182//5182
f 5175//5175 5176//5176 5184//5184 5183//5183
f 5176//5176 5169//5169 5177//5177 5184//5184
f 5177//5177 5178//5178 5186//5186 5185//5185
f 5178//5178 5179//5179 5187//5187 5186//5186
f 5179//5179 5180//5180 5188//5188 5187//5187
f 5180//5180 5181//5181 5189//5189 5188//5188
f 5181//5181 5182//5182 5190//5190 5189//5189
f 5182//5182 5183//5183 5191//5191 5190//5190
f 5183//5183 5184//5184 5192//5192 5191//5191
f 5184//5184 5177//5177 5185//5185 5192//5192
f 5185//5185 5186//5186 5194//5194 5193//5193
f 5186//5186 5187//5187 5195//5195 5194//5194
f 5187//5187 5188//5188 5196//5196 5195//5195
f 5188//5188 5189//5189 5197//5197 5196//5196
f 5189//5189 5190//5190 5198//5198 5197//5197
f 5190//5190 5191//5191 5199//5199 5198//5198
f 5191//5191 5192//5192 5200//5200 5199//5199
f 5192//5192 5185//5185 5193//5193 5200//5200
f 5201//5201 5202//5202 5210//5210 5209//5209
f 5202//5202 5203//5203 5211//5211 5210//5210
f 5203//5203 5204//5204 5212//5212 5211//5211
f 5204//5204 5205//5205 5213//5213 5212//5212
f 5205//5205 5206//5206 5214//5214 5213//5213
f 5206//5206 5207//5207 5215//5215 5214//5214
f 5207//5207 5208//5208 5216//5216 5215//5215
f 5208//5208 5201//5201 5209//5209 5216//5216
f 5209//5209 5210//5210 5218//5218 5217//5217
f 5210//5210 5211//5211 5219//5219 5218//5218
f 5211//5211 5212//5212 5220//5220 5219//5219
f 5212//5212 5213//5213 5221//5221 5220//5220
f 5213//5213 5214//5214 5222//5222 5221//5221
f 5214//5214 5215//5215 5223//5223 5222//5222
f 5215//5215 5216//5216 5224//5224 5223//5223
f 5216//5216 5209//5209 5217//5217 5224//5224
f 5217//5217 5218//5218 5226//5226 5225//5225
f 5218//5218 5219//5219 5227//5227 5226//5226
f 5219//5219 5220//5220 5228//5228 5227//5227
f 5220//5220 5221//5221 5229//5229 5228//5228
f 5221//5221 5222//5222 5230//5230 5229//5229
f 5222//5222 5223//5223 5231//5231 5230//5230
f 5223//5223 5224//5224 5232//5232 5231//5231
f 5224//5224 5217//5217 5225//5225 5232//5232
f 5225//5225 5226//5226 5234//5234 5233//5233
f 5226//5226 5227//5227 5235//5235 5234//5234
f 5227//5227 5228//5228 5236//5236 5235//5235
f 5228//5228 5229//5229 5237//5237 5236//5236
f 5229//5229 5230//5230 5238//5238 5237//5237
f 5230//5230 5231//5231 5239//5239 5238//5238
f 5231//5231 5232//5232 5240//5240 5239//5239
f 5232//5232 5225//5225 5233//5233 5240//5240
f 5233//5233 5234//5234 5242//5242 5241//5241
f 5234//5234 5235//5235 5243//5243 5242//5242
f 5235//5235 5236//5236 5244//5244 5243//5243
f 5236//5236 5237//5237 5245//5245 5244//5244
f 5237//5237 5238//5238 5246//5246 5245//5245
f 5238//5238 5239//5239 5247//5247 5246//5246
f 5239//5239 5240//5240 5248//5248 5247//5247
f 5240//5240 5233//5233 5241//5241 5248//5248
f 5241//5241 5242//5242 5250//5250 5249//5249
f 5242//5242 5243//5243 5251//5251 5250//5250
f 5243//5243 5244//5244 5252//5252 5251//5251
f 5244//5244 5245//5245 5253//5253 5252//5252
f 5245//5245 5246//5246 5254//5254 5253//5253
f 5246//5246 5247//5247 5255//5255 5254//5254
f 5247//5247 5248//5248 5256//5256 5255//5255
f 5248//5248 5241//5241 5249//5249 5256//5256
f 5249//5249 5250//5250 5258//5258 5257//5257
f 5250//5250 5251//5251 5259//5259 5258//5258
f 5251//5251 5252//5252 5260//5260 5259//5259
f 5252//5252 5253//5253 5261//5261 5260//5260
f 5253//5253 5254//5254 5262//5262 5261//5261
f 5254//5254 5255//5255 5263//5263 5262//5262
f 5255//5255 5256//5256 5264//5264 5263//5263
f 5256//5256 5249//5249 5257//5257 5264//5264
f 5257//5257 5258//5258 5266//5266 5265//5265
f 5258//5258 5259//5259 5267//5267 5266//5266
f 5259//5259 5260//5260 5268//5268 5267//5267
f 5260//5260 5261//5261 5269//5269 5268//5268
f 5261//5261 5262//5262 5270//5270 5269//5269
f 5262//5262 5263//5263 5271//5271 5270//5270
f 5263//5263 5264//5264 5272//5272 5271//5271
f 5264//5264 5257//5257 5265//5265 5272//5272
f 5265//5265 5266//5266 5274//5274 5273//5273
f 5266//5266 5267//5267 5275//5275 5274//5274
f 5267//5267 5268//5268 5276//5276 5275//5275
f 5268//5268 5269//5269 5277//5277 5276//5276
f 5269//5269 5270//5270 5278//5278 5277//5277
f 5270//5270 5271//5271 5279//5279 5278//5278
f 5271//5271 5272//5272 5280//5280 5279//5279
f 5272//5272 5265//5265 5273//5273 5280//5280
f 5273//5273 5274//5274 5282//5282 5281//5281
f 5274//5274 5275//5275 5283//5283 5282//5282
f 5275//5275 5276//5276 5284//5284 5283//5283
f 5276//5276 5277//5277 5285//5285 5284//5284
f 5277//5277 5278//5278 5286//5286 5285//5285
f 5278//5278 5279//5279 5287//5287 5286//5286
f 5279//5279 5280//5280 5288//5288 5287//5287
f 5280//5280 5273//5273 5281//5281 5288//5288
f 5281//5281 5282//5282 5290//5290 5289//5289
f 5282//5282 5283//5283 5291//5291 5290//5290
f 5283//5283 5284//5284 5292//5292 5291//5291
f 5284//5284 5285//5285 5293//5293 5292//5292
f 5285//5285 5286//5286 5294//5294 5293//5293
f 5286//5286 5287//5287 5295//5295 5294//5294
f 5287//5287 5288//5288 5296//5296 5295//5295
f 5288//5288 5281//5281 5289//5289 5296//5296
f 5289//5289 5290//5290 5298//5298 5297//5297
f 5290//5290 5291//5291 5299//5299 5298//5298
f 5291//5291 5292//5292 5300//5300 5299//5299
f 5292//5292 5293//5293 5301//5301 5300//5300
f 5293//5293 5294//5294 5302//5302 5301//5301
f 5294//5294 5295//5295 5303//5303 5302//5302
f 5295//5295 5296//5296 5304//5304 5303//5303
f 5296//5296 5289//5289 5297//5297 5304//5304
f 5297//5297 5298//5298 5306//5306 5305//5305
f 5298//5298 5299//5299 5307//5307 5306//5306
f 5299//5299 5300//5300 5308//5308 5307//5307
f 5300//5300 5301//5301 5309//5309 5308//5308
f 5301//5301 5302//5302 5310//5310 5309//5309
f 5302//5302 5303//5303 5311//5311 5310//5310
f 5303//5303 5304//5304 5312//5312 5311//5311
f 5304//5304 5297//5297 5305//5305 5312//5312
f 5305//5305 5306//5306 5314//5314 5313//5313
f 5306//5306 5307//5307 5315//5315 5314//5314
f 5307//5307 5308//5308 5316//5316 5315//5315
f 5308//5308 5309//5309 5317//5317 5316//5316
f 5309//5309 5310//5310 5318//5318 5317//5317
f 5310//5310 5311//5311 5319//5319 5318//5318
f 5311//5311 5312//5312 5320//5320 5319//5319
f 5312//5312 5305//5305 5313//5313 5320//5320
f 5313//5313 5314//5314 5322//5322 5321//5321
f 5314//5314 5315//5315 5323//5323 5322//5322
f 5315//5315 5316//5316 5324//5324 5323//5323
f 5316//5316 5317//5317 5325//5325 5324//5324
f 5317//5317 5318//5318 5326//5326 5325//5325
f 5318//5318 5319//5319 5327//5327 5326//5326
f 5319//5319 5320//5320 5328//5328 5327//5327
f 5320//5320 5313//5313 5321//5321 5328//5328
f 5321//5321 5322//5322 5330//5330 5329//5329
f 5322//5322 5323//5323 5331//5331 5330//5330
f 5323//5323 5324//5324 5332//5332 5331//5331
f 5324//5324 5325//5325 5333//5333 5332//5332
f 5325//5325 5326//5326 5334//5334 5333//5333
f 5326//5326 5327//5327 5335//5335 5334//5334
f 5327//5327 5328//5328 5336//5336 5335//5335
f 5328//5328 5321//5321 5329//5329 5336//5336
f 5329//5329 5330//5330 5338//5338 5337//5337
f 5330//5330 5331//5331 5339//5339 5338//5338
f 5331//5331 5332//5332 5340//5340 5339//5339
f 5332//5332 5333//5333 5341//5341 5340//5340
f 5333//5333 5334//5334 5342//5342 5341//5341
f 5334//5334 5335//5335 5343//5343 5342//5342
f 5335//5335 5336//5336 5344//5344 5343//5343
f 5336//5336 5329//5329 5337//5337 5344//5344
f 5337//5337 5338//5338 5346//5346 5345//5345
f 5338//5338 5339//5339 5347//5347 5346//5346
f 5339//5339 5340//5340 5348//5348 5347//5347
f 5340//5340 5341//5341 5349//5349 5348//5348
f 5341//5341 5342//5342 5350//5350 5349//5349
f 5342//5342 5343//5343 5351//5351 5350//5350
f 5343//5343 5344//5344 5352//5352 5351//5351
f 5344//5344 5337//5337 5345//5345 5352//5352
f 5345//5345 5346//5346 5354//5354 5353//5353
f 5346//5346 5347//5347 5355//5355 5354//5354
f 5347//5347 5348//5348 5356//5356 5355//5355
f 5348//5348 5349//5349 5357//5357 5356//5356
f 5349//5349 5350//5350 5358//5358 5357//5357
f 5350//5350 5351//5351 5359//5359 5358//5358
f 5351//5351 5352//5352 5360//5360 5359//5359
f 5352//5352 5345//5345 5353//5353 5360//5360
f 5353//5353 5354//5354 5362//5362 5361//5361
f 5354//5354 5355//5355 5363//5363 5362//5362
f 5355//5355 5356//5356 5364//5364 5363//5363
f 5356//5356 5357//5357 5365//5365 5364//5364
f 5357//5357 5358//5358 5366//5366 5365//5365
f 5358//5358 5359//5359 5367//5367 5366//5366
f 5359//5359 5360//5360 5368//5368 5367//5367
f 5360//5360 5353//5353 5361//5361 5368//5368
f 5361//5361 5362//5362 5370//5370 5369//5369
f 5362//5362 5363//5363 5371//5371 5370//5370
f 5363//5363 5364//5364 5372//5372 5371//5371
f 5364//5364 5365//5365 5373//5373 5372//5372
f 5365//5365 5366//5366 5374//5374 5373//5373
f 5366//5366 5367//5367 5375//5375 5374//5374
f 5367//5367 5368//5368 5376//5376 5375//5375
f 5368//5368 5361//5361 5369//5369 5376//5376
f 5369//5369 5370//5370 5378//5378 5377//5377
f 5370//5370 5371//5371 5379//5379 5378//5378
f 5371//5371 5372//5372 5380//5380 5379//5379
f 5372//5372 5373//5373 5381//5381 5380//5380
f 5373//5373 5374//5374 5382//5382 5381//5381
f 5374//5374 5375//5375 5383//5383 5382//5382
f 5375//5375 5376//5376 5384//5384 5383//5383
f 5376//5376 5369//5369 5377//5377 5384//5384
f 5385//5385 5386//5386 5394//5394 5393//5393
f 5386//5386 5387//5387 5395//5395 5394//5394
f 5387//5387 5388//5388 5396//5396 5395//5395
f 5388//5388 5389//5389 5397//5397 5396//5396
f 5389//5389 5390//5390 5398//5398 5397//5397
f 5390//5390 5391//5391 5399//5399 5398//5398
f 5391//5391 5392//5392 5400//5400 5399//5399
f 5392//5392 5385//5385 5393//5393 5400//5400
f 5393//5393 5394//5394 5402//5402 5401//5401
f 5394//5394 5395//5395 5403//5403 5402//5402
f 5395//5395 5396//5396 5404//5404 5403//5403
f 5396//5396 5397//5397 5405//5405 5404//5404
f 5397//5397 5398//5398 5406//5406 5405//5405
f 5398//5398 5399//5399 5407//5407 5406//5406
f 5399//5399 5400//5400 5408//5408 5407//5407
f 5400//5400 5393//5393 5401//5401 5408//5408
f 5401//5401 5402//5402 5410//5410 5409//5409
f 5402//5402 5403//5403 5411//5411 5410//5410
f 5403//5403 5404//5404 5412//5412 5411//5411
f 5404//5404 5405//5405 5413//5413 5412//5412
f 5405//5405 5406//5406 5414//5414 5413//5413
f 5406//5406 5407//5407 5415//5415 5414//5414
f 5407//5407 5408//5408 5416//5416 5415//5415
f 5408//5408 5401//5401 5409//5409 5416//5416
f 5409//5409 5410//5410 5418//5418 5417//5417
f 5410//5410 5411//5411 5419//5419 5418//5418
f 5411//5411 5412//5412 5420//5420 5419//5419
f 5412//5412 5413//5413 5421//5421 5420//5420
f 5413//5413 5414//5414 5422//5422 5421//5421
f 5414//5414 5415//5415 5423//5423 5422//5422
f 5415//5415 5416//5416 5424//5424 5423//5423
f 5416//5416 5409//5409 5417//5417 5424//5424
f 5417//5417 5418//5418 5426//5426 5425//5425
f 5418//5418 5419//5419 5427//5427 5426//5426
f 5419//5419 5420//5420 5428//5428 5427//5427
f 5420//5420 5421//5421 5429//5429 5428//5428
f 5421//5421 5422//5422 5430//5430 5429//5429
f 5422//5422 5423//5423 5431//5431 5430//5430
f 5423//5423 5424//5424 5432//5432 5431//5431
f 5424//5424 5417//5417 5425//5425 5432//5432
f 5425//5425 5426//5426 5434//5434 5433//5433
f 5426//5426 5427//5427 5435//5435 5434//5434
f 5427//5427 5428//5428 5436//5436 5435//5435
f 5428//5428 5429//5429 5437//5437 5436//5436
f 5429//5429 5430//5430 5438//5438 5437//5437
f 5430//5430 5431//5431 5439//5439 5438//5438
f 5431//5431 5432//5432 5440//5440 5439//5439
f 5432//5432 5425//5425 5433//5433 5440//5440
f 5433//5433 5434//5434 5442//5442 5441//5441
f 5434//5434 5435//5435 5443//5443 5442//5442
f 5435//5435 5436//5436 5444//5444 5443//5443
f 5436//5436 5437//5437 5445//5445 5444//5444
f 5437//5437 5438//5438 5446//5446 5445//5445
f 5438//5438 5439//5439 5447//5447 5446//5446
f 5439//5439 5440//5440 5448//5448 5447//5447
f 5440//5440 5433//5433 5441//5441 5448//5448
f 5441//5441 5442//5442 5450//5450 5449//5449
f 5442//5442 5443//5443 5451//5451 5450//5450
f 5443//5443 5444//5444 5452//5452 5451//5451
f 5444//5444 5445//5445 5453//5453 5452//5452
f 5445//5445 5446//5446 5454//5454 5453//5453
f 5446//5446 5447//5447 5455//5455 5454//5454
f 5447//5447 5448//5448 5456//5456 5455//5455
f 5448//5448 5441//5441 5449//5449 5456//5456
f 5449//5449 5450//5450 5458//5458 5457//5457
f 5450//5450 5451//5451 5459//5459 5458//5458
f 5451//5451 5452//5452 5460//5460 5459//5459
f 5452//5452 5453//5453 5461//5461 5460//5460
f 5453//5453 5454//5454 5462//5462 5461//5461
f 5454//5454 5455//5455 5463//5463 5462//5462
f 5455//5455 5456//5456 5464//5464 5463//5463
f 5456//5456 5449//5449 5457//5457 5464//5464
f 5457//5457 5458//5458 5466//5466 5465//5465
f 5458//5458 5459//5459 5467//5467 5466//5466
f 5459//5459 5460//5460 5468//5468 5467//5467
f 5460//5460 5461//5461 5469//5469 5468//5468
f 5461//5461 5462//5462 5470//5470 5469//5469
f 5462//5462 5463//5463 5471//5471 5470//5470
f 5463//5463 5464//5464 5472//5472 5471//5471
f 5464//5464 5457//5457 5465//5465 5472//5472
f 5465//5465 5466//5466 5474//5474 5473//5473
f 5466//5466 5467//5467 5475//5475 5474//5474
f 5467//5467 5468//5468 5476//5476 5475//5475
f 5468//5468 5469//5469 5477//5477 5476//5476
f 5469//5469 5470//5470 5478//5478 5477//5477
f 5470//5470 5471//5471 5479//5479 5478//5478
f 5471//5471 5472//5472 5480//5480 5479//5479
f 5472//5472 5465//5465 5473//5473 5480//5480
f 5473//5473 5474//5474 5482//5482 5481//5481
f 5474//5474 5475//5475 5483//5483 5482//5482
f 5475//5475 5476//5476 5484//5484 5483//5483
f 5476//5476 5477//5477 5485//5485 5484//5484
f 5477//5477 5478//5478 5486//5486 5485//5485
f 5478//5478 5479//5479 5487//5487 5486//5486
f 5479//5479 5480//5480 5488//5488 5487//5487
f 5480//5480 5473//5473 5481//5481 5488//5488
f 5481//5481 5482//5482 5490//5490 5489//5489
f 5482//5482 5483//5483 5491//5491 5490//5490
f 5483//5483 5484//5484 5492//5492 5491//5491
f 5484//5484 5485//5485 5493//5493 5492//5492
f 5485//5485 5486//5486 5494//5494 5493//5493
f 5486//5486 5487//5487 5495//5495 5494//5494
f 5487//5487 5488//5488 5496//5496 5495//5495
f 5488//5488 5481//5481 5489//5489 5496//5496
f 5489//5489 5490//5490 5498//5498 5497//5497
f 5490//5490 5491//5491 5499//5499 5498//5498
f 5491//5491 5492//5492 5500//5500 5499//5499
f 5492//5492 5493//5493 5501//5501 5500//5500
f 5493//5493 5494//5494 5502//5502 5501//5501
f 5494//5494 5495//5495 5503//5503 5502//5502
f 5495//5495 5496//5496 5504//5504 5503//5503
f 5496//5496 5489//5489 5497//5497 5504//5504
f 5497//5497 5498//5498 5506//5506 5505//5505
f 5498//5498 5499//5499 5507//5507 5506//5506
f 5499//5499 5500//5500 5508//5508 5507//5507
f 5500//5500 5501//5501 5509//5509 5508//5508
f 5501//5501 5502//5502 5510//5510 5509//5509
f 5502//5502 5503//5503 5511//5511 5510//5510
f 5503//5503 5504//5504 5512//5512 5511//5511
f 5504//5504 5497//5497 5505//5505 5512//5512
f 5505//5505 5506//5506 5514//5514 5513//5513
f 5506//5506 5507//5507 5515//5515 5514//5514
f 5507//5507 5508//5508 5516//5516 5515//5515
f 5508//5508 5509//5509 5517//5517 5516//5516
f 5509//5509 5510//5510 5518//5518 5517//5517
f 5510//5510 5511//5511 5519//5519 5518//5518
f 5511//5511 5512//5512 5520//5520 5519//5519
f 5512//5512 5505//5505 5513//5513 5520//5520
f 5521//5521 5522//5522 5530//5530 5529//5529
f 5522//5522 5523//5523 5531//5531 5530//5530
f 5523//5523 5524//5524 5532//5532 5531//5531
f 5524//5524 5525//5525 5533//5533 5532//5532
f 5525//5525 5526//5526 5534//5534 5533//5533
f 5526//5526 5527//5527 5535//5535 5534//5534
f 5527//5527 5528//5528 5536//5536 5535//5535
f 5528//5528 5521//5521 5529//5529 5536//5536
f 5529//5529 5530//5530 5538//5538 5537//5537
f 5530//5530 5531//5531 5539//5539 5538//5538
f 5531//5531 5532//5532 5540//5540 5539//5539
f 5532//5532 5533//5533 5541//5541 5540//5540
f 5533//5533 5534//5534 5542//5542 5541//5541
f 5534//5534 5535//5535 5543//5543 5542//5542
f 5535//5535 5536//5536 5544//5544 5543//5543
f 5536//5536 5529//5529 5537//5537 5544//5544
f 5537//5537 5538//5538 5546//5546 5545//5545
f 5538//5538 5539//5539 5547//5547 5546//5546
f 5539//5539 5540//5540 5548//5548 5547//5547
f 5540//5540 5541//5541 5549//5549 5548//5548
f 5541//5541 5542//5542 5550//5550 5549//5549
f 5542//5542 5543//5543 5551//5551 5550//5550
f 5543//5543 5544//5544 5552//5552 5551//5551
f 5544//5544 5537//5537 5545//5545 5552//5552
f 5545//5545 5546//5546 5554//5554 5553//5553
f 5546//5546 5547//5547 5555//5555 5554//5554
f 5547//5547 5548//5548 5556//5556 5555//5555
f 5548//5548 5549//5549 5557//5557 5556//5556
f 5549//5549 5550//5550 5558//5558 5557//5557
f 5550//5550 5551//5551 5559//5559 5558//5558
f 5551//5551 5552//5552 5560//5560 5559//5559
f 5552//5552 5545//5545 5553//5553 5560//5560
f 5553//5553 5554//5554 5562//5562 5561//5561
f 5554//5554 5555//5555 5563//5563 5562//5562
f 5555//5555 5556//5556 5564//5564 5563//5563
f 5556//5556 5557//5557 5565//5565 5564//5564
f 5557//5557 5558//5558 5566//5566 5565//5565
f 5558//5558 5559//5559 5567//5567 5566//5566
f 5559//5559 5560//5560 5568//5568 5567//5567
f 5560//5560 5553//5553 5561//5561 5568//5568
f 5561//5561 5562//5562 5570//5570 5569//5569
f 5562//5562 5563//5563 5571//5571 5570//5570
f 5563//5563 5564//5564 5572//5572 5571//5571
f 5564//5564 5565//5565 5573//5573 5572//5572
f 5565//5565 5566//5566 5574//5574 5573//5573
f 5566//5566 5567//5567 5575//5575 5574//5574
f 5567//5567 5568//5568 5576//5576 5575//5575
f 5568//5568 5561//5561 5569//5569 5576//5576
f 5569//5569 5570//5570 5578//5578 5577//5577
f 5570//5570 5571//5571 5579//5579 5578//5578
f 5571//5571 5572//5572 5580//5580 5579//5579
f 5572//5572 5573//5573 5581//5581 5580//5580
f 5573//5573 5574//5574 5582//5582 5581//5581
f 5574//5574 5575//5575 5583//5583 5582//5582
f 5575//5575 5576//5576 5584//5584 5583//5583
f 5576//5576 5569//5569 5577//5577 5584//5584
f 5577//5577 5578//5578 5586//5586 5585//5585
f 5578//5578 5579//5579 5587//5587 5586//5586
f 5579//5579 5580//5580 5588//5588 5587//5587
f 5580//5580 5581//5581 5589//5589 5588//5588
f 5581//5581 5582//5582 5590//5590 5589//5589
f 5582//5582 5583//5583 5591//5591 5590//5590
f 5583//5583 5584//5584 5592//5592 5591//5591
f 5584//5584 5577//5577 5585//5585 5592//5592
f 5585//5585 5586//5586 5594//5594 5593//5593
f 5586//5586 5587//5587 5595//5595 5594//5594
f 5587//5587 5588//5588 5596//5596 5595//5595
f 5588//5588 5589//5589 5597//5597 5596//5596
f 5589//5589 5590//5590 5598//5598 5597//5597
f 5590//5590 5591//5591 5599//5599 5598//5598
f 5591//5591 5592//5592 5600//5600 5599//5599
f 5592//5592 5585//5585 5593//5593 5600//5600
f 5601//5601 5602//5602 5610//5610 5609//5609
f 5602//5602 5603//5603 5611//5611 5610//5610
f 5603//5603 5604//5604 5612//5612 5611//5611
f 5604//5604 5605//5605 5613//5613 5612//5612
f 5605//5605 5606//5606 5614//5614 5613//5613
f 5606//5606 5607//5607 5615//5615 5614//5614
f 5607//5607 5608//5608 5616//5616 5615//5615
f 5608//5608 5601//5601 5609//5609 5616//5616
f 5609//5609 5610//5610 5618//5618 5617//5617
f 5610//5610 5611//5611 5619//5619 5618//5618
f 5611//5611 5612//5612 5620//5620 5619//5619
f 5612//5612 5613//5613 5621//5621 5620//5620
f 5613//5613 5614//5614 5622//5622 5621//5621
f 5614//5614 5615//5615 5623//5623 5622//5622
f 5615//5615 5616//5616 5624//5624 5623//5623
f 5616//5616 5609//5609 5617//5617 5624//5624
f 5617//5617 5618//5618 5626//5626 5625//5625
f 5618//5618 5619//5619 5627//5627 5626//5626
f 5619//5619 5620//5620 5628//5628 5627//5627
f 5620//5620 5621//5621 5629//5629 5628//5628
f 5621//5621 5622//5622 5630//5630 5629//5629
f 5622//5622 5623//5623 5631//5631 5630//5630
f 5623//5623 5624//5624 5632//5632 5631//5631
f 5624//5624 5617//5617 5625//5625 5632//5632
